# File generated by ImageToStl.com - Free Image and 3D model conversion tools

mtllib link7.mtl

o obj1
v -0.00773901 -0.0003451 -0.00224823
v -0.00731432 -0.00017066 -0.00934565
v -0.00735903 -0.00017066 -0.00224578
v -0.00697893 7.898E-05 -0.00934356
v -0.00702363 7.898E-05 -0.0022437
v -0.00670278 0.0003929 -0.00934184
v -0.00674748 0.0003929 -0.00224197
v -0.00649792 0.00075738 -0.00934052
v -0.00654256 0.00075738 -0.00224066
v -0.00637329 0.00115645 -0.00933975
v -0.00641799 0.00115645 -0.00223988
v -0.00633436 0.00157279 -0.00933951
v -0.00637907 0.00157279 -0.00223964
v -0.00638282 0.00198805 -0.00933981
v -0.00642753 0.00198805 -0.00223994
v -0.00651664 0.00238418 -0.00934064
v -0.00656128 0.00238418 -0.00224078
v -0.00672984 0.00274384 -0.00934201
v -0.00677448 0.00274384 -0.00224215
v -0.00701314 0.00305134 -0.0093438
v -0.00705784 0.00305134 -0.00224394
v -0.0073542 0.00329322 -0.00934595
v -0.0073989 0.00329322 -0.00224608
v -0.00773811 0.00345886 -0.00934833
v -0.00778276 0.00345886 -0.00224847
v -0.00814801 0.00354105 -0.0093509
v -0.00819272 0.00354105 -0.00225109
v -0.00856614 0.00353622 -0.00935358
v -0.00861078 0.00353622 -0.00225371
v -0.00897408 0.00344461 -0.00935614
v -0.00901872 0.00344461 -0.00225627
v -0.00935405 0.00327015 -0.00935852
v -0.0093987 0.00327015 -0.00225866
v -0.00968945 0.00302052 -0.00936061
v -0.00973415 0.00302052 -0.00226074
v -0.0099656 0.00270665 -0.00936234
v -0.0100103 0.00270665 -0.00226247
v -0.01017051 0.00234216 -0.00936365
v -0.01021516 0.00234216 -0.00226378
v -0.01029509 0.00194305 -0.00936443
v -0.01033979 0.00194305 -0.00226456
v -0.01033401 0.00152671 -0.00936466
v -0.01037871 0.00152671 -0.0022648
v -0.01028555 0.00111145 -0.00936437
v -0.0103302 0.00111145 -0.0022645
v -0.01015174 0.00071533 -0.00936353
v -0.01019644 0.00071533 -0.00226367
v -0.00993854 0.00035566 -0.00936216
v -0.00998324 0.00035566 -0.00226235
v -0.00965524 4.818E-05 -0.00936043
v -0.00969994 4.818E-05 -0.00226056
v -0.00931418 -0.00019367 -0.00935829
v -0.00935888 -0.00019367 -0.00225842
v -0.00893026 -0.00035932 -0.00935584
v -0.00897497 -0.00035932 -0.00225598
v -0.00852036 -0.00044154 -0.00935328
v -0.00856501 -0.00044154 -0.00225341
v -0.00810224 -0.00043673 -0.00935066
v -0.00814694 -0.00043673 -0.00225079
v -0.0076943 -0.0003451 -0.00934803
v -0.00955266 0.00287348 -0.00955975
v -0.00925082 0.00309813 -0.00955784
v -0.00833291 0.00154972 -0.00955206
v -0.00890881 0.00325513 -0.0095557
v -0.00854164 0.00333762 -0.00955337
v -0.01009774 0.00190371 -0.00956321
v -0.00998562 0.00226289 -0.00956249
v -0.00980121 0.00259095 -0.0095613
v -0.00996876 0.00079878 -0.00956237
v -0.01008915 0.00115526 -0.00956315
v -0.01013278 0.00152904 -0.00956339
v -0.00921494 -1.932E-05 -0.00955766
v -0.0095219 0.00019834 -0.00955957
v -0.00977689 0.00047507 -0.00956118
v -0.00812417 -0.00023808 -0.00955075
v -0.00850046 -0.00024241 -0.00955313
v -0.00886941 -0.00016842 -0.00955546
v -0.00711322 0.00022606 -0.00954443
v -0.00741506 1.39E-06 -0.00954634
v -0.00775707 -0.00015561 -0.00954849
v -0.00656813 0.00119579 -0.00954098
v -0.00668025 0.00083662 -0.00954169
v -0.00686467 0.00050859 -0.00954282
v -0.00669712 0.00230074 -0.00954181
v -0.00657672 0.00194424 -0.00954103
v -0.00653309 0.00157046 -0.00954074
v -0.00745094 0.00311887 -0.00954652
v -0.00714397 0.0029012 -0.00954461
v -0.00688898 0.00262445 -0.009543
v -0.00816542 0.00334191 -0.00955105
v -0.00779647 0.00326794 -0.00954872
v -0.00821262 0.00334191 -0.00205117
v -0.00858885 0.00333762 -0.00205356
v -0.00838012 0.00154972 -0.00205225
v -0.00895602 0.00325513 -0.00205588
v -0.00929803 0.00309813 -0.00205803
v -0.00719118 0.0029012 -0.00204474
v -0.00749814 0.00311887 -0.0020467
v -0.00784367 0.00326794 -0.00204885
v -0.00662392 0.00194424 -0.00204116
v -0.00674432 0.00230074 -0.00204194
v -0.00693619 0.00262445 -0.00204313
v -0.00672746 0.00083662 -0.00204182
v -0.00661534 0.00119579 -0.0020411
v -0.00658029 0.00157046 -0.00204092
v -0.00746226 1.39E-06 -0.00204646
v -0.00716042 0.00022606 -0.00204456
v -0.00691187 0.00050859 -0.00204301
v -0.00854766 -0.00024241 -0.00205326
v -0.00817138 -0.00023808 -0.00205094
v -0.00780427 -0.00015561 -0.00204861
v -0.00956911 0.00019834 -0.0020597
v -0.00926214 -1.932E-05 -0.00205779
v -0.00891662 -0.00016842 -0.00205558
v -0.01013636 0.00115526 -0.00206327
v -0.01001596 0.00079878 -0.00206256
v -0.0098241 0.00047507 -0.00206131
v -0.01003283 0.00226289 -0.00206262
v -0.01014494 0.00190371 -0.00206333
v -0.01017999 0.00152904 -0.00206357
v -0.00959986 0.00287348 -0.00205994
v -0.00984841 0.00259095 -0.00206149
v 0.0031842 -0.00995535 -0.00217944
v 0.00360888 -0.00978088 -0.00927693
v 0.00356418 -0.00978088 -0.00217706
v 0.00394428 -0.00953126 -0.00927478
v 0.00389957 -0.00953126 -0.00217497
v 0.00422043 -0.00921732 -0.00927305
v 0.00417578 -0.00921732 -0.00217318
v 0.00442535 -0.00885284 -0.0092718
v 0.00438064 -0.00885284 -0.00217193
v 0.00454992 -0.00845373 -0.00927097
v 0.00450528 -0.00845373 -0.00217116
v 0.00458884 -0.00803745 -0.00927073
v 0.00454414 -0.00803745 -0.00217086
v 0.00454038 -0.00762218 -0.00927102
v 0.00449568 -0.00762218 -0.00217122
v 0.00440657 -0.00722605 -0.00927192
v 0.00436193 -0.00722605 -0.00217205
v 0.00419336 -0.00686634 -0.00927323
v 0.00414872 -0.00686634 -0.00217336
v 0.00391006 -0.0065589 -0.00927502
v 0.00386536 -0.0065589 -0.00217515
v 0.00356901 -0.00631702 -0.00927716
v 0.0035243 -0.00631702 -0.0021773
v 0.00318509 -0.00615138 -0.00927961
v 0.00314045 -0.00615138 -0.00217974
v 0.00277519 -0.00606912 -0.00928217
v 0.00273049 -0.00606912 -0.0021823
v 0.00235712 -0.00607395 -0.00928479
v 0.00231242 -0.00607395 -0.00218493
v 0.00194913 -0.00616562 -0.00928736
v 0.00190449 -0.00616562 -0.00218749
v 0.00156915 -0.00634003 -0.00928974
v 0.00152451 -0.00634003 -0.00218987
v 0.00123376 -0.00658965 -0.00929189
v 0.00118911 -0.00658965 -0.00219202
v 0.00095763 -0.00690359 -0.00929362
v 0.00091294 -0.00690359 -0.00219375
v 0.00075276 -0.00726807 -0.00929487
v 0.00070807 -0.00726807 -0.00219506
v 0.00062814 -0.00766718 -0.0092957
v 0.00058345 -0.00766718 -0.00219584
v 0.00058922 -0.00808346 -0.00929594
v 0.00054454 -0.00808346 -0.00219607
v 0.00063771 -0.00849879 -0.00929564
v 0.00059302 -0.00849879 -0.00219578
v 0.00077148 -0.00889492 -0.00929475
v 0.00072679 -0.00889492 -0.00219494
v 0.00098468 -0.00925457 -0.00929344
v 0.00094 -0.00925457 -0.00219357
v 0.00126797 -0.00956208 -0.00929165
v 0.00122327 -0.00956208 -0.00219178
v 0.00160903 -0.00980389 -0.0092895
v 0.00156432 -0.00980389 -0.00218964
v 0.00199294 -0.00996959 -0.00928712
v 0.00194824 -0.00996959 -0.00218725
v 0.0024029 -0.01005178 -0.0092845
v 0.0023582 -0.01005178 -0.00218463
v 0.00282097 -0.01004695 -0.00928187
v 0.00277626 -0.01004695 -0.00218201
v 0.0032289 -0.00995535 -0.00927931
v 0.00137055 -0.00673676 -0.00949103
v 0.00167245 -0.0065121 -0.00948912
v 0.0025903 -0.00806045 -0.00948334
v 0.0020144 -0.00635511 -0.00948697
v 0.00238156 -0.00627261 -0.00948465
v 0.00082549 -0.00770652 -0.00949442
v 0.00093765 -0.00734728 -0.00949371
v 0.001122 -0.00701928 -0.00949258
v 0.0009545 -0.00881147 -0.00949365
v 0.0008341 -0.00845492 -0.00949436
v 0.00079047 -0.0080812 -0.00949466
v 0.00170827 -0.00962955 -0.00948888
v 0.00140136 -0.00941193 -0.00949079
v 0.00114638 -0.00913519 -0.0094924
v 0.00279903 -0.00984836 -0.00948203
v 0.00242275 -0.00985265 -0.00948441
v 0.0020538 -0.00977868 -0.00948673
v 0.00380999 -0.00938416 -0.00947565
v 0.00350815 -0.00960886 -0.00947756
v 0.00316614 -0.00976586 -0.0094797
v 0.00435513 -0.00841445 -0.00947225
v 0.00424296 -0.00877362 -0.00947291
v 0.00405854 -0.00910163 -0.0094741
v 0.00422609 -0.0073095 -0.00947302
v 0.00434649 -0.00766599 -0.00947225
v 0.00439012 -0.00803977 -0.00947201
v 0.00347227 -0.00649136 -0.00947779
v 0.00377923 -0.00670904 -0.00947583
v 0.00403422 -0.00698578 -0.00947422
v 0.00275785 -0.00626826 -0.00948226
v 0.00312674 -0.00634229 -0.00947994
v 0.00271064 -0.00626826 -0.00198245
v 0.00233436 -0.00627261 -0.00198477
v 0.00254309 -0.00806045 -0.00198346
v 0.00196719 -0.00635511 -0.0019871
v 0.00162524 -0.0065121 -0.00198925
v 0.00373202 -0.00670904 -0.00197601
v 0.00342506 -0.00649136 -0.00197792
v 0.00307953 -0.00634229 -0.00198012
v 0.00429928 -0.00766599 -0.00197244
v 0.00417888 -0.0073095 -0.00197321
v 0.00398701 -0.00698578 -0.0019744
v 0.00419575 -0.00877362 -0.00197309
v 0.00430792 -0.00841445 -0.00197238
v 0.00434291 -0.00803977 -0.00197214
v 0.00346094 -0.00960886 -0.00197768
v 0.00376278 -0.00938416 -0.00197577
v 0.00401133 -0.00910163 -0.00197422
v 0.00237554 -0.00985265 -0.00198454
v 0.00275183 -0.00984836 -0.00198215
v 0.00311893 -0.00976586 -0.00197983
v 0.00135416 -0.00941193 -0.00199097
v 0.00166106 -0.00962955 -0.00198901
v 0.00200659 -0.00977868 -0.00198686
v 0.0007869 -0.00845492 -0.00199455
v 0.00090729 -0.00881147 -0.00199378
v 0.00109917 -0.00913519 -0.00199258
v 0.00089044 -0.00734728 -0.00199389
v 0.00077829 -0.00770652 -0.00199461
v 0.00074326 -0.0080812 -0.00199479
v 0.00132334 -0.00673676 -0.00199115
v 0.00107479 -0.00701928 -0.0019927
v 0.00604516 0.00430977 -0.00216144
v 0.00646979 0.00448418 -0.00925892
v 0.00642514 0.00448418 -0.00215906
v 0.00680524 0.00473386 -0.00925678
v 0.00676054 0.00473386 -0.00215691
v 0.00708139 0.00504774 -0.00925505
v 0.00703668 0.00504774 -0.00215518
v 0.00728625 0.00541222 -0.0092538
v 0.00724155 0.00541222 -0.00215393
v 0.00741088 0.00581133 -0.00925296
v 0.00736618 0.00581133 -0.0021531
v 0.0074498 0.00622767 -0.00925273
v 0.0074051 0.00622767 -0.00215286
v 0.00740129 0.00664294 -0.00925302
v 0.00735664 0.00664294 -0.00215316
v 0.00726753 0.00703907 -0.00925392
v 0.00722283 0.00703907 -0.00215405
v 0.00705433 0.00739872 -0.00925523
v 0.00700962 0.00739872 -0.00215536
v 0.00677103 0.00770622 -0.00925702
v 0.00672632 0.00770622 -0.00215715
v 0.00642997 0.0079481 -0.00925916
v 0.00638527 0.0079481 -0.0021593
v 0.00604606 0.00811374 -0.00926155
v 0.00600135 0.00811374 -0.00216174
v 0.0056361 0.00819594 -0.00926417
v 0.00559145 0.00819594 -0.0021643
v 0.00521803 0.00819111 -0.00926679
v 0.00517333 0.00819111 -0.00216693
v 0.00481009 0.0080995 -0.00926936
v 0.00476539 0.0080995 -0.00216949
v 0.00443012 0.00792503 -0.00927174
v 0.00438541 0.00792503 -0.00217187
v 0.00409472 0.00767541 -0.00927389
v 0.00405002 0.00767541 -0.00217402
v 0.00381851 0.00736153 -0.00927561
v 0.00377387 0.00736153 -0.00217575
v 0.00361365 0.00699705 -0.00927687
v 0.00356901 0.00699705 -0.002177
v 0.00348908 0.00659794 -0.0092777
v 0.00344437 0.00659794 -0.00217783
v 0.00345016 0.0061816 -0.00927794
v 0.00340545 0.0061816 -0.00217807
v 0.00349861 0.00576633 -0.00927764
v 0.00345391 0.00576633 -0.00217777
v 0.00363237 0.0053702 -0.00927675
v 0.00358772 0.0053702 -0.00217688
v 0.00384557 0.00501054 -0.00927544
v 0.00380093 0.00501054 -0.00217557
v 0.00412893 0.00470304 -0.00927365
v 0.00408423 0.00470304 -0.00217378
v 0.00446999 0.00446117 -0.0092715
v 0.00442529 0.00446117 -0.00217164
v 0.00485384 0.00429553 -0.00926906
v 0.0048092 0.00429553 -0.00216919
v 0.0052638 0.00421333 -0.0092665
v 0.0052191 0.00421333 -0.00216663
v 0.00568187 0.0042181 -0.00926387
v 0.00563723 0.0042181 -0.00216401
v 0.00608981 0.00430977 -0.00926131
v 0.00423151 0.00752836 -0.00947302
v 0.00453335 0.00775301 -0.00947112
v 0.0054512 0.0062046 -0.00946534
v 0.00487536 0.00791001 -0.00946897
v 0.00524247 0.00799251 -0.00946665
v 0.00368643 0.0065586 -0.00947642
v 0.00379854 0.00691777 -0.00947571
v 0.00398296 0.00724584 -0.00947458
v 0.00381541 0.00545365 -0.00947565
v 0.00369501 0.00581014 -0.00947636
v 0.00365138 0.00618392 -0.00947666
v 0.00456923 0.00463551 -0.00947088
v 0.00426227 0.00485319 -0.00947279
v 0.00400728 0.00512993 -0.0094744
v 0.00565994 0.00441676 -0.00946402
v 0.00528371 0.00441247 -0.00946641
v 0.00491476 0.00448644 -0.00946867
v 0.00667095 0.0048809 -0.00945765
v 0.00636905 0.00465626 -0.00945956
v 0.0060271 0.00449926 -0.0094617
v 0.00721604 0.00585067 -0.00945419
v 0.00710386 0.0054915 -0.0094549
v 0.0069195 0.00516343 -0.0094561
v 0.00708705 0.00695562 -0.00945502
v 0.00720745 0.00659913 -0.00945425
v 0.00725108 0.00622535 -0.00945401
v 0.00633323 0.00777376 -0.00945979
v 0.00664014 0.00755608 -0.00945783
v 0.00689512 0.00727934 -0.00945622
v 0.00561875 0.0079968 -0.00946426
v 0.0059877 0.00792283 -0.00946194
v 0.00557154 0.0079968 -0.00196439
v 0.00519526 0.00799251 -0.00196677
v 0.005404 0.0062046 -0.00196546
v 0.00482816 0.00791001 -0.0019691
v 0.00448614 0.00775301 -0.00197124
v 0.00659293 0.00755608 -0.00195801
v 0.00628602 0.00777376 -0.00195992
v 0.0059405 0.00792283 -0.00196212
v 0.00716025 0.00659913 -0.00195444
v 0.00703984 0.00695562 -0.00195515
v 0.00684792 0.00727934 -0.0019564
v 0.00705665 0.0054915 -0.00195509
v 0.00716883 0.00585067 -0.00195438
v 0.00720388 0.00622535 -0.00195414
v 0.00632185 0.00465626 -0.00195968
v 0.00662374 0.0048809 -0.00195777
v 0.0068723 0.00516343 -0.00195622
v 0.00523651 0.00441247 -0.00196654
v 0.00561273 0.00441676 -0.00196415
v 0.0059799 0.00449926 -0.00196183
v 0.00421506 0.00485319 -0.00197297
v 0.00452202 0.00463551 -0.00197101
v 0.00486755 0.00448644 -0.00196886
v 0.0036478 0.00581014 -0.00197655
v 0.0037682 0.00545365 -0.00197577
v 0.00396007 0.00512993 -0.00197458
v 0.00375134 0.00691777 -0.00197589
v 0.00363922 0.0065586 -0.00197661
v 0.00360417 0.00618392 -0.00197679
v 0.0041843 0.00752836 -0.00197315
v 0.00393575 0.00724584 -0.0019747
v 0.00358075 -0.00913268 -0.00017694
v 0.00362843 -0.00909579 -0.00197667
v 0.00302297 -0.00948161 -0.00198048
v 0.00361711 -0.00909579 -0.00017671
v 0.00394207 -0.00857133 -0.00017467
v 0.00398528 -0.0084728 -0.0019744
v 0.0039739 -0.0084728 -0.00017447
v 0.00402403 -0.00790882 -0.00017415
v 0.00401169 -0.00775534 -0.00197422
v 0.00400036 -0.00775534 -0.0001743
v 0.00381046 -0.00727636 -0.0001755
v 0.00370169 -0.00710779 -0.00197619
v 0.00369036 -0.00710779 -0.00017625
v 0.00334364 -0.00679916 -0.00017844
v 0.00312626 -0.00667846 -0.00197983
v 0.00311494 -0.00667846 -0.00017988
v 0.002716 -0.00657183 -0.00018239
v 0.00241721 -0.00656575 -0.0019843
v 0.00240588 -0.00656575 -0.00018434
v 0.00206316 -0.0066393 -0.0019865
v 0.00205183 -0.0066393 -0.00018657
v 0.001737 -0.00679546 -0.00198853
v 0.00172567 -0.00679546 -0.00018862
v 0.00148278 -0.00698829 -0.00019015
v 0.0012415 -0.00731498 -0.00199169
v 0.00123018 -0.00731498 -0.00019174
v 0.00112146 -0.00754958 -0.00019242
v 0.00104409 -0.00800526 -0.00199294
v 0.00103277 -0.00800526 -0.00019298
v 0.00103944 -0.00821209 -0.00019294
v 0.00119018 -0.00870818 -0.00199199
v 0.0011788 -0.00870818 -0.00019206
v 0.00125301 -0.00884461 -0.0001916
v 0.0016461 -0.00926274 -0.00198913
v 0.00163478 -0.00926274 -0.00018919
v 0.00171989 -0.00932175 -0.00018866
v 0.00230759 -0.00954187 -0.00198495
v 0.00229627 -0.00954187 -0.00018503
v 0.00234753 -0.00954914 -0.00018471
v 0.00301164 -0.00948161 -0.00018052
v 0.00644165 0.00513244 -0.00015894
v 0.0064894 0.00516927 -0.00195867
v 0.00588393 0.00478345 -0.00196242
v 0.00647807 0.00516927 -0.00015871
v 0.00680298 0.00569373 -0.00015666
v 0.00684619 0.00579226 -0.0019564
v 0.00683486 0.00579226 -0.00015646
v 0.00688499 0.0063563 -0.00015615
v 0.00687265 0.00650972 -0.00195622
v 0.00686127 0.00650972 -0.0001563
v 0.00667137 0.00698876 -0.00015749
v 0.00656259 0.00715732 -0.00195819
v 0.00655126 0.00715732 -0.00015825
v 0.00620454 0.0074659 -0.00016043
v 0.00598717 0.0075866 -0.00196183
v 0.00597584 0.0075866 -0.00016187
v 0.00557691 0.00769329 -0.00016438
v 0.00527817 0.00769931 -0.00196624
v 0.00526684 0.00769931 -0.00016633
v 0.00492412 0.00762576 -0.0019685
v 0.00491279 0.00762576 -0.00016856
v 0.00459796 0.00746965 -0.00197053
v 0.00458664 0.00746965 -0.00017061
v 0.00434369 0.00727683 -0.00017214
v 0.00410241 0.00695014 -0.00197369
v 0.00409108 0.00695014 -0.00017373
v 0.00398236 0.00671548 -0.00017442
v 0.00390506 0.00625986 -0.00197488
v 0.00389373 0.00625986 -0.00017497
v 0.00390041 0.00605297 -0.00017493
v 0.00405109 0.00555694 -0.00197399
v 0.00403976 0.00555694 -0.00017405
v 0.00411397 0.00542051 -0.00017359
v 0.00450706 0.00500238 -0.00197112
v 0.00449574 0.00500238 -0.00017118
v 0.0045808 0.00494337 -0.00017065
v 0.0051685 0.00472325 -0.00196695
v 0.00515717 0.00472325 -0.00016702
v 0.00520843 0.00471598 -0.0001667
v 0.00587261 0.00478345 -0.00016252
v -0.00734252 0.00047758 -0.0002457
v -0.00729477 0.00051443 -0.00204539
v -0.00790024 0.00012862 -0.00204921
v -0.0073061 0.00051443 -0.00024547
v -0.00698119 0.00103885 -0.00024342
v -0.00693798 0.00113738 -0.00204313
v -0.0069493 0.00113738 -0.00024322
v -0.00689918 0.00170141 -0.00024291
v -0.00691152 0.00185484 -0.00204301
v -0.00692284 0.00185484 -0.00024306
v -0.00711274 0.00233388 -0.00024425
v -0.00722152 0.00250244 -0.00204492
v -0.00723284 0.00250244 -0.00024501
v -0.00757962 0.00281101 -0.00024719
v -0.00779694 0.00293171 -0.00204855
v -0.00780827 0.00293171 -0.00024863
v -0.00820726 0.00303841 -0.00025114
v -0.008506 0.00304443 -0.00205302
v -0.00851732 0.00304443 -0.00025309
v -0.00886005 0.00297087 -0.00205523
v -0.00887138 0.00297087 -0.00025532
v -0.00918621 0.00281477 -0.00205731
v -0.00919753 0.00281477 -0.00025737
v -0.00944042 0.00262195 -0.0002589
v -0.00968176 0.00229526 -0.00206041
v -0.00969309 0.00229526 -0.00026049
v -0.00980175 0.00206059 -0.00026118
v -0.00987911 0.00160497 -0.00206166
v -0.00989044 0.00160497 -0.00026173
v -0.00988376 0.00139809 -0.00026169
v -0.00973308 0.00090206 -0.00206077
v -0.0097444 0.00090206 -0.00026082
v -0.0096702 0.00076566 -0.00026035
v -0.00927711 0.00034751 -0.00205791
v -0.00928843 0.00034751 -0.00025795
v -0.00920331 0.00028849 -0.00025741
v -0.00861561 6.838E-05 -0.00205374
v -0.008627 6.838E-05 -0.00025378
v -0.00857568 6.113E-05 -0.00025346
v -0.00791156 0.00012862 -0.00024928
v -0.0049147 -0.00747609 -0.00503045
v -0.00462186 -0.00688463 -0.00502866
v -0.00294721 -0.00623995 -0.00501812
v -0.00438452 -0.01164102 -0.00502712
v -0.00627333 -0.01075524 -0.00503904
v -0.00689512 -0.00862861 -0.00504297
v 0.00315624 -0.00272304 -0.00497967
v 0.00376171 -0.0016923 -0.00497586
v 0.00447792 -0.00373244 -0.00497138
v -0.01055628 0.00169712 -0.00506598
v -0.01048243 0.00199449 -0.0050655
v -0.01033282 0.00252592 -0.00506461
v -0.0109983 0.00352222 -0.00506878
v 0.00690371 0.00999147 -0.00495607
v 0.00557023 0.00839967 -0.00496447
v 0.00471902 0.00828898 -0.00496983
v 0.00303203 0.00826019 -0.00498044
v 0.0054155 0.00120181 -0.00496548
v 0.00527555 0.00400954 -0.00496632
v 0.00612676 0.00412029 -0.00496095
v 0.01168429 0.00333506 -0.00492602
v 0.00687081 0.00454831 -0.0049563
v 0.00739443 0.00522846 -0.00495303
v 0.01093351 0.00528157 -0.00493073
v 0.00761789 0.00605726 -0.0049516
v 0.00986463 0.0070731 -0.00493747
v 0.0075072 0.00690848 -0.00495231
v 0.00850838 0.00865829 -0.00494599
v 0.00707918 0.00765258 -0.00495499
v 0.00639904 0.00817621 -0.00495928
v 0.00345135 0.00718081 -0.00497782
v 0.00322789 0.00635201 -0.00497925
v 0.00257236 0.00640303 -0.00498336
v 0.00333858 0.00550073 -0.00497854
v 0.00443995 0.00087239 -0.00497162
v 0.0037666 0.00475669 -0.00497586
v 0.00444674 0.00423306 -0.00497156
v -0.00670493 0.0029977 -0.00504178
v -0.00738513 0.00352132 -0.00504601
v -0.00673044 0.00496346 -0.0050419
v -0.00821388 0.00374478 -0.00505126
v -0.00906509 0.0036341 -0.00505662
v -0.0098092 0.00320607 -0.00506127
v -0.00638974 0.00057362 -0.00503975
v -0.00616622 0.00140238 -0.00503838
v -0.00434691 -0.00209492 -0.00502694
v -0.00933736 -0.0004218 -0.00505835
v -0.00850862 -0.00064528 -0.0050531
v -0.00861478 -0.00353616 -0.00505376
v -0.00765741 -0.00053459 -0.00504774
v -0.00691336 -0.00010657 -0.00504309
v -0.01242017 -0.00045239 -0.00507772
v -0.01044559 0.0008459 -0.00506532
v -0.01001757 0.00010183 -0.00506258
v -0.01218414 -0.00252521 -0.00507623
v 0.00089543 0.00397199 -0.00499392
v -0.00029369 0.0040946 -0.00500143
v 0.00121063 0.00594318 -0.00499195
v -0.00146914 0.00387716 -0.00500882
v -0.00485283 0.00389558 -0.0050301
v -0.00253576 0.00333744 -0.00501549
v 0.00405228 -0.00053274 -0.00497407
v 0.00400442 0.00066174 -0.00497436
v 0.00362194 0.00179434 -0.00497675
v 0.00293589 0.00277328 -0.00498104
v 0.00200182 0.00351936 -0.00498694
v 0.00583964 -0.00327259 -0.0049628
v -0.00158548 -0.0057801 -0.00500953
v -0.0022527 -0.00372338 -0.0050137
v -0.00114632 -0.00417602 -0.00500679
v 4.278E-05 -0.00429863 -0.00499928
v 0.00121826 -0.00408125 -0.00499189
v 0.00228488 -0.00354147 -0.00498515
v -0.00318682 -0.00297737 -0.0050196
v -0.00387287 -0.00199836 -0.0050239
v -0.0062769 0.00225359 -0.00503904
v -0.00621456 0.00343573 -0.00503868
v -0.00425529 -0.00086579 -0.00502634
v -0.00340712 0.00251901 -0.00502098
v -0.00401264 0.00148827 -0.00502479
v -0.00430322 0.0003287 -0.00502664
v -0.00411683 0.00773275 -0.00502545
v -0.00375104 0.00718337 -0.00502318
v -0.00536871 0.00542331 -0.00503331
v -0.00089043 0.01217412 -0.00500518
v -0.00206667 0.00909793 -0.00501257
v -0.0009973 0.01216703 -0.00500584
v -0.00265813 0.00939077 -0.00501627
v -0.0030582 0.0118432 -0.00501877
v -0.00331676 0.00934863 -0.00502044
v -0.00386608 0.00898284 -0.0050239
v -0.00503468 0.01117569 -0.00503123
v -0.00406063 0.01155143 -0.00502509
v -0.00415891 0.00839138 -0.00502574
v -0.00695932 0.01012468 -0.00504333
v -0.00687003 0.01018381 -0.00504279
v -0.0016588 0.00788993 -0.00501001
v -0.00170088 0.00854856 -0.00501025
v 0.00069474 0.0074709 -0.00499517
v -0.00315958 0.00689054 -0.00501943
v -0.00250095 0.00693268 -0.00501531
v -0.00195163 0.00729847 -0.00501186
v -0.00851125 0.00889599 -0.0050531
v -0.01230257 0.00163048 -0.005077
v -0.01183462 0.00366354 -0.00507402
v -0.01102977 0.00558829 -0.00506896
v -0.0099113 0.00734931 -0.00506192
v -0.00798529 -0.00956297 -0.00504982
v -0.00947112 -0.00809854 -0.00505918
v -0.00721508 -0.00768119 -0.00504494
v -0.01068806 -0.0064041 -0.00506681
v -0.01160115 -0.00452828 -0.00507259
v 0.00036697 -0.00791311 -0.00499725
v 0.00047767 -0.00876433 -0.00499654
v -0.00029722 -0.0124008 -0.00500143
v 0.00059045 -0.00708431 -0.00499582
v -0.00126558 -0.00672752 -0.0050075
v -0.00262731 -0.00718737 -0.00501609
v -0.00237316 -0.01219487 -0.00501448
v 0.00453347 -0.0090366 -0.00497103
v 0.00746709 -0.0097788 -0.00495255
v 0.00400984 -0.00971681 -0.0049743
v 0.00572252 -0.01092278 -0.00496352
v 0.0032658 -0.01014482 -0.00497901
v 0.00380969 -0.01175546 -0.00497556
v 0.00241458 -0.01025551 -0.00498438
v 0.00178367 -0.01225292 -0.00498831
v 0.00158584 -0.01003205 -0.00498956
v 0.00090568 -0.00950843 -0.00499386
v 0.00475699 -0.00820786 -0.0049696
v 0.0046463 -0.00735658 -0.00497031
v 0.00479788 -0.00467992 -0.00496936
v 0.00421828 -0.00661254 -0.00497299
v 0.00353807 -0.00608891 -0.00497728
v 0.00270933 -0.0058654 -0.00498247
v 0.00185812 -0.00597608 -0.00498784
v 0.00111407 -0.0064041 -0.00499254
v 0.0061596 -0.00422007 -0.00496078
v 0.00713515 -0.00389063 -0.00495464
v 0.00899321 -0.00835645 -0.00494295
v 0.01186084 -0.00286102 -0.00492489
v 0.01122218 -0.00484705 -0.00492889
v 0.01025706 -0.00669658 -0.00493497
v 0.00756234 -0.00277007 -0.00495195
v 0.0081538 -0.0030629 -0.0049482
v 0.00881237 -0.00302076 -0.00494409
v 0.00936174 -0.00265497 -0.00494063
v 0.01215469 -0.00079561 -0.00492304
v 0.00965458 -0.00206351 -0.00493878
v 0.00961244 -0.00140488 -0.00493902
v 0.01209527 0.00128972 -0.0049234
v 0.00924665 -0.00085555 -0.00494134
v 0.00865519 -0.00056271 -0.00494504
v 0.00799656 -0.00060483 -0.00494921
v 0.00744724 -0.00097063 -0.00495267
v 0.0071544 -0.00156206 -0.00495452
v 0.00719654 -0.00222069 -0.00495428
v 0.00681525 -0.00294316 -0.00495666
v 0.00108862 0.01213788 -0.00499272
v 0.00313967 0.01175659 -0.00497979
v 0.00509679 0.01103419 -0.00496745
v 0.00205642 0.00793075 -0.00498658
v -0.004664 -0.006226 -0.0050289
v -0.0050298 -0.00567663 -0.00503123
v -0.00562125 -0.00538379 -0.00503492
v -0.00627988 -0.00542593 -0.0050391
v -0.0068292 -0.00579172 -0.00504255
v -0.00712204 -0.00638318 -0.0050444
v -0.0070799 -0.00704181 -0.0050441
v -0.0067141 -0.00759119 -0.00504184
v -0.00612271 -0.00788402 -0.00503808
v -0.00546408 -0.00784188 -0.00503391
v 0.00397497 0.00786096 -0.00497454
v 0.01324987 -0.001683 8.392E-05
v 0.01332986 0.00048813 8.442E-05
v 0.01086962 -0.00071903 6.894E-05
v 0.00089756 0.00848037 6.17E-06
v -0.00469357 0.00524515 -2.902E-05
v 0.00156999 0.00819659 1.04E-05
v 0.00204474 0.00752068 1.339E-05
v 0.00229734 0.00825786 1.498E-05
v 0.00043399 0.00904417 3.25E-06
v 0.00028552 0.00975883 2.32E-06
v -0.0054912 0.01229935 -3.404E-05
v 0.0008829 0.01335781 6.08E-06
v -0.00128961 0.01335036 -7.6E-06
v 0.00048617 0.01046061 3.58E-06
v -0.00343281 0.0129944 -2.108E-05
v -0.00447601 0.01268833 -2.765E-05
v 0.00098997 0.01098877 6.75E-06
v 0.00168145 0.0112223 1.111E-05
v 0.00302845 0.01301676 1.958E-05
v 0.00291288 0.00865012 1.886E-05
v 0.0048635 0.00847256 3.113E-05
v 0.00327563 0.00928348 2.114E-05
v 0.0024023 0.01110774 1.564E-05
v 0.00298732 0.01067125 1.933E-05
v 0.00330251 0.01001292 2.131E-05
v 0.01027047 0.00847202 6.517E-05
v 0.00876009 0.01003366 5.566E-05
v 0.0074687 0.00935233 4.753E-05
v 0.00701874 0.01133286 4.47E-05
v 0.00509161 0.01233583 3.257E-05
v 0.00891006 0.00508398 5.66E-05
v 0.01151078 0.00668824 7.297E-05
v 0.00602758 -0.00594938 3.846E-05
v 0.00653136 -0.00542122 4.163E-05
v 0.00634313 -0.00520837 4.045E-05
v 0.00722289 -0.00518775 4.599E-05
v 0.00916189 -0.00425649 5.819E-05
v 0.00794375 -0.00530231 5.052E-05
v 0.00852877 -0.00573879 5.42E-05
v 0.01282268 -0.00381315 8.123E-05
v 0.01176708 -0.00337666 7.459E-05
v 0.01205927 -0.00584722 7.643E-05
v 0.01097953 -0.00773245 6.963E-05
v 0.00884396 -0.00639713 5.619E-05
v 0.00881708 -0.00712657 5.602E-05
v 0.00961131 -0.0094201 6.102E-05
v 0.00845432 -0.00775993 5.374E-05
v 0.00799012 -0.0108664 5.081E-05
v 0.00783873 -0.00815219 4.986E-05
v 0.00711143 -0.0082134 4.528E-05
v 0.00615793 -0.01203393 3.928E-05
v 0.00643897 -0.00792962 4.105E-05
v 0.00416213 -0.01289242 2.672E-05
v 0.00307435 -0.00967109 1.987E-05
v 0.00232172 -0.00974762 1.514E-05
v 0.00205451 -0.01341962 1.345E-05
v 0.0016104 -0.00948995 1.066E-05
v 0.00371933 -0.00927561 2.393E-05
v 0.00273931 -0.00637334 1.776E-05
v 0.00345063 -0.00663102 2.224E-05
v 0.00582689 -0.00665122 3.72E-05
v 0.00397968 -0.00717181 2.557E-05
v 0.00597536 -0.00736582 3.813E-05
v 0.00422174 -0.00788862 2.71E-05
v 0.00412881 -0.00863945 2.651E-05
v 0.00108129 -0.00894916 7.33E-06
v 0.00083926 -0.00823236 5.8E-06
v -0.00039519 -0.00748384 -1.97E-06
v 0.00093218 -0.00748152 6.39E-06
v 0.00134164 -0.0068453 8.97E-06
v -0.00153041 -0.00850171 -9.11E-06
v -0.0009454 -0.00893819 -5.43E-06
v -0.00364721 -0.00985062 -2.243E-05
v -0.00344658 -0.00914884 -2.117E-05
v -0.00504935 -0.00905555 -3.126E-05
v -0.0029428 -0.00862068 -1.8E-05
v -0.00225127 -0.00838715 -1.365E-05
v -0.00063022 -0.00959653 -3.44E-06
v -0.0006571 -0.01032596 -3.61E-06
v -0.00101984 -0.01095932 -5.9E-06
v -0.00011033 -0.01360189 -1.7E-07
v -0.00163537 -0.01135158 -9.77E-06
v -0.00227642 -0.01343458 -1.381E-05
v -0.00236273 -0.01141285 -1.435E-05
v -0.00438762 -0.01292192 -2.709E-05
v -0.00303519 -0.01112908 -1.858E-05
v -0.00349873 -0.01056528 -2.15E-05
v -0.00822943 -0.01092243 -5.128E-05
v -0.00638926 -0.01207721 -3.969E-05
v -0.00765455 -0.00993532 -4.766E-05
v -0.00855201 -0.00727767 -5.331E-05
v -0.01124042 -0.00780916 -7.023E-05
v -0.00986058 -0.00948733 -6.154E-05
v -0.01311057 -0.00390267 -8.2E-05
v -0.01233321 -0.00593144 -7.711E-05
v -0.01054298 -0.00452369 -6.584E-05
v -0.01355248 -0.0017755 -8.478E-05
v -0.01051163 -0.00147462 -6.564E-05
v -0.01364749 0.000395 -8.538E-05
v -0.01195299 0.00279367 -7.471E-05
v -0.00617158 0.00681347 -3.832E-05
v -0.00619846 0.00608408 -3.849E-05
v -0.00656128 0.00545072 -4.078E-05
v -0.00717682 0.00505847 -4.465E-05
v -0.00934774 0.00367343 -5.832E-05
v -0.00790411 0.00499719 -4.923E-05
v -0.00857663 0.00528097 -5.346E-05
v -0.00648677 0.00747186 -4.031E-05
v -0.01187121 0.00660753 -7.42E-05
v -0.0127958 0.00464153 -8.002E-05
v -0.01339304 0.00255263 -8.378E-05
v -0.00904018 0.00584477 -5.638E-05
v -0.00918865 0.00655943 -5.731E-05
v -0.01064324 0.00839984 -6.647E-05
v -0.00898796 0.00726122 -5.605E-05
v -0.00914371 0.00997186 -5.703E-05
v -0.00848418 0.00778937 -5.288E-05
v -0.00741136 0.01128304 -4.613E-05
v -0.00779265 0.0080229 -4.853E-05
v -0.00707179 0.00790834 -4.399E-05
v -0.00975907 -0.00178176 -6.09E-05
v -0.00790644 -0.00059486 -4.924E-05
v -0.00987053 -0.00480747 -6.161E-05
v -0.00914317 -0.00474626 -5.703E-05
v -0.00852764 -0.004354 -5.315E-05
v -0.00594682 -0.0063979 -3.691E-05
v -0.00816488 -0.00372064 -5.087E-05
v -0.01100653 -0.00395989 -6.876E-05
v -0.011155 -0.00324523 -6.969E-05
v -0.01095438 -0.00254345 -6.843E-05
v -0.0104506 -0.00201529 -6.526E-05
v -0.00903821 -0.00189638 -5.637E-05
v -0.00845319 -0.00233287 -5.268E-05
v -0.008138 -0.0029912 -5.07E-05
v 0.00794178 0.00243884 5.051E-05
v 0.00779331 0.0031535 4.958E-05
v 0.0063048 0.00420421 4.021E-05
v 0.0124489 0.00472867 7.888E-05
v 0.01081031 0.00340754 6.857E-05
v 0.01306056 0.00264394 8.273E-05
v 0.01078343 0.00267816 6.84E-05
v 0.01042068 0.00204474 6.611E-05
v 0.00980514 0.00165248 6.224E-05
v 0.00826442 -0.00159878 5.254E-05
v 0.00799394 0.00385529 5.084E-05
v 0.00849777 0.00438344 5.401E-05
v 0.00918931 0.00461698 5.836E-05
v 0.00991011 0.00450236 6.29E-05
v 0.01049512 0.00406593 6.658E-05
v 0.00907779 0.00159126 5.766E-05
v 0.00840533 0.00187504 5.343E-05
v 0.00394225 0.00531596 2.534E-05
v 0.0037002 0.00603276 2.381E-05
v 0.00348604 0.00325233 2.246E-05
v 0.0044713 0.00477517 2.867E-05
v 0.00631154 0.0076341 4.025E-05
v 0.00684065 0.00709331 4.358E-05
v 0.0070827 0.0063765 4.51E-05
v 0.00379312 0.0067836 2.44E-05
v 0.0042026 0.00741976 2.697E-05
v 0.00484753 0.0078153 3.103E-05
v 0.00560021 0.00789177 3.577E-05
v 0.00698978 0.00562566 4.452E-05
v 0.00658029 0.0049895 4.194E-05
v 0.00593531 0.00459397 3.788E-05
v 0.00518262 0.0045175 3.314E-05
v -0.00747263 0.00297922 -4.651E-05
v -0.00694352 0.00243843 -4.318E-05
v -0.00670147 0.00172162 -4.166E-05
v -0.00679439 0.00097079 -4.224E-05
v -0.00325221 0.00097685 -1.995E-05
v -0.00720388 0.00033462 -4.482E-05
v -0.00784886 -6.087E-05 -4.888E-05
v -0.00860155 -0.00013735 -5.362E-05
v -0.01008397 0.00137788 -6.295E-05
v -0.00984192 0.00066111 -6.143E-05
v -0.00931287 0.00012032 -5.81E-05
v -0.00999105 0.00212872 -6.236E-05
v -0.00958156 0.00276488 -5.979E-05
v -0.00893664 0.00316042 -5.573E-05
v -0.00818396 0.00323689 -5.099E-05
v 0.00544566 -0.00255066 3.48E-05
v 0.00198662 -0.00644982 1.303E-05
v -0.00129259 -0.00482619 -7.61E-06
v -0.00310713 0.01203739 -0.0048191
v -0.00412583 0.01174092 -0.00482553
v -0.00414979 0.01174092 -0.00102562
v -0.00513971 0.01135909 -0.00103182
v -0.00511581 0.01135909 -0.00483173
v -0.00698096 0.01035106 -0.00484347
v -0.00700486 0.01035106 -0.00104356
v -0.00864887 0.00904232 -0.00485396
v -0.00867283 0.00904232 -0.00105405
v -0.01007169 0.00747049 -0.00486296
v -0.01009559 0.00747049 -0.00106299
v -0.01120835 0.0056808 -0.00487012
v -0.01123225 0.0056808 -0.00107014
v -0.01202625 0.00372481 -0.00487524
v -0.01205015 0.00372481 -0.00107533
v -0.01250183 0.00165868 -0.00487822
v -0.01252573 0.00165868 -0.00107831
v -0.01262134 -0.00045808 -0.004879
v -0.0126453 -0.00045808 -0.00107908
v -0.01238149 -0.00256461 -0.00487745
v -0.01240539 -0.00256461 -0.00107753
v -0.01178902 -0.00460029 -0.00487375
v -0.01181292 -0.00460029 -0.00107384
v -0.01086109 -0.00650656 -0.00486791
v -0.010885 -0.00650656 -0.001068
v -0.0096243 -0.0082286 -0.0048601
v -0.0096482 -0.0082286 -0.00106019
v -0.00811434 -0.00971681 -0.00485062
v -0.00813824 -0.00971681 -0.00105071
v -0.00637454 -0.01092845 -0.00483966
v -0.00639844 -0.01092845 -0.00103974
v -0.00445503 -0.01182866 -0.00482756
v -0.00447893 -0.01182866 -0.00102764
v -0.00241101 -0.0123915 -0.00481474
v -0.00243491 -0.0123915 -0.00101477
v -0.00030127 -0.01260077 -0.00480145
v -0.00032519 -0.01260077 -0.00100154
v 0.00181347 -0.01245051 -0.0047881
v 0.00178957 -0.01245051 -0.00098823
v 0.00387245 -0.01194494 -0.00477517
v 0.00384849 -0.01194494 -0.00097527
v 0.00581634 -0.01109874 -0.00476295
v 0.00579244 -0.01109874 -0.00096304
v 0.00758928 -0.00993615 -0.0047518
v 0.00756538 -0.00993615 -0.00095188
v 0.00914025 -0.00849068 -0.00474203
v 0.00911629 -0.00849068 -0.00094212
v 0.01042461 -0.00680381 -0.00473392
v 0.01040071 -0.00680381 -0.00093403
v 0.0114054 -0.00492424 -0.00472778
v 0.0113815 -0.00492424 -0.00092786
v 0.0120545 -0.00290584 -0.00472367
v 0.0120306 -0.00290584 -0.00092377
v 0.01235312 -0.00080689 -0.00472176
v 0.01232922 -0.00080689 -0.00092189
v 0.01229274 0.00131238 -0.00472218
v 0.01226884 0.00131238 -0.00092227
v 0.01187503 0.00339097 -0.0047248
v 0.01185113 0.00339097 -0.0009249
v 0.01111209 0.00536907 -0.00472963
v 0.01108819 0.00536907 -0.0009297
v 0.01002585 0.00718981 -0.00473642
v 0.01000189 0.00718981 -0.00093654
v 0.0086475 0.00880074 -0.00474512
v 0.0086236 0.00880074 -0.00094522
v 0.00701672 0.01015555 -0.00475538
v 0.00699282 0.01015555 -0.00095548
v 0.00518048 0.01121526 -0.00476694
v 0.00515658 0.01121526 -0.00096704
v 0.00319153 0.01194947 -0.00477946
v 0.00316763 0.01194947 -0.00097956
v 0.00110716 0.0123369 -0.00479257
v 0.00108319 0.0123369 -0.00099268
v -0.00101268 0.01236653 -0.00480592
v -0.00103664 0.01236653 -0.00100601
v -0.00313103 0.01203739 -0.00101918
v 0.01306682 0.00264394 -0.00091725
v 0.01333618 0.00048813 -0.00091556
v 0.01325619 -0.001683 -0.00091606
v 0.01282894 -0.00381315 -0.00091875
v 0.01206558 -0.00584722 -0.00092355
v 0.01098579 -0.00773245 -0.00093035
v 0.00961763 -0.0094201 -0.00093896
v 0.00799638 -0.0108664 -0.00094917
v 0.00616419 -0.01203393 -0.0009607
v 0.00416845 -0.01289242 -0.00097326
v 0.00206083 -0.01341962 -0.00098653
v -0.00010403 -0.01360189 -0.00100011
v -0.0022701 -0.01343458 -0.00101376
v -0.0043813 -0.01292192 -0.00102705
v -0.00638294 -0.01207721 -0.00103962
v -0.00822318 -0.01092243 -0.00105125
v -0.00985432 -0.00948733 -0.0010615
v -0.0112341 -0.00780916 -0.0010702
v -0.01232689 -0.00593144 -0.00107706
v -0.01310431 -0.00390267 -0.00108194
v -0.01354622 -0.0017755 -0.00108474
v -0.01364117 0.000395 -0.00108534
v -0.01338678 0.00255263 -0.00108373
v -0.01278954 0.00464153 -0.00107998
v -0.01186496 0.00660753 -0.00107414
v -0.01063698 0.00839984 -0.00106645
v -0.00913739 0.00997186 -0.00105697
v -0.0074051 0.01128304 -0.00104606
v -0.00548488 0.01229935 -0.00103402
v -0.00446969 0.01268833 -0.00102758
v -0.00342655 0.0129944 -0.00102103
v -0.00128335 0.01335036 -0.00100756
v 0.00088919 0.01335781 -0.0009939
v 0.00303477 0.01301676 -0.0009804
v 0.00509787 0.01233583 -0.00096741
v 0.00702506 0.01133286 -0.00095528
v 0.00876641 0.01003366 -0.00094432
v 0.01027679 0.00847202 -0.00093481
v 0.0115171 0.00668824 -0.00092701
v 0.01245522 0.00472867 -0.0009211
v -0.00822854 0.00354522 -0.00485134
v -0.00819397 0.00354105 -0.00205106
v -0.00902003 0.00344461 -0.00205624
v -0.00817639 0.00354105 -0.00485098
v -0.00747514 0.00334209 -0.00484657
v -0.00740016 0.00329322 -0.00204605
v -0.00738251 0.00329322 -0.00484604
v -0.0068568 0.00286603 -0.0048427
v -0.0067758 0.00274384 -0.00204211
v -0.00675815 0.00274384 -0.0048421
v -0.0064677 0.00218964 -0.00484025
v -0.00642878 0.00198805 -0.00203997
v -0.00641119 0.00198805 -0.0048399
v -0.00636703 0.00141579 -0.0048396
v -0.00641924 0.00115645 -0.00203991
v -0.0064016 0.00115645 -0.00483984
v -0.00657022 0.00066236 -0.00484091
v -0.00674874 0.0003929 -0.002042
v -0.00673109 0.0003929 -0.00484192
v -0.00704622 4.401E-05 -0.00484389
v -0.00736028 -0.00017066 -0.00204581
v -0.0073427 -0.00017066 -0.00484574
v -0.00772268 -0.0003451 -0.00484818
v -0.00814819 -0.00043673 -0.00205076
v -0.00813061 -0.00043673 -0.00485074
v -0.00849646 -0.00044573 -0.00485301
v -0.00897622 -0.00035932 -0.002056
v -0.00895864 -0.00035932 -0.00485593
v -0.00924993 -0.00024257 -0.00485778
v -0.00970119 4.818E-05 -0.00206053
v -0.00968355 4.818E-05 -0.00486052
v -0.00986826 0.00023346 -0.00486165
v -0.01019769 0.00071533 -0.00206369
v -0.01018011 0.00071533 -0.00486362
v -0.01025736 0.00090989 -0.0048641
v -0.01037997 0.00152671 -0.00206482
v -0.01036232 0.00152671 -0.00486475
v -0.01035797 0.00168371 -0.00486475
v -0.01021641 0.00234216 -0.00206381
v -0.01019883 0.00234216 -0.00486374
v -0.01015484 0.00243717 -0.00486344
v -0.00973541 0.00302052 -0.00206077
v -0.00971776 0.00302052 -0.0048607
v -0.00967878 0.00305551 -0.00486046
v -0.00900239 0.00344461 -0.00485623
v 0.00555563 0.00820011 -0.00476456
v 0.00559014 0.00819594 -0.00196433
v 0.00476414 0.0080995 -0.00196952
v 0.00560778 0.00819594 -0.00476426
v 0.00630903 0.00799698 -0.00475985
v 0.00638402 0.0079481 -0.00195932
v 0.0064016 0.0079481 -0.00475925
v 0.00692737 0.00752091 -0.00475591
v 0.00700837 0.00739872 -0.00195539
v 0.00702602 0.00739872 -0.00475532
v 0.00731647 0.00684452 -0.00475347
v 0.00735533 0.00664294 -0.00195318
v 0.00737298 0.00664294 -0.00475311
v 0.00741708 0.00607067 -0.00475287
v 0.00736493 0.00581133 -0.00195312
v 0.00738257 0.00581133 -0.00475305
v 0.00721395 0.00531721 -0.00475413
v 0.00703543 0.00504774 -0.00195521
v 0.00705308 0.00504774 -0.00475514
v 0.00673795 0.00469887 -0.00475711
v 0.00642383 0.00448418 -0.00195902
v 0.00644147 0.00448418 -0.00475901
v 0.00606149 0.00430977 -0.0047614
v 0.00563592 0.0042181 -0.00196403
v 0.00565356 0.0042181 -0.00476396
v 0.00528771 0.0042091 -0.00476629
v 0.00480795 0.00429553 -0.00196922
v 0.00482553 0.00429553 -0.00476915
v 0.00453424 0.00441229 -0.00477099
v 0.00408298 0.00470304 -0.00197381
v 0.00410062 0.00470304 -0.00477374
v 0.0039159 0.0048883 -0.00477487
v 0.00358647 0.0053702 -0.00197691
v 0.00360405 0.0053702 -0.00477684
v 0.00352681 0.00556475 -0.00477737
v 0.0034042 0.0061816 -0.00197804
v 0.00342178 0.0061816 -0.00477803
v 0.00342619 0.0063386 -0.00477797
v 0.0035677 0.00699705 -0.00197703
v 0.00358534 0.00699705 -0.00477695
v 0.00362933 0.00709206 -0.00477672
v 0.00404876 0.00767541 -0.00197399
v 0.00406641 0.00767541 -0.00477397
v 0.00410533 0.0077104 -0.00477368
v 0.00478178 0.0080995 -0.00476944
v 0.00269467 -0.00606495 -0.00478256
v 0.00272924 -0.00606912 -0.00198233
v 0.00190324 -0.00616562 -0.00198752
v 0.00274688 -0.00606912 -0.00478226
v 0.00344807 -0.00626814 -0.00477785
v 0.00352305 -0.00631702 -0.00197732
v 0.00354069 -0.00631702 -0.00477725
v 0.00406641 -0.00674415 -0.00477397
v 0.00414747 -0.00686634 -0.00197339
v 0.00416505 -0.00686634 -0.00477332
v 0.00445557 -0.0074206 -0.00477147
v 0.00449443 -0.00762218 -0.00197118
v 0.00451207 -0.00762218 -0.00477117
v 0.00455618 -0.00819445 -0.00477087
v 0.00450397 -0.00845373 -0.00197112
v 0.00452161 -0.00845373 -0.00477105
v 0.00435299 -0.00894791 -0.00477213
v 0.00417447 -0.00921732 -0.00197321
v 0.00419211 -0.00921732 -0.00477314
v 0.00387698 -0.00956625 -0.00477517
v 0.00356293 -0.00978088 -0.00197709
v 0.00358057 -0.00978088 -0.00477701
v 0.00320059 -0.00995535 -0.0047794
v 0.00277501 -0.01004695 -0.00198203
v 0.00279266 -0.01004695 -0.00478196
v 0.00242674 -0.01005595 -0.00478429
v 0.00194698 -0.00996959 -0.00198722
v 0.00196463 -0.00996959 -0.00478721
v 0.00167328 -0.00985283 -0.00478899
v 0.00122201 -0.00956208 -0.00199181
v 0.00123966 -0.00956208 -0.00479174
v 0.00105494 -0.00937676 -0.00479293
v 0.00072553 -0.00889492 -0.00199491
v 0.00074316 -0.00889492 -0.0047949
v 0.00066589 -0.00870037 -0.00479537
v 0.00054328 -0.00808346 -0.00199604
v 0.0005609 -0.00808346 -0.00479603
v 0.00056526 -0.00792652 -0.00479597
v 0.00070681 -0.00726807 -0.00199503
v 0.00072444 -0.00726807 -0.00479496
v 0.00076842 -0.00717306 -0.00479472
v 0.0011878 -0.00658965 -0.00199199
v 0.00120544 -0.00658965 -0.00479198
v 0.00124442 -0.00655472 -0.00479174
v 0.00192082 -0.00616562 -0.00478745
v -0.00028694 0.00389475 -0.00480133
v -0.00025019 0.00389653 -0.00200105
v -0.00142407 0.00368768 -0.00200844
v -0.00023257 0.00389653 -0.00480103
v 0.00084556 0.00377798 -0.00479424
v 0.00093309 0.00375008 -0.0019936
v 0.00095072 0.00375008 -0.00479358
v 0.00189924 0.00334686 -0.00478756
v 0.0020206 0.00326139 -0.00198674
v 0.00203824 0.00326139 -0.00478673
v 0.00278884 0.00263637 -0.00478196
v 0.0029158 0.00247377 -0.00198114
v 0.00293344 0.00247377 -0.00478107
v 0.00344223 0.00170404 -0.00477785
v 0.00353908 0.00145733 -0.0019772
v 0.00355673 0.00145733 -0.00477713
v 0.00380647 0.00062537 -0.00477558
v 0.00383508 0.00030235 -0.00197536
v 0.00385266 0.00030235 -0.00477528
v 0.00385207 -0.00051223 -0.00477528
v 0.00377744 -0.00088859 -0.00197571
v 0.00379509 -0.00088859 -0.00477564
v 0.00357532 -0.0016166 -0.00477701
v 0.00337136 -0.00200963 -0.00197828
v 0.003389 -0.00200963 -0.00477821
v 0.00299871 -0.00259823 -0.00478065
v 0.00265288 -0.00296116 -0.00198281
v 0.00267053 -0.00296116 -0.00478274
v 0.00216883 -0.00337768 -0.0047859
v 0.00168592 -0.00365865 -0.00198889
v 0.0017035 -0.00365865 -0.00478882
v 0.00115299 -0.00389177 -0.00479227
v 0.00055628 -0.00404018 -0.00199598
v 0.0005739 -0.00404018 -0.00479591
v 3.351E-05 -0.00409877 -0.00479931
v -0.00063562 -0.00407171 -0.00200349
v -0.00061799 -0.00407171 -0.00480342
v -0.00109893 -0.00398201 -0.00480646
v -0.00178385 -0.00375056 -0.0020107
v -0.0017662 -0.00375056 -0.00481069
v -0.00215268 -0.00355095 -0.00481308
v -0.0027864 -0.00310516 -0.00201702
v -0.00276875 -0.00310516 -0.00481695
v -0.00304228 -0.0028404 -0.00481868
v -0.00355422 -0.00219297 -0.00202185
v -0.00353658 -0.00219297 -0.00482178
v -0.00369567 -0.00190806 -0.00482279
v -0.00401902 -0.00109494 -0.00202477
v -0.00400138 -0.00109494 -0.00482476
v -0.00405991 -0.00082942 -0.00482511
v -0.00413954 9.123E-05 -0.00202554
v -0.00412196 9.123E-05 -0.00482547
v -0.00410551 0.00030818 -0.00482541
v -0.00390512 0.00126028 -0.00202405
v -0.00388747 0.00126028 -0.00482404
v -0.00382876 0.00141251 -0.00482362
v -0.00333649 0.00230825 -0.00202048
v -0.00331885 0.00230825 -0.00482041
v -0.00325215 0.0023942 -0.00481999
v -0.0024842 0.00314212 -0.00201511
v -0.00246662 0.00314212 -0.00481504
v -0.00242227 0.00317365 -0.0048148
v -0.00140643 0.00368768 -0.00480842
v 0.00097543 -0.00341803 -0.00199336
v -0.00010406 -0.00360179 -0.00200015
v -0.0011875 -0.00344294 -0.00200695
v -0.00216877 -0.00295705 -0.00201315
v -0.00295198 -0.00219166 -0.00201809
v -0.00346029 -0.00122178 -0.00202125
v -0.00364399 -0.0001423 -0.00202244
v -0.00348514 0.00094116 -0.00202143
v -0.0029993 0.00192249 -0.00201839
v -0.00223398 0.00270563 -0.00201356
v -0.0012641 0.003214 -0.00200742
v -0.00018461 0.0033977 -0.00200063
v 0.00089882 0.00323886 -0.00199383
v 0.00188011 0.00275302 -0.00198764
v 0.00266325 0.00198764 -0.00198275
v 0.00317162 0.00101775 -0.00197953
v 0.00335532 -6.175E-05 -0.0019784
v 0.00319648 -0.00114518 -0.00197935
v 0.00271064 -0.00212651 -0.00198245
v 0.00194526 -0.00290972 -0.00198722
v -0.00126594 0.003214 -0.00170743
v -0.0001865 0.0033977 -0.00170064
v 0.00089694 0.00323886 -0.00169384
v 0.00187826 0.00275302 -0.00168764
v 0.00266141 0.00198764 -0.00168276
v 0.00316972 0.00101775 -0.00167954
v 0.00335342 -6.175E-05 -0.00167835
v 0.00319457 -0.00114518 -0.00167936
v 0.00270873 -0.00212651 -0.00168246
v 0.00194341 -0.00290972 -0.00168723
v 0.00097354 -0.00341803 -0.00169337
v -0.00010595 -0.00360179 -0.00170016
v -0.00118935 -0.00344294 -0.00170696
v -0.00217068 -0.00295705 -0.00171316
v -0.00295383 -0.00219166 -0.0017181
v -0.00346214 -0.00122178 -0.00172126
v -0.0036459 -0.0001423 -0.00172246
v -0.00348705 0.00094116 -0.00172144
v -0.00300121 0.00192249 -0.0017184
v -0.00223583 0.00270563 -0.00171357
v -0.00014623 -0.00010202 -0.0017004
v 0.00183934 0.00970268 -0.00473905
v 0.00277311 0.00887704 -0.00398207
v 0.00306016 0.00945687 -0.00398028
v 0.00223452 0.0085184 -0.00398546
v 0.00266027 0.01064121 -0.00398278
v 0.00208038 0.01092827 -0.00398642
v 0.00301886 0.01010262 -0.00398052
v 0.00089616 0.01052838 -0.00399387
v 0.00060906 0.00994849 -0.00399572
v 0.00143468 0.01088702 -0.00399047
v 0.00100893 0.00876421 -0.00399315
v 0.00158882 0.00847709 -0.00398952
v 0.00065036 0.00930279 -0.00399542
v 0.00271565 0.0088399 -0.00025739
v 0.00274962 0.00887704 -0.00025718
v 0.00301296 0.00935906 -0.00025552
v 0.00303674 0.00945687 -0.00025537
v 0.00303501 0.00995696 -0.00025538
v 0.00299543 0.01010262 -0.00025563
v 0.00277668 0.01049661 -0.00025701
v 0.00263679 0.01064121 -0.00025789
v 0.00229716 0.01085436 -0.00026002
v 0.00205696 0.01092827 -0.00026154
v 0.0017063 0.0109483 -0.00026374
v 0.00141126 0.01088702 -0.0002656
v 0.00113946 0.0107569 -0.00026731
v 0.00087271 0.01052838 -0.00026899
v 0.00072653 0.01032394 -0.00026991
v 0.00058562 0.00994849 -0.0002708
v 0.00056206 0.0097487 -0.00027094
v 0.00062692 0.00930279 -0.00027054
v 0.00068376 0.00916296 -0.00027018
v 0.00098554 0.00876421 -0.00026828
v 0.0010637 0.00870079 -0.00026779
v 0.00156534 0.00847709 -0.00026463
v 0.00161493 0.00846821 -0.00026432
v 0.00221109 0.0085184 -0.00026057
v -0.00763482 0.00650328 -0.00479865
v -0.00670105 0.00567764 -0.00404173
v -0.00641394 0.00625747 -0.00403988
v -0.00723958 0.005319 -0.00404507
v -0.00681388 0.00744182 -0.00404239
v -0.00739372 0.00772887 -0.00404608
v -0.00645524 0.00690323 -0.00404018
v -0.008578 0.00732899 -0.00405353
v -0.00886512 0.00674909 -0.00405532
v -0.00803941 0.00768757 -0.00405014
v -0.00846517 0.00556481 -0.00405282
v -0.00788534 0.00527769 -0.00404918
v -0.00882381 0.0061034 -0.00405508
v -0.00675851 0.00564051 -0.00031702
v -0.00672448 0.00567764 -0.00031681
v -0.00646114 0.00615966 -0.00031515
v -0.00643742 0.00625747 -0.000315
v -0.00643915 0.00675756 -0.00031501
v -0.00647873 0.00690323 -0.00031526
v -0.00669748 0.00729722 -0.00031664
v -0.00683731 0.00744182 -0.00031752
v -0.007177 0.00765496 -0.00031966
v -0.0074172 0.00772887 -0.00032117
v -0.00776786 0.0077489 -0.00032338
v -0.0080629 0.00768757 -0.00032523
v -0.0083347 0.00755745 -0.00032694
v -0.00860143 0.00732899 -0.00032862
v -0.00874764 0.00712454 -0.00032954
v -0.00888854 0.00674909 -0.00033043
v -0.00891209 0.0065493 -0.00033058
v -0.00884724 0.0061034 -0.00033017
v -0.00879043 0.00596356 -0.00032981
v -0.0084886 0.00556481 -0.00032791
v -0.00841045 0.00550139 -0.00032742
v -0.00790876 0.00527769 -0.00032426
v -0.00785923 0.00526881 -0.00032395
v -0.00726306 0.005319 -0.0003202
v -0.00960118 -0.00330138 -0.00481105
v -0.00866741 -0.00412708 -0.00405407
v -0.00838035 -0.00354719 -0.00405228
v -0.009206 -0.00448567 -0.00405747
v -0.00878024 -0.00236291 -0.00405478
v -0.00936013 -0.00207579 -0.00405842
v -0.00842166 -0.00290149 -0.00405252
v -0.01054441 -0.00247574 -0.00406587
v -0.01083147 -0.00305557 -0.00406772
v -0.01000583 -0.0021171 -0.00406253
v -0.01043158 -0.00423992 -0.00406521
v -0.00985169 -0.00452697 -0.00406152
v -0.01079016 -0.00370133 -0.00406742
v -0.00872487 -0.00416416 -0.0003294
v -0.00869089 -0.00412708 -0.00032919
v -0.00842756 -0.003645 -0.00032753
v -0.00840378 -0.00354719 -0.00032738
v -0.00840551 -0.00304711 -0.00032739
v -0.00844508 -0.00290149 -0.00032764
v -0.00866383 -0.00250751 -0.00032902
v -0.00880372 -0.00236291 -0.0003299
v -0.00914335 -0.00214976 -0.00033203
v -0.00938356 -0.00207579 -0.00033355
v -0.00973421 -0.00205582 -0.00033575
v -0.01002925 -0.0021171 -0.00033761
v -0.01030105 -0.00224721 -0.00033932
v -0.01056784 -0.00247574 -0.000341
v -0.01071399 -0.00268012 -0.00034192
v -0.01085495 -0.00305557 -0.00034281
v -0.0108785 -0.00325537 -0.00034296
v -0.01081365 -0.00370133 -0.00034255
v -0.01075679 -0.00384116 -0.00034219
v -0.01045501 -0.00423992 -0.00034029
v -0.01037681 -0.00430328 -0.0003398
v -0.00987518 -0.00452697 -0.00033664
v -0.00982559 -0.00453591 -0.00033633
v -0.00922942 -0.00448567 -0.00033258
v -0.00209337 -0.00990677 -0.00476378
v -0.00115961 -0.01073241 -0.0040068
v -0.00087257 -0.01015257 -0.00400501
v -0.0016982 -0.01109105 -0.0040102
v -0.00127244 -0.00896823 -0.00400752
v -0.00185233 -0.00868118 -0.00401121
v -0.00091386 -0.00950682 -0.00400525
v -0.00303656 -0.00908106 -0.00401866
v -0.00332367 -0.00966096 -0.00402045
v -0.00249803 -0.00872242 -0.00401527
v -0.00292379 -0.01084524 -0.00401795
v -0.00234389 -0.01113235 -0.00401425
v -0.00328237 -0.01030665 -0.00402021
v -0.00121707 -0.01076954 -0.00028214
v -0.00118309 -0.01073241 -0.00028193
v -0.00091976 -0.01025038 -0.00028027
v -0.00089601 -0.01015257 -0.00028012
v -0.00089774 -0.0096525 -0.00028013
v -0.00093731 -0.00950682 -0.00028038
v -0.00115603 -0.00911283 -0.00028176
v -0.00129592 -0.00896823 -0.00028264
v -0.00163555 -0.00875509 -0.00028478
v -0.00187576 -0.00868118 -0.00028629
v -0.00222641 -0.00866115 -0.0002885
v -0.00252146 -0.00872242 -0.00029035
v -0.00279325 -0.0088526 -0.00029206
v -0.00306004 -0.00908106 -0.00029374
v -0.00320619 -0.00928551 -0.00029466
v -0.0033471 -0.00966096 -0.00029555
v -0.0033707 -0.00986075 -0.0002957
v -0.00330585 -0.01030665 -0.00029529
v -0.00324899 -0.01044648 -0.00029493
v -0.00294721 -0.01084524 -0.00029303
v -0.00286901 -0.01090866 -0.00029254
v -0.00236738 -0.01113235 -0.00028938
v -0.00231779 -0.01114124 -0.00028907
v -0.00172162 -0.01109105 -0.00028532
v 0.00738072 -0.00670737 -0.00470418
v 0.00831449 -0.00753301 -0.0039472
v 0.0086016 -0.00695312 -0.00394541
v 0.00777596 -0.00789165 -0.0039506
v 0.00820166 -0.00576884 -0.00394791
v 0.00762182 -0.00548172 -0.00395155
v 0.0085603 -0.00630742 -0.00394565
v 0.00643754 -0.00588167 -0.003959
v 0.00615048 -0.00646156 -0.00396079
v 0.00697613 -0.00552302 -0.0039556
v 0.00655037 -0.00764584 -0.00395828
v 0.0071302 -0.00793296 -0.00395465
v 0.00619173 -0.00710726 -0.00396055
v 0.00825703 -0.00757015 -0.00022251
v 0.00829106 -0.00753301 -0.0002223
v 0.0085544 -0.00705099 -0.00022064
v 0.00857812 -0.00695312 -0.00022049
v 0.00857645 -0.0064531 -0.0002205
v 0.00853687 -0.00630742 -0.00022075
v 0.00831807 -0.00591344 -0.00022213
v 0.00817823 -0.00576884 -0.00022301
v 0.00783855 -0.00555569 -0.00022514
v 0.0075984 -0.00548172 -0.00022666
v 0.00724769 -0.00546175 -0.00022886
v 0.00695264 -0.00552302 -0.00023072
v 0.00668085 -0.00565314 -0.00023243
v 0.00641412 -0.00588167 -0.00023411
v 0.0062679 -0.00608611 -0.00023503
v 0.006127 -0.00646156 -0.00023592
v 0.00610346 -0.0066613 -0.00023607
v 0.0061683 -0.00710726 -0.00023566
v 0.00622517 -0.00724709 -0.0002353
v 0.00652695 -0.00764584 -0.0002334
v 0.00660515 -0.0077092 -0.00023291
v 0.00710678 -0.00793296 -0.00022975
v 0.00715631 -0.00794184 -0.00022944
v 0.00775248 -0.00789165 -0.00022569
v 0.00934714 0.00309736 -0.00469178
v 0.0102809 0.00227171 -0.0039348
v 0.01056796 0.00285154 -0.00393301
v 0.00974232 0.00191307 -0.0039382
v 0.01016807 0.00403583 -0.00393551
v 0.00958818 0.00432295 -0.00393915
v 0.01052671 0.0034973 -0.00393325
v 0.00840396 0.003923 -0.0039466
v 0.00811684 0.00334316 -0.00394845
v 0.00894248 0.00428164 -0.00394326
v 0.00851673 0.00215888 -0.00394595
v 0.00909662 0.00187176 -0.00394225
v 0.00815815 0.00269741 -0.00394815
v 0.01022344 0.00223458 -0.00021013
v 0.01025742 0.00227171 -0.00020992
v 0.01052075 0.00275373 -0.00020826
v 0.01054453 0.00285154 -0.00020811
v 0.0105428 0.00335163 -0.00020812
v 0.01050323 0.0034973 -0.00020837
v 0.01028448 0.00389123 -0.00020975
v 0.01014459 0.00403583 -0.00021063
v 0.00980496 0.00424904 -0.00021277
v 0.00956476 0.00432295 -0.00021428
v 0.0092141 0.00434291 -0.00021649
v 0.00891906 0.00428164 -0.00021834
v 0.00864726 0.00415152 -0.00022006
v 0.00838047 0.003923 -0.00022173
v 0.00823432 0.00371861 -0.00022265
v 0.00809342 0.00334316 -0.00022354
v 0.00806981 0.00314337 -0.00022369
v 0.00813466 0.00269741 -0.00022328
v 0.00819152 0.00255758 -0.00022292
v 0.0084933 0.00215888 -0.00022102
v 0.0085715 0.00209546 -0.00022053
v 0.00907314 0.00187176 -0.00021737
v 0.00912273 0.00186282 -0.00021706
v 0.00971889 0.00191307 -0.00021331
v -0.00590104 -0.00663394 -0.00042075
v -0.00569558 -0.00562894 -0.00103533
v -0.00522012 -0.00586432 -0.00103235
v -0.00622505 -0.0056628 -0.00103867
v -0.00489217 -0.00683546 -0.00103027
v -0.00512761 -0.00731099 -0.00103176
v -0.00492602 -0.00630599 -0.00103044
v -0.00609869 -0.00763887 -0.00103784
v -0.00657415 -0.00740349 -0.00104087
v -0.00556922 -0.00760502 -0.0010345
v -0.0069021 -0.00643235 -0.0010429
v -0.00666672 -0.00595689 -0.00104141
v -0.00686824 -0.00696182 -0.00104272
v -0.00620145 -0.0056628 -0.00478858
v -0.00567198 -0.00562894 -0.00478524
v -0.00519651 -0.00586432 -0.00478226
v -0.00490242 -0.00630599 -0.00478041
v -0.00486857 -0.00683546 -0.00478017
v -0.005104 -0.00731099 -0.00478166
v -0.00554562 -0.00760502 -0.00478446
v -0.00607508 -0.00763887 -0.0047878
v -0.00655055 -0.00740349 -0.00479078
v -0.00684464 -0.00696182 -0.00479263
v -0.0068785 -0.00643235 -0.00479281
v -0.00664312 -0.00595689 -0.00479138
v -0.00293791 0.00814068 -0.0004021
v -0.00273246 0.00914562 -0.00101668
v -0.00225699 0.00891024 -0.0010137
v -0.00326198 0.00911176 -0.00102001
v -0.00192904 0.0079391 -0.00101161
v -0.00216448 0.00746363 -0.0010131
v -0.0019629 0.00846857 -0.00101185
v -0.00313556 0.00713569 -0.00101918
v -0.00361109 0.00737107 -0.00102222
v -0.00260609 0.00716954 -0.0010159
v -0.00393897 0.00834221 -0.00102425
v -0.00370359 0.00881773 -0.00102276
v -0.00390512 0.00781274 -0.00102407
v -0.00323838 0.00911176 -0.00476992
v -0.00270885 0.00914562 -0.00476658
v -0.00223339 0.00891024 -0.0047636
v -0.0019393 0.00846857 -0.00476176
v -0.00190544 0.0079391 -0.00476152
v -0.00214088 0.00746363 -0.00476301
v -0.00258249 0.00716954 -0.00476581
v -0.00311196 0.00713569 -0.00476915
v -0.00358748 0.00737107 -0.00477213
v -0.00388151 0.00781274 -0.00477397
v -0.00391537 0.00834221 -0.00477421
v -0.00367999 0.00881773 -0.00477272
v 0.00837541 -0.00181276 -0.00033089
v 0.00858086 -0.00080782 -0.00094549
v 0.00905633 -0.0010432 -0.00094249
v 0.00805139 -0.00084169 -0.00094882
v 0.00938427 -0.00201434 -0.00094043
v 0.00914884 -0.0024898 -0.00094191
v 0.00935042 -0.00148487 -0.00094064
v 0.00817776 -0.00281775 -0.00094802
v 0.00770229 -0.00258237 -0.00095102
v 0.00870723 -0.00278389 -0.00094469
v 0.00737435 -0.00161123 -0.00095308
v 0.00760972 -0.00113571 -0.0009516
v 0.0074082 -0.0021407 -0.00095287
v 0.008075 -0.00084169 -0.00469869
v 0.00860447 -0.00080782 -0.00469536
v 0.00907993 -0.0010432 -0.00469238
v 0.00937402 -0.00148487 -0.00469053
v 0.00940788 -0.00201434 -0.00469035
v 0.00917244 -0.0024898 -0.00469178
v 0.00873083 -0.00278389 -0.00469458
v 0.00820136 -0.00281775 -0.00469792
v 0.00772589 -0.00258237 -0.0047009
v 0.0074318 -0.0021407 -0.00470275
v 0.00739795 -0.00161123 -0.00470298
v 0.00763333 -0.00113571 -0.0047015
vn 0.41721 -0.9088 0.00263
vn 0.59704 -0.8022 0.00376
vn 0.59704 -0.8022 0.00376
vn 0.75078 -0.66054 0.00473
vn 0.75078 -0.66054 0.00473
vn 0.8717 -0.49 0.00549
vn 0.8717 -0.49 0.00549
vn 0.95453 -0.29805 0.00601
vn 0.95453 -0.29805 0.00601
vn 0.99564 -0.09308 0.00627
vn 0.99323 0.11596 0.00625
vn 0.94742 0.31994 0.00596
vn 0.8602 0.50993 0.00541
vn 0.73538 0.67764 0.00463
vn 0.73538 0.67764 0.00463
vn 0.57843 0.81573 0.00364
vn 0.57843 0.81573 0.00364
vn 0.39619 0.91816 0.00249
vn 0.39619 0.91817 0.00249
vn 0.19664 0.98048 0.00124
vn 0.19664 0.98048 0.00124
vn -0.01151 0.99993 -7E-05
vn -0.01151 0.99993 -7E-05
vn -0.21915 0.97569 -0.00138
vn -0.41721 0.9088 -0.00263
vn -0.41721 0.9088 -0.00263
vn -0.59704 0.8022 -0.00376
vn -0.59704 0.8022 -0.00376
vn -0.75078 0.66054 -0.00473
vn -0.75078 0.66054 -0.00473
vn -0.8717 0.49 -0.00549
vn -0.95453 0.29805 -0.00601
vn -0.99564 0.09308 -0.00627
vn -0.99323 -0.11596 -0.00625
vn -0.94742 -0.31994 -0.00596
vn -0.8602 -0.50993 -0.00541
vn -0.73538 -0.67764 -0.00463
vn -0.57843 -0.81573 -0.00364
vn -0.39619 -0.91817 -0.00249
vn -0.19664 -0.98048 -0.00124
vn 0.01151 -0.99993 7E-05
vn 0.21915 -0.97569 0.00138
vn 0.21915 -0.97569 0.00138
vn 0.00629 0 -0.99998
vn 0.00629 -0 -0.99998
vn 0.00629 -0 -0.99998
vn 0.00629 0 -0.99998
vn 0.00629 -0 -0.99998
vn 0.00629 0 -0.99998
vn 0.00629 -0 -0.99998
vn 0.00629 -0 -0.99998
vn 0.00629 0 -0.99998
vn 0.00629 0 -0.99998
vn 0.0063 -0 -0.99998
vn 0.00629 0 -0.99998
vn 0.00629 -0 -0.99998
vn 0.0063 -0 -0.99998
vn 0.00629 0 -0.99998
vn 0.00629 -0 -0.99998
vn 0.00629 -0 -0.99998
vn 0.00629 -0 -0.99998
vn 0.00629 0 -0.99998
vn 0.00629 0 -0.99998
vn 0.00629 -0 -0.99998
vn 0.00629 0 -0.99998
vn 0.00629 0 -0.99998
vn 0.0063 -0 -0.99998
vn 0.00629 -0 -0.99998
vn 0.00629 -0 -0.99998
vn 0.0063 -0 -0.99998
vn 0.00629 0 -0.99998
vn -0.00629 0 0.99998
vn -0.00629 0 0.99998
vn -0.00629 0 0.99998
vn -0.00629 0 0.99998
vn -0.00629 0 0.99998
vn -0.00629 0 0.99998
vn -0.00629 0 0.99998
vn -0.00629 -0 0.99998
vn -0.00629 -0 0.99998
vn -0.00629 0 0.99998
vn -0.00629 0 0.99998
vn -0.00629 -0 0.99998
vn -0.00629 0 0.99998
vn -0.00629 -0 0.99998
vn -0.00629 0 0.99998
vn -0.00629 -0 0.99998
vn -0.00629 0 0.99998
vn -0.00629 0 0.99998
vn -0.00629 -0 0.99998
vn -0.00629 -0 0.99998
vn -0.00629 0 0.99998
vn -0.00629 -0 0.99998
vn -0.15982 0.69181 0.70417
vn -0.0126 0.709 0.7051
vn -0.0126 0.709 0.7051
vn 0.13499 0.6952 0.70603
vn 0.13499 0.6952 0.70603
vn 0.27648 0.65102 0.70692
vn 0.40569 0.57839 0.70773
vn 0.40569 0.57839 0.70773
vn 0.51698 0.48048 0.70843
vn 0.51698 0.48048 0.70843
vn 0.60548 0.36157 0.70899
vn 0.60548 0.36157 0.70899
vn 0.66733 0.22685 0.70938
vn 0.69981 0.08223 0.70958
vn 0.69981 0.08222 0.70958
vn 0.70152 -0.066 0.70959
vn 0.70152 -0.066 0.70959
vn 0.67237 -0.21133 0.70941
vn 0.67237 -0.21133 0.70941
vn 0.61364 -0.34743 0.70904
vn 0.61364 -0.34743 0.70904
vn 0.5279 -0.46835 0.7085
vn 0.5279 -0.46835 0.7085
vn 0.41889 -0.5688 0.70781
vn 0.41889 -0.5688 0.70781
vn 0.29139 -0.64438 0.70701
vn 0.29139 -0.64438 0.70701
vn 0.15095 -0.69181 0.70613
vn 0.15095 -0.69181 0.70613
vn 0.00372 -0.709 0.7052
vn 0.00372 -0.709 0.7052
vn -0.14386 -0.6952 0.70427
vn -0.14386 -0.6952 0.70427
vn -0.28535 -0.65102 0.70338
vn -0.28536 -0.65102 0.70338
vn -0.41457 -0.57839 0.70257
vn -0.41457 -0.57839 0.70257
vn -0.52586 -0.48048 0.70187
vn -0.52586 -0.48048 0.70187
vn -0.61436 -0.36157 0.70131
vn -0.61436 -0.36157 0.70131
vn -0.6762 -0.22685 0.70092
vn -0.6762 -0.22685 0.70092
vn -0.70869 -0.08223 0.70072
vn -0.70869 -0.08222 0.70071
vn -0.71039 0.066 0.7007
vn -0.71039 0.066 0.7007
vn -0.68125 0.21133 0.70089
vn -0.68124 0.21133 0.70089
vn -0.62252 0.34743 0.70126
vn -0.62252 0.34743 0.70126
vn -0.53678 0.46835 0.7018
vn -0.53678 0.46835 0.7018
vn -0.42777 0.5688 0.70248
vn -0.42777 0.5688 0.70248
vn -0.30026 0.64438 0.70329
vn -0.30026 0.64438 0.70329
vn -0.15982 0.69181 0.70417
vn 0.30026 -0.64438 -0.70329
vn 0.42777 -0.5688 -0.70248
vn 0.42777 -0.5688 -0.70248
vn 0.53678 -0.46835 -0.7018
vn 0.53678 -0.46835 -0.7018
vn 0.62252 -0.34743 -0.70126
vn 0.62252 -0.34743 -0.70126
vn 0.68124 -0.21133 -0.70089
vn 0.68124 -0.21133 -0.70089
vn 0.71039 -0.066 -0.7007
vn 0.71039 -0.066 -0.70071
vn 0.70869 0.08222 -0.70072
vn 0.70869 0.08223 -0.70072
vn 0.6762 0.22685 -0.70092
vn 0.6762 0.22685 -0.70092
vn 0.61436 0.36156 -0.70131
vn 0.61436 0.36157 -0.70131
vn 0.52586 0.48048 -0.70187
vn 0.52586 0.48048 -0.70187
vn 0.41457 0.57839 -0.70257
vn 0.41457 0.57839 -0.70257
vn 0.28536 0.65102 -0.70338
vn 0.28536 0.65102 -0.70338
vn 0.14386 0.6952 -0.70427
vn 0.14386 0.6952 -0.70427
vn -0.00372 0.709 -0.7052
vn -0.00372 0.709 -0.7052
vn -0.15095 0.69181 -0.70613
vn -0.15095 0.69181 -0.70613
vn -0.29139 0.64438 -0.70701
vn -0.29138 0.64438 -0.70701
vn -0.41889 0.5688 -0.70781
vn -0.41889 0.5688 -0.70781
vn -0.5279 0.46835 -0.7085
vn -0.5279 0.46835 -0.7085
vn -0.61364 0.34743 -0.70904
vn -0.61364 0.34743 -0.70904
vn -0.67237 0.21133 -0.70941
vn -0.67237 0.21133 -0.70941
vn -0.70152 0.066 -0.70959
vn -0.70152 0.066 -0.70959
vn -0.69981 -0.08223 -0.70958
vn -0.69981 -0.08222 -0.70958
vn -0.66732 -0.22685 -0.70938
vn -0.66732 -0.22685 -0.70938
vn -0.60548 -0.36156 -0.70899
vn -0.60548 -0.36157 -0.70899
vn -0.51698 -0.48048 -0.70843
vn -0.51698 -0.48048 -0.70843
vn -0.40569 -0.57839 -0.70773
vn -0.27648 -0.65102 -0.70692
vn -0.27648 -0.65102 -0.70692
vn -0.13499 -0.6952 -0.70603
vn -0.13499 -0.6952 -0.70603
vn 0.0126 -0.709 -0.7051
vn 0.0126 -0.709 -0.7051
vn 0.15982 -0.69181 -0.70417
vn 0.15982 -0.69181 -0.70417
vn 0.30026 -0.64438 -0.70329
vn 0.41721 -0.9088 0.00263
vn 0.59704 -0.8022 0.00376
vn 0.59704 -0.8022 0.00376
vn 0.75078 -0.66053 0.00473
vn 0.75078 -0.66053 0.00473
vn 0.8717 -0.49 0.00549
vn 0.95453 -0.29805 0.00601
vn 0.95453 -0.29805 0.00601
vn 0.99564 -0.09308 0.00627
vn 0.99323 0.11597 0.00625
vn 0.94742 0.31994 0.00596
vn 0.8602 0.50993 0.00541
vn 0.57843 0.81573 0.00364
vn 0.39619 0.91816 0.00249
vn 0.39619 0.91816 0.00249
vn 0.19664 0.98048 0.00124
vn 0.19664 0.98048 0.00124
vn -0.01151 0.99993 -7E-05
vn -0.01151 0.99993 -7E-05
vn -0.21915 0.97569 -0.00138
vn -0.41721 0.9088 -0.00263
vn -0.41721 0.9088 -0.00263
vn -0.59704 0.8022 -0.00376
vn -0.59704 0.8022 -0.00376
vn -0.75078 0.66053 -0.00473
vn -0.75078 0.66053 -0.00473
vn -0.8717 0.49 -0.00549
vn -0.95453 0.29805 -0.00601
vn -0.95453 0.29805 -0.00601
vn -0.99564 0.09308 -0.00627
vn -0.99564 0.09308 -0.00627
vn -0.99323 -0.11597 -0.00625
vn -0.94742 -0.31994 -0.00596
vn -0.8602 -0.50993 -0.00541
vn -0.8602 -0.50993 -0.00541
vn -0.73538 -0.67764 -0.00463
vn -0.73538 -0.67764 -0.00463
vn -0.57843 -0.81573 -0.00364
vn -0.39619 -0.91816 -0.00249
vn -0.39619 -0.91816 -0.00249
vn -0.19664 -0.98048 -0.00124
vn 0.01151 -0.99993 7E-05
vn 0.21915 -0.97569 0.00138
vn 0.21915 -0.97569 0.00138
vn 0.41721 -0.9088 0.00263
vn 0.00629 0 -0.99998
vn 0.00629 -0 -0.99998
vn 0.00629 -0 -0.99998
vn 0.00629 0 -0.99998
vn 0.00629 -0 -0.99998
vn 0.00629 -0 -0.99998
vn 0.00629 0 -0.99998
vn 0.00629 0 -0.99998
vn 0.0063 -0 -0.99998
vn 0.00629 0 -0.99998
vn 0.00629 -0 -0.99998
vn 0.0063 -0 -0.99998
vn 0.00629 0 -0.99998
vn 0.0063 0 -0.99998
vn 0.00629 -0 -0.99998
vn 0.00629 -0 -0.99998
vn 0.00629 0 -0.99998
vn 0.0063 0 -0.99998
vn 0.00629 -0 -0.99998
vn 0.00629 0 -0.99998
vn 0.00629 -0 -0.99998
vn 0.00629 -0 -0.99998
vn 0.00629 0 -0.99998
vn 0.0063 -0 -0.99998
vn 0.00629 -0 -0.99998
vn 0.00629 -0 -0.99998
vn 0.0063 -0 -0.99998
vn 0.00629 0 -0.99998
vn -0.00629 -0 0.99998
vn -0.00629 -0 0.99998
vn -0.00629 -0 0.99998
vn -0.00629 0 0.99998
vn -0.00629 -0 0.99998
vn -0.00629 0 0.99998
vn -0.00629 0 0.99998
vn -0.00629 0 0.99998
vn -0.00629 -0 0.99998
vn -0.00629 0 0.99998
vn -0.00629 -0 0.99998
vn -0.00629 0 0.99998
vn -0.00629 0 0.99998
vn -0.00629 0 0.99998
vn -0.00629 -0 0.99998
vn -0.00629 0 0.99998
vn 0.30026 -0.64438 -0.70329
vn 0.42777 -0.5688 -0.70248
vn 0.42777 -0.5688 -0.70249
vn 0.53677 -0.46835 -0.7018
vn 0.53678 -0.46835 -0.7018
vn 0.62252 -0.34743 -0.70126
vn 0.62252 -0.34743 -0.70126
vn 0.68124 -0.21133 -0.70089
vn 0.68124 -0.21133 -0.70089
vn 0.71039 -0.066 -0.7007
vn 0.71039 -0.066 -0.7007
vn 0.70869 0.08222 -0.70072
vn 0.70869 0.08222 -0.70072
vn 0.6762 0.22685 -0.70092
vn 0.6762 0.22685 -0.70092
vn 0.61436 0.36156 -0.70131
vn 0.61436 0.36157 -0.70131
vn 0.52586 0.48048 -0.70187
vn 0.52586 0.48048 -0.70187
vn 0.41457 0.57839 -0.70257
vn 0.41457 0.57839 -0.70257
vn 0.28536 0.65102 -0.70338
vn 0.28536 0.65102 -0.70338
vn 0.14386 0.6952 -0.70427
vn 0.14386 0.6952 -0.70427
vn -0.00372 0.709 -0.7052
vn -0.00372 0.709 -0.7052
vn -0.15095 0.69181 -0.70613
vn -0.15095 0.69181 -0.70613
vn -0.29139 0.64438 -0.70701
vn -0.29139 0.64438 -0.70701
vn -0.41889 0.5688 -0.70781
vn -0.41889 0.5688 -0.70781
vn -0.5279 0.46835 -0.7085
vn -0.5279 0.46835 -0.7085
vn -0.61364 0.34743 -0.70904
vn -0.61364 0.34743 -0.70904
vn -0.67237 0.21133 -0.70941
vn -0.67237 0.21133 -0.70941
vn -0.70151 0.066 -0.70959
vn -0.70151 0.066 -0.70959
vn -0.69981 -0.08222 -0.70958
vn -0.69981 -0.08223 -0.70958
vn -0.66732 -0.22685 -0.70938
vn -0.66732 -0.22685 -0.70938
vn -0.60548 -0.36156 -0.70899
vn -0.60548 -0.36157 -0.70899
vn -0.51698 -0.48048 -0.70843
vn -0.51698 -0.48048 -0.70843
vn -0.40569 -0.57839 -0.70773
vn -0.40569 -0.57839 -0.70773
vn -0.27648 -0.65102 -0.70691
vn -0.27648 -0.65102 -0.70692
vn -0.13499 -0.6952 -0.70603
vn -0.13499 -0.6952 -0.70603
vn 0.0126 -0.709 -0.7051
vn 0.0126 -0.709 -0.7051
vn 0.15982 -0.69181 -0.70417
vn 0.15982 -0.69181 -0.70417
vn 0.30026 -0.64438 -0.70329
vn -0.15983 0.69181 0.70417
vn -0.0126 0.709 0.7051
vn -0.0126 0.709 0.7051
vn 0.13499 0.6952 0.70603
vn 0.27648 0.65102 0.70692
vn 0.27648 0.65102 0.70692
vn 0.40569 0.57839 0.70773
vn 0.40569 0.57839 0.70773
vn 0.51698 0.48048 0.70843
vn 0.60548 0.36157 0.70899
vn 0.60548 0.36157 0.70899
vn 0.66733 0.22685 0.70938
vn 0.66733 0.22685 0.70938
vn 0.69981 0.08222 0.70958
vn 0.69981 0.08223 0.70958
vn 0.70152 -0.066 0.70959
vn 0.70152 -0.066 0.70959
vn 0.67237 -0.21133 0.70941
vn 0.67237 -0.21133 0.70941
vn 0.61364 -0.34743 0.70904
vn 0.61364 -0.34743 0.70904
vn 0.5279 -0.46835 0.7085
vn 0.5279 -0.46835 0.7085
vn 0.41889 -0.5688 0.70781
vn 0.41889 -0.5688 0.70781
vn 0.29139 -0.64438 0.70701
vn 0.29139 -0.64439 0.70701
vn 0.15095 -0.69181 0.70612
vn 0.15095 -0.69181 0.70613
vn 0.00372 -0.709 0.7052
vn 0.00372 -0.709 0.7052
vn -0.14386 -0.6952 0.70427
vn -0.14386 -0.6952 0.70427
vn -0.28535 -0.65102 0.70338
vn -0.28536 -0.65102 0.70338
vn -0.41457 -0.57839 0.70257
vn -0.41457 -0.57839 0.70257
vn -0.52586 -0.48048 0.70187
vn -0.61436 -0.36157 0.70131
vn -0.61436 -0.36157 0.70131
vn -0.6762 -0.22685 0.70092
vn -0.6762 -0.22685 0.70092
vn -0.70869 -0.08222 0.70072
vn -0.70869 -0.08223 0.70072
vn -0.71039 0.066 0.7007
vn -0.71039 0.066 0.7007
vn -0.68124 0.21133 0.70089
vn -0.68124 0.21133 0.70089
vn -0.62252 0.34743 0.70126
vn -0.62252 0.34743 0.70126
vn -0.53678 0.46835 0.7018
vn -0.53678 0.46835 0.7018
vn -0.42777 0.5688 0.70248
vn -0.42777 0.5688 0.70248
vn -0.30026 0.64438 0.70329
vn -0.30026 0.64438 0.70329
vn -0.15982 0.69181 0.70417
vn 0.41721 -0.9088 0.00263
vn 0.59704 -0.8022 0.00376
vn 0.59704 -0.8022 0.00376
vn 0.75078 -0.66053 0.00473
vn 0.95453 -0.29805 0.00601
vn 0.95453 -0.29805 0.00601
vn 0.99564 -0.09308 0.00627
vn 0.99564 -0.09308 0.00627
vn 0.99323 0.11597 0.00625
vn 0.94742 0.31994 0.00596
vn 0.94742 0.31994 0.00596
vn 0.8602 0.50993 0.00541
vn 0.57842 0.81573 0.00364
vn 0.39619 0.91816 0.00249
vn 0.19664 0.98048 0.00124
vn 0.19664 0.98048 0.00124
vn -0.01151 0.99993 -7E-05
vn -0.21915 0.97569 -0.00138
vn -0.41722 0.9088 -0.00263
vn -0.41721 0.9088 -0.00263
vn -0.59704 0.8022 -0.00376
vn -0.59704 0.8022 -0.00376
vn -0.75078 0.66054 -0.00473
vn -0.8717 0.49 -0.00549
vn -0.8717 0.49 -0.00549
vn -0.95453 0.29805 -0.00601
vn -0.95453 0.29805 -0.00601
vn -0.99564 0.09308 -0.00627
vn -0.99564 0.09308 -0.00627
vn -0.99323 -0.11596 -0.00625
vn -0.99323 -0.11596 -0.00625
vn -0.94742 -0.31994 -0.00596
vn -0.8602 -0.50993 -0.00541
vn -0.8602 -0.50993 -0.00541
vn -0.73538 -0.67764 -0.00463
vn -0.57843 -0.81573 -0.00364
vn -0.39619 -0.91817 -0.00249
vn -0.39619 -0.91817 -0.00249
vn -0.19664 -0.98048 -0.00124
vn 0.01151 -0.99993 7E-05
vn 0.01151 -0.99993 7E-05
vn 0.00629 -0 -0.99998
vn 0.00629 -0 -0.99998
vn 0.0063 0 -0.99998
vn 0.00629 -0 -0.99998
vn 0.00629 0 -0.99998
vn 0.00629 -0 -0.99998
vn 0.00629 -0 -0.99998
vn 0.00629 0 -0.99998
vn 0.0063 -0 -0.99998
vn 0.00629 0 -0.99998
vn 0.00629 -0 -0.99998
vn 0.00629 0 -0.99998
vn 0.00629 0 -0.99998
vn 0.00629 0 -0.99998
vn 0.00629 -0 -0.99998
vn 0.0063 0 -0.99998
vn 0.00629 -0 -0.99998
vn 0.00629 0 -0.99998
vn 0.00629 -0 -0.99998
vn 0.00629 -0 -0.99998
vn 0.00629 0 -0.99998
vn 0.00629 -0 -0.99998
vn 0.00629 0 -0.99998
vn 0.00629 -0 -0.99998
vn 0.00629 0 -0.99998
vn 0.00629 -0 -0.99998
vn -0.00629 0 0.99998
vn -0.00629 -0 0.99998
vn -0.00629 -0 0.99998
vn -0.00629 -0 0.99998
vn -0.00629 0 0.99998
vn -0.00629 -0 0.99998
vn -0.00629 0 0.99998
vn -0.00629 0 0.99998
vn -0.00629 0 0.99998
vn -0.00629 -0 0.99998
vn -0.00629 -0 0.99998
vn -0.00629 0 0.99998
vn -0.00629 -0 0.99998
vn 0.30026 -0.64438 -0.70329
vn 0.42777 -0.5688 -0.70248
vn 0.42777 -0.5688 -0.70248
vn 0.53678 -0.46835 -0.7018
vn 0.53678 -0.46835 -0.7018
vn 0.62252 -0.34743 -0.70126
vn 0.62252 -0.34743 -0.70126
vn 0.68125 -0.21133 -0.70089
vn 0.68124 -0.21133 -0.70089
vn 0.71039 -0.066 -0.7007
vn 0.71039 -0.066 -0.70071
vn 0.70869 0.08223 -0.70072
vn 0.70868 0.08222 -0.70072
vn 0.6762 0.22685 -0.70092
vn 0.6762 0.22685 -0.70092
vn 0.61436 0.36157 -0.70131
vn 0.61436 0.36156 -0.70131
vn 0.52586 0.48047 -0.70187
vn 0.52586 0.48048 -0.70187
vn 0.41457 0.57839 -0.70257
vn 0.41457 0.57839 -0.70257
vn 0.28536 0.65102 -0.70338
vn 0.14386 0.6952 -0.70427
vn 0.14386 0.6952 -0.70427
vn -0.00372 0.709 -0.7052
vn -0.00372 0.709 -0.7052
vn -0.15095 0.69181 -0.70613
vn -0.15095 0.69181 -0.70613
vn -0.29139 0.64438 -0.70701
vn -0.29139 0.64438 -0.70701
vn -0.41889 0.5688 -0.70781
vn -0.41889 0.5688 -0.70781
vn -0.5279 0.46835 -0.7085
vn -0.5279 0.46835 -0.7085
vn -0.61364 0.34743 -0.70904
vn -0.61364 0.34743 -0.70904
vn -0.67237 0.21133 -0.70941
vn -0.67237 0.21133 -0.70941
vn -0.70152 0.066 -0.70959
vn -0.70152 0.066 -0.70959
vn -0.69981 -0.08223 -0.70958
vn -0.69981 -0.08222 -0.70958
vn -0.66732 -0.22685 -0.70938
vn -0.66732 -0.22685 -0.70938
vn -0.60548 -0.36156 -0.70899
vn -0.60548 -0.36157 -0.70899
vn -0.51698 -0.48048 -0.70843
vn -0.51698 -0.48048 -0.70843
vn -0.40569 -0.57839 -0.70773
vn -0.40569 -0.57839 -0.70773
vn -0.27648 -0.65102 -0.70692
vn -0.27648 -0.65102 -0.70692
vn -0.13499 -0.6952 -0.70603
vn -0.13499 -0.6952 -0.70603
vn 0.0126 -0.709 -0.7051
vn 0.0126 -0.709 -0.7051
vn 0.15983 -0.69181 -0.70417
vn 0.15982 -0.69181 -0.70417
vn 0.30026 -0.64438 -0.70329
vn -0.15982 0.69181 0.70417
vn -0.0126 0.709 0.7051
vn -0.0126 0.709 0.7051
vn 0.13499 0.6952 0.70603
vn 0.13499 0.6952 0.70603
vn 0.27648 0.65102 0.70692
vn 0.27648 0.65102 0.70692
vn 0.40569 0.57839 0.70773
vn 0.40569 0.57839 0.70773
vn 0.51698 0.48048 0.70843
vn 0.51698 0.48048 0.70843
vn 0.60548 0.36156 0.70899
vn 0.60548 0.36156 0.70899
vn 0.66732 0.22685 0.70938
vn 0.66733 0.22685 0.70938
vn 0.69981 0.08223 0.70958
vn 0.69981 0.08223 0.70958
vn 0.70152 -0.066 0.70959
vn 0.70152 -0.066 0.70959
vn 0.67237 -0.21133 0.70941
vn 0.67237 -0.21133 0.70941
vn 0.61364 -0.34743 0.70904
vn 0.61364 -0.34743 0.70904
vn 0.5279 -0.46835 0.7085
vn 0.5279 -0.46835 0.7085
vn 0.41889 -0.5688 0.70781
vn 0.41889 -0.5688 0.70781
vn 0.29139 -0.64439 0.70701
vn 0.29139 -0.64438 0.70701
vn 0.15095 -0.69181 0.70613
vn 0.15095 -0.69181 0.70613
vn 0.00372 -0.709 0.7052
vn -0.14386 -0.6952 0.70427
vn -0.14386 -0.6952 0.70427
vn -0.28535 -0.65102 0.70338
vn -0.28536 -0.65102 0.70338
vn -0.41457 -0.57839 0.70257
vn -0.41457 -0.57839 0.70257
vn -0.52586 -0.48048 0.70187
vn -0.52586 -0.48048 0.70187
vn -0.61436 -0.36157 0.70131
vn -0.61436 -0.36157 0.70131
vn -0.6762 -0.22685 0.70092
vn -0.6762 -0.22685 0.70092
vn -0.70869 -0.08222 0.70072
vn -0.70869 -0.08222 0.70071
vn -0.71039 0.066 0.7007
vn -0.71039 0.066 0.7007
vn -0.68124 0.21133 0.70089
vn -0.68124 0.21133 0.70089
vn -0.62252 0.34743 0.70126
vn -0.62252 0.34743 0.70126
vn -0.53678 0.46835 0.7018
vn -0.53678 0.46835 0.7018
vn -0.42777 0.5688 0.70248
vn -0.42777 0.5688 0.70248
vn -0.30026 0.64439 0.70329
vn -0.30026 0.64438 0.70329
vn -0.15982 0.69181 0.70417
vn -0.5374 0.84332 0.00302
vn -0.71156 0.70261 -0.00448
vn -0.85006 0.52666 -0.00535
vn -0.86774 0.49697 0.00637
vn -0.95139 0.30792 -0.00599
vn -0.99606 0.08849 -0.00627
vn -0.99927 0.03681 0.00999
vn -0.98829 -0.15245 -0.00622
vn -0.92959 -0.36855 -0.00585
vn -0.9019 -0.43172 0.01407
vn -0.81438 -0.58031 -0.00513
vn -0.66483 -0.74698 -0.00418
vn -0.59796 -0.80131 0.01846
vn -0.46675 -0.88438 -0.00294
vn -0.25826 -0.96607 -0.00163
vn -0.1571 -0.98732 0.02272
vn -0.01956 -0.99981 -0.00012
vn 0.2034 -0.97909 0.00128
vn 0.4318 -0.90197 0.00272
vn 0.4318 -0.90197 0.00272
vn 0.62168 -0.78326 0.00391
vn 0.72322 -0.69004 0.02826
vn 0.79106 -0.61172 0.00498
vn 0.90734 -0.42036 0.00571
vn 0.96108 -0.27483 0.02827
vn 0.98157 -0.191 0.00618
vn 0.99946 0.03222 0.00629
vn 0.97876 0.20337 0.02591
vn 0.96271 0.27047 0.00606
vn 0.87839 0.47792 0.00553
vn 0.7722 0.63503 0.02114
vn 0.73849 0.67425 0.00465
vn 0.56995 0.82167 0.00359
vn 0.38868 0.92126 0.01428
vn 0.35675 0.9342 0.00225
vn 0.13992 0.99016 0.00088
vn -0.08394 0.99645 0.00587
vn -0.10109 0.99488 -0.00064
vn -0.52273 0.85249 -0.00329
vn -0.5374 0.84332 0.00302
vn -0.71155 0.70262 -0.00448
vn -0.85006 0.52666 -0.00535
vn -0.86774 0.49697 0.00637
vn -0.95139 0.30793 -0.00599
vn -0.99606 0.08849 -0.00627
vn -0.99927 0.03681 0.00999
vn -0.92959 -0.36855 -0.00585
vn -0.9019 -0.43172 0.01407
vn -0.81438 -0.58031 -0.00513
vn -0.66483 -0.74698 -0.00418
vn -0.59796 -0.80131 0.01846
vn -0.46675 -0.88438 -0.00294
vn -0.25826 -0.96607 -0.00163
vn -0.15711 -0.98732 0.02272
vn -0.01956 -0.99981 -0.00012
vn 0.2034 -0.97909 0.00128
vn 0.2034 -0.97909 0.00128
vn 0.4318 -0.90197 0.00272
vn 0.62168 -0.78326 0.00391
vn 0.72322 -0.69004 0.02826
vn 0.79106 -0.61172 0.00498
vn 0.90734 -0.42036 0.00571
vn 0.96108 -0.27483 0.02827
vn 0.98157 -0.191 0.00618
vn 0.99946 0.03222 0.00629
vn 0.97876 0.20337 0.02591
vn 0.96271 0.27047 0.00606
vn 0.87839 0.47792 0.00553
vn 0.7722 0.63503 0.02114
vn 0.73849 0.67425 0.00465
vn 0.56995 0.82167 0.00359
vn 0.38868 0.92126 0.01428
vn 0.35675 0.9342 0.00225
vn 0.13992 0.99016 0.00088
vn -0.08394 0.99645 0.00587
vn -0.10109 0.99488 -0.00064
vn -0.52273 0.85249 -0.00329
vn -0.5374 0.84332 0.00302
vn -0.71156 0.70262 -0.00448
vn -0.85006 0.52666 -0.00535
vn -0.86774 0.49697 0.00637
vn -0.95139 0.30792 -0.00599
vn -0.99606 0.08849 -0.00627
vn -0.99927 0.03681 0.00999
vn -0.98829 -0.15245 -0.00622
vn -0.9019 -0.43172 0.01407
vn -0.81438 -0.58031 -0.00513
vn -0.66483 -0.74698 -0.00418
vn -0.59796 -0.80131 0.01846
vn -0.46675 -0.88438 -0.00294
vn -0.25826 -0.96607 -0.00163
vn -0.15711 -0.98732 0.02272
vn -0.01956 -0.99981 -0.00012
vn 0.2034 -0.97909 0.00128
vn 0.2034 -0.97909 0.00128
vn 0.4318 -0.90197 0.00272
vn 0.62168 -0.78326 0.00391
vn 0.72322 -0.69004 0.02826
vn 0.79105 -0.61173 0.00498
vn 0.90734 -0.42036 0.00571
vn 0.96108 -0.27483 0.02827
vn 0.98157 -0.191 0.00618
vn 0.99946 0.03222 0.00629
vn 0.97876 0.20337 0.02591
vn 0.96271 0.27047 0.00606
vn 0.87839 0.47791 0.00553
vn 0.7722 0.63503 0.02114
vn 0.73849 0.67425 0.00465
vn 0.56994 0.82168 0.00359
vn 0.38868 0.92126 0.01428
vn 0.35675 0.9342 0.00225
vn 0.13993 0.99016 0.00088
vn -0.08394 0.99645 0.00587
vn -0.10109 0.99488 -0.00064
vn -0.52273 0.85249 -0.00329
vn 0.00629 -0 -0.99998
vn 0.00629 0 -0.99998
vn 0.00627 1E-05 -0.99998
vn 0.00629 -0 -0.99998
vn 0.00629 0 -0.99998
vn 0.00629 -0 -0.99998
vn 0.00629 0 -0.99998
vn 0.00629 0 -0.99998
vn 0.00629 -0 -0.99998
vn 0.00629 0 -0.99998
vn 0.00629 0 -0.99998
vn 0.00629 -0 -0.99998
vn 0.00629 0 -0.99998
vn 0.00629 0 -0.99998
vn 0.00629 -0 -0.99998
vn 0.00629 -0 -0.99998
vn 0.00629 -0 -0.99998
vn 0.00629 0 -0.99998
vn 0.00629 0 -0.99998
vn 0.00629 0 -0.99998
vn 0.0063 0 -0.99998
vn 0.00629 0 -0.99998
vn 0.00629 -0 -0.99998
vn 0.00629 -0 -0.99998
vn 0.00629 0 -0.99998
vn 0.00629 -0 -0.99998
vn 0.00629 0 -0.99998
vn 0.00629 -0 -0.99998
vn 0.00629 -0 -0.99998
vn 0.00629 -0 -0.99998
vn 0.00629 -0 -0.99998
vn 0.00629 -0 -0.99998
vn 0.00629 0 -0.99998
vn 0.00629 0 -0.99998
vn 0.00629 0 -0.99998
vn 0.00629 -0 -0.99998
vn 0.00629 -0 -0.99998
vn 0.00629 0 -0.99998
vn 0.00629 0 -0.99998
vn 0.00629 -0 -0.99998
vn 0.00629 -0 -0.99998
vn 0.00629 -0 -0.99998
vn 0.00629 -0 -0.99998
vn 0.00629 0 -0.99998
vn 0.00629 0 -0.99998
vn 0.00629 0 -0.99998
vn 0.00629 -0 -0.99998
vn 0.00629 0 -0.99998
vn 0.00629 0 -0.99998
vn 0.00629 -0 -0.99998
vn 0.00629 -0 -0.99998
vn 0.0063 -0 -0.99998
vn 0.00629 0 -0.99998
vn 0.00629 0 -0.99998
vn 0.00629 0 -0.99998
vn 0.00629 -0 -0.99998
vn 0.0063 0 -0.99998
vn 0.00629 0 -0.99998
vn 0.00629 0 -0.99998
vn 0.00629 0 -0.99998
vn 0.00629 -0 -0.99998
vn 0.00629 0 -0.99998
vn 0.00629 -0 -0.99998
vn 0.00629 -0 -0.99998
vn 0.00629 0 -0.99998
vn 0.00629 -0 -0.99998
vn 0.00629 0 -0.99998
vn 0.00629 -0 -0.99998
vn 0.00629 -0 -0.99998
vn 0.00629 0 -0.99998
vn 0.00629 0 -0.99998
vn 0.00629 0 -0.99998
vn 0.00629 0 -0.99998
vn 0.00629 -0 -0.99998
vn 0.00629 0 -0.99998
vn 0.00629 0 -0.99998
vn 0.00629 -0 -0.99998
vn 0.00629 -0 -0.99998
vn 0.00629 -0 -0.99998
vn 0.00629 0 -0.99998
vn 0.00629 -0 -0.99998
vn 0.00629 0 -0.99998
vn 0.00629 -0 -0.99998
vn 0.00629 -0 -0.99998
vn 0.00629 0 -0.99998
vn 0.00629 0 -0.99998
vn 0.00629 -0 -0.99998
vn 0.00629 0 -0.99998
vn 0.00629 0 -0.99998
vn 0.00629 -0 -0.99998
vn 0.00629 0 -0.99998
vn 0.00629 -0 -0.99998
vn 0.00629 0 -0.99998
vn 0.00629 0 -0.99998
vn 0.00629 0 -0.99998
vn 0.00629 0 -0.99998
vn 0.00629 0 -0.99998
vn 0.00629 0 -0.99998
vn 0.00629 0 -0.99998
vn 0.00629 -0 -0.99998
vn 0.00629 0 -0.99998
vn 0.00629 0 -0.99998
vn 0.00629 -0 -0.99998
vn 0.00629 0 -0.99998
vn 0.00629 -0 -0.99998
vn 0.00629 -0 -0.99998
vn 0.00629 -0 -0.99998
vn 0.00629 -0 -0.99998
vn 0.00629 0 -0.99998
vn 0.00629 0 -0.99998
vn 0.00629 -0 -0.99998
vn 0.00629 0 -0.99998
vn 0.00629 0 -0.99998
vn 0.00629 0 -0.99998
vn 0.00629 0 -0.99998
vn 0.00629 0 -0.99998
vn 0.00629 0 -0.99998
vn 0.00629 0 -0.99998
vn 0.00629 -0 -0.99998
vn 0.00629 -0 -0.99998
vn 0.00629 -0 -0.99998
vn -0.00629 0 0.99998
vn -0.27944 0.96016 -0.00176
vn -0.35985 0.93301 -0.00226
vn -0.47545 0.87974 -0.00299
vn -0.47545 0.87974 -0.00299
vn -0.61728 0.78673 -0.00389
vn -0.61728 0.78673 -0.00389
vn -0.74136 0.67109 -0.00467
vn -0.84411 0.53615 -0.00531
vn -0.84411 0.53615 -0.00531
vn -0.92257 0.38578 -0.00581
vn -0.92257 0.38578 -0.00581
vn -0.9745 0.22431 -0.00613
vn -0.9745 0.22431 -0.00613
vn -0.99839 0.05639 -0.00628
vn -0.99839 0.05639 -0.00628
vn -0.99356 -0.11315 -0.00625
vn -0.99356 -0.11315 -0.00625
vn -0.96014 -0.27944 -0.00604
vn -0.89911 -0.43769 -0.00566
vn -0.89911 -0.43769 -0.00566
vn -0.81221 -0.58335 -0.00511
vn -0.81221 -0.58335 -0.00511
vn -0.70194 -0.71222 -0.00442
vn -0.70194 -0.71222 -0.00442
vn -0.57148 -0.82061 -0.0036
vn -0.57148 -0.82061 -0.0036
vn -0.42458 -0.90539 -0.00267
vn -0.26546 -0.96412 -0.00167
vn -0.09871 -0.99512 -0.00062
vn 0.07088 -0.99748 0.00045
vn 0.23843 -0.97116 0.0015
vn 0.39913 -0.91689 0.00251
vn 0.39913 -0.91689 0.00251
vn 0.54834 -0.83625 0.00345
vn 0.68178 -0.73155 0.00429
vn 0.68178 -0.73155 0.00429
vn 0.7956 -0.6058 0.00501
vn 0.7956 -0.6058 0.00501
vn 0.88653 -0.46263 0.00558
vn 0.95197 -0.30615 0.00599
vn 0.95197 -0.30615 0.00599
vn 0.99001 -0.14086 0.00623
vn 0.99001 -0.14086 0.00623
vn 0.99957 0.02849 0.00629
vn 0.98038 0.19701 0.00617
vn 0.93299 0.35986 0.00587
vn 0.93299 0.35986 0.00587
vn 0.85875 0.51236 0.00541
vn 0.85875 0.51236 0.00541
vn 0.75981 0.65013 0.00478
vn 0.75981 0.65013 0.00478
vn 0.63901 0.76919 0.00402
vn 0.63901 0.76919 0.00402
vn 0.49983 0.86612 0.00315
vn 0.49983 0.86612 0.00315
vn 0.34627 0.93813 0.00218
vn 0.18274 0.98316 0.00115
vn 0.01396 0.9999 9E-05
vn 0.01396 0.9999 9E-05
vn -0.15522 0.98788 -0.00098
vn 0.00629 0 -0.99998
vn 0.00629 0 -0.99998
vn -0.28153 0.95955 -0.00177
vn -0.35782 0.93379 -0.00225
vn -0.46777 0.88385 -0.00294
vn -0.46777 0.88385 -0.00294
vn -0.60349 0.79736 -0.0038
vn -0.72358 0.69023 -0.00455
vn -0.82492 0.56522 -0.00519
vn -0.82492 0.56522 -0.00519
vn -0.90491 0.42557 -0.0057
vn -0.90491 0.42557 -0.0057
vn -0.96145 0.2749 -0.00605
vn -0.96145 0.2749 -0.00605
vn -0.9931 0.11711 -0.00625
vn -0.99902 -0.04372 -0.00629
vn -0.99902 -0.04371 -0.00629
vn -0.97908 -0.20341 -0.00616
vn -0.93377 -0.35783 -0.00588
vn -0.93377 -0.35783 -0.00588
vn -0.86428 -0.50299 -0.00544
vn -0.7724 -0.63512 -0.00486
vn -0.7724 -0.63512 -0.00486
vn -0.66052 -0.7508 -0.00416
vn -0.66052 -0.7508 -0.00416
vn -0.53153 -0.84703 -0.00335
vn -0.53153 -0.84703 -0.00335
vn -0.38878 -0.92133 -0.00245
vn -0.38878 -0.92133 -0.00245
vn -0.23596 -0.97176 -0.00149
vn -0.23596 -0.97176 -0.00149
vn -0.07702 -0.99703 -0.00048
vn -0.07702 -0.99703 -0.00048
vn 0.0839 -0.99647 0.00053
vn 0.0839 -0.99647 0.00053
vn 0.24266 -0.97011 0.00153
vn 0.24266 -0.97011 0.00153
vn 0.39513 -0.91862 0.00249
vn 0.53737 -0.84334 0.00338
vn 0.66569 -0.74622 0.00419
vn 0.66569 -0.74622 0.00419
vn 0.77677 -0.62977 0.00489
vn 0.77677 -0.62977 0.00489
vn 0.86773 -0.49701 0.00546
vn 0.86773 -0.49701 0.00546
vn 0.93622 -0.35138 0.00589
vn 0.93622 -0.35138 0.00589
vn 0.98046 -0.19664 0.00617
vn 0.98046 -0.19664 0.00617
vn 0.9993 -0.03682 0.00629
vn 0.9993 -0.03682 0.00629
vn 0.99227 0.12396 0.00625
vn 0.99227 0.12396 0.00625
vn 0.95953 0.28153 0.00604
vn 0.95953 0.28153 0.00604
vn 0.90195 0.43181 0.00568
vn 0.821 0.5709 0.00517
vn 0.71879 0.69521 0.00452
vn 0.71879 0.69521 0.00452
vn 0.59797 0.80151 0.00376
vn 0.59797 0.80151 0.00376
vn 0.46165 0.88706 0.00291
vn 0.31339 0.94962 0.00197
vn 0.31339 0.94962 0.00197
vn 0.157 0.9876 0.00099
vn 0.157 0.9876 0.00099
vn -0.00345 0.99999 -2E-05
vn -0.00345 0.99999 -2E-05
vn -0.16381 0.98649 -0.00103
vn -0.16381 0.98649 -0.00103
vn -0.28153 0.95955 -0.00177
vn 0.11598 -0.99325 -0.00292
vn -0.08004 -0.99679 -0.0005
vn -0.27296 -0.96202 -0.00172
vn -0.298 -0.95453 -0.00869
vn -0.46701 -0.88425 -0.00294
vn -0.63054 -0.77615 -0.00397
vn -0.66043 -0.75076 -0.01365
vn -0.77813 -0.62809 -0.0049
vn -0.88571 -0.46421 -0.00557
vn -0.90865 -0.41719 -0.01741
vn -0.96286 -0.26992 -0.00606
vn -0.99702 -0.07688 -0.00628
vn -0.99974 -0.01151 -0.0197
vn -0.99122 0.1321 -0.00624
vn -0.9464 0.32294 -0.00596
vn -0.91796 0.39616 -0.02041
vn -0.85858 0.51265 -0.0054
vn -0.74207 0.67031 -0.00467
vn -0.67745 0.73531 -0.01963
vn -0.58649 0.80995 -0.00369
vn -0.41721 0.9088 -0.00263
vn -0.3198 0.94732 -0.01762
vn -0.21915 0.97569 -0.00138
vn -0.02459 0.9997 -0.00015
vn 0.09316 0.99554 -0.01478
vn 0.18379 0.98297 0.00116
vn 0.37202 0.92822 0.00234
vn 0.49003 0.87163 -0.01154
vn 0.55687 0.83059 0.00351
vn 0.70821 0.70599 0.00446
vn 0.8022 0.597 -0.00836
vn 0.83952 0.54331 0.00528
vn 0.92938 0.36909 0.00585
vn 0.97568 0.21914 -0.00555
vn 0.9858 0.16779 0.0062
vn 0.99959 -0.02776 0.00629
vn 0.98047 -0.19663 -0.00333
vn 0.97198 -0.23498 0.00612
vn 0.90746 -0.42009 0.00571
vn 0.81573 -0.57842 -0.00168
vn 0.80029 -0.59959 0.00504
vn 0.66794 -0.7442 0.0042
vn 0.50994 -0.86021 -0.00044
vn 0.49862 -0.86682 0.00314
vn 0.12895 -0.99165 0.00081
vn 0.00629 0 -0.99998
vn 0.00629 0 -0.99998
vn 0.00629 0 -0.99998
vn 0.00629 0 -0.99998
vn 0.00629 0 -0.99998
vn 0.00629 0 -0.99998
vn 0.00629 -0 -0.99998
vn 0.00629 -0 -0.99998
vn 0.00629 0 -0.99998
vn 0.00629 0 -0.99998
vn 0.00629 -0 -0.99998
vn 0.00629 -0 -0.99998
vn 0.00629 -0 -0.99998
vn 0.00629 -0 -0.99998
vn 0.00629 0 -0.99998
vn 0.00629 0 -0.99998
vn 0.00629 0 -0.99998
vn 0.00629 -0 -0.99998
vn 0.00629 0 -0.99998
vn 0.00629 0 -0.99998
vn 0.00629 -0 -0.99998
vn 0.00629 0 -0.99998
vn 0.00629 0 -0.99998
vn 0.11599 -0.99325 -0.00292
vn -0.08004 -0.99679 -0.0005
vn -0.298 -0.95453 -0.00869
vn -0.46701 -0.88425 -0.00294
vn -0.63054 -0.77615 -0.00397
vn -0.66043 -0.75076 -0.01365
vn -0.88571 -0.46421 -0.00557
vn -0.90865 -0.41719 -0.01741
vn -0.99702 -0.07688 -0.00628
vn -0.99974 -0.01151 -0.0197
vn -0.99122 0.1321 -0.00624
vn -0.9464 0.32294 -0.00596
vn -0.91796 0.39616 -0.02041
vn -0.85858 0.51265 -0.0054
vn -0.74207 0.67031 -0.00467
vn -0.67745 0.73531 -0.01963
vn -0.58649 0.80995 -0.00369
vn -0.41721 0.9088 -0.00263
vn -0.3198 0.94732 -0.01762
vn -0.21915 0.97569 -0.00138
vn -0.02459 0.9997 -0.00015
vn 0.09316 0.99554 -0.01478
vn 0.18379 0.98297 0.00116
vn 0.37202 0.92822 0.00234
vn 0.55687 0.83059 0.00351
vn 0.70821 0.70599 0.00446
vn 0.8022 0.597 -0.00836
vn 0.83951 0.54331 0.00528
vn 0.92938 0.36909 0.00585
vn 0.97568 0.21914 -0.00555
vn 0.9858 0.16779 0.0062
vn 0.99959 -0.02776 0.00629
vn 0.98047 -0.19663 -0.00333
vn 0.97198 -0.23498 0.00612
vn 0.90746 -0.42009 0.00571
vn 0.81573 -0.57842 -0.00168
vn 0.80029 -0.59959 0.00504
vn 0.66795 -0.7442 0.0042
vn 0.50994 -0.86021 -0.00044
vn 0.49862 -0.86682 0.00314
vn 0.12895 -0.99165 0.00081
vn 0.00629 0 -0.99998
vn 0.00629 0 -0.99998
vn 0.00629 0 -0.99998
vn 0.00629 0 -0.99998
vn 0.00629 0 -0.99998
vn 0.00629 -0 -0.99998
vn 0.00629 -0 -0.99998
vn 0.00629 0 -0.99998
vn 0.00629 0 -0.99998
vn 0.00629 -0 -0.99998
vn 0.00629 -0 -0.99998
vn 0.00629 -0 -0.99998
vn 0.00629 -0 -0.99998
vn 0.00629 0 -0.99998
vn 0.00629 0 -0.99998
vn 0.00629 -0 -0.99998
vn 0.00629 0 -0.99998
vn -0.08004 -0.99679 -0.0005
vn -0.27296 -0.96202 -0.00172
vn -0.298 -0.95453 -0.00869
vn -0.46701 -0.88425 -0.00294
vn -0.63054 -0.77615 -0.00397
vn -0.66043 -0.75076 -0.01365
vn -0.88571 -0.46421 -0.00557
vn -0.90865 -0.41719 -0.01741
vn -0.96287 -0.26991 -0.00606
vn -0.99702 -0.07688 -0.00628
vn -0.99974 -0.01151 -0.0197
vn -0.99122 0.1321 -0.00624
vn -0.9464 0.32294 -0.00596
vn -0.91796 0.39615 -0.02041
vn -0.74207 0.67031 -0.00467
vn -0.67745 0.73531 -0.01963
vn -0.58649 0.80995 -0.00369
vn -0.41721 0.9088 -0.00263
vn -0.3198 0.94732 -0.01762
vn -0.0246 0.9997 -0.00015
vn 0.09316 0.99554 -0.01478
vn 0.18379 0.98297 0.00116
vn 0.37202 0.92822 0.00234
vn 0.49003 0.87163 -0.01154
vn 0.55688 0.83059 0.00351
vn 0.70821 0.70599 0.00446
vn 0.8022 0.597 -0.00836
vn 0.83951 0.54331 0.00528
vn 0.92938 0.36909 0.00585
vn 0.97568 0.21914 -0.00555
vn 0.9858 0.16779 0.0062
vn 0.99959 -0.02776 0.00629
vn 0.98047 -0.19663 -0.00333
vn 0.90746 -0.42009 0.00571
vn 0.81574 -0.57842 -0.00168
vn 0.80029 -0.59959 0.00504
vn 0.66794 -0.7442 0.0042
vn 0.50994 -0.86021 -0.00044
vn 0.49862 -0.86682 0.00314
vn 0.12895 -0.99165 0.00081
vn 0.00629 -0 -0.99998
vn 0.00629 0 -0.99998
vn 0.00629 0 -0.99998
vn 0.00629 -0 -0.99998
vn 0.00629 -0 -0.99998
vn 0.00629 -0 -0.99998
vn 0.00629 -0 -0.99998
vn 0.00629 -0 -0.99998
vn 0.00629 -0 -0.99998
vn 0.17517 -0.98454 -0.00166
vn 0.03326 -0.99945 0.00021
vn -0.10931 -0.99401 -0.00069
vn -0.12278 -0.99242 -0.00604
vn -0.25624 -0.96661 -0.00161
vn -0.39119 -0.92031 -0.00246
vn -0.40982 -0.91211 -0.01009
vn -0.52398 -0.85172 -0.0033
vn -0.63986 -0.76848 -0.00403
vn -0.66043 -0.75076 -0.01364
vn -0.74725 -0.66453 -0.0047
vn -0.83421 -0.55142 -0.00525
vn -0.85235 -0.52271 -0.01657
vn -0.90708 -0.42093 -0.00571
vn -0.95775 -0.28755 -0.00603
vn -0.96852 -0.24822 -0.01875
vn -0.98991 -0.14159 -0.00623
vn -0.99998 0.00073 -0.00629
vn -0.99863 0.04831 -0.02013
vn -0.9887 0.14977 -0.00622
vn -0.95732 0.28895 -0.00603
vn -0.94 0.34054 -0.02068
vn -0.90357 0.42841 -0.00569
vn -0.8334 0.55264 -0.00525
vn -0.79785 0.60251 -0.02045
vn -0.74173 0.67068 -0.00467
vn -0.63873 0.76942 -0.00402
vn -0.5848 0.81094 -0.0195
vn -0.51692 0.85602 -0.00325
vn -0.38984 0.92088 -0.00245
vn -0.31979 0.94732 -0.01797
vn -0.24824 0.9687 -0.00156
vn -0.10786 0.99417 -0.00068
vn -0.02636 0.99952 -0.01599
vn 0.04152 0.99914 0.00026
vn 0.18329 0.98306 0.00115
vn 0.26942 0.96292 -0.01373
vn 0.32775 0.94476 0.00206
vn 0.45887 0.8885 0.00289
vn 0.54128 0.84077 -0.01136
vn 0.58616 0.81018 0.00369
vn 0.6955 0.71852 0.00438
vn 0.76506 0.6439 -0.00903
vn 0.79482 0.60683 0.005
vn 0.87309 0.48754 0.0055
vn 0.92087 0.38982 -0.00686
vn 0.936 0.35196 0.00589
vn 0.97656 0.21517 0.00615
vn 0.99487 0.10109 -0.00494
vn 0.99772 0.06722 0.00628
vn 0.99713 -0.07546 0.00628
vn 0.98047 -0.19663 -0.00332
vn 0.97475 -0.22324 0.00614
vn 0.93305 -0.35969 0.00587
vn 0.87896 -0.47689 -0.00198
vn 0.86903 -0.49474 0.00547
vn 0.78977 -0.61338 0.00497
vn 0.69934 -0.71478 -0.00087
vn 0.68953 -0.72424 0.00434
vn 0.57945 -0.815 0.00365
vn 0.45758 -0.88917 0.00012
vn 0.45151 -0.89226 0.00284
vn 0.18185 -0.98333 0.00114
vn 0.00629 -0 -0.99998
vn 0.00629 -0 -0.99998
vn 0.00629 0 -0.99998
vn 0.00629 -0 -0.99998
vn 0.00629 -0 -0.99998
vn 0.00629 -0 -0.99998
vn 0.00629 -0 -0.99998
vn 0.00629 0 -0.99998
vn 0.00629 0 -0.99998
vn 0.00629 0 -0.99998
vn 0.00629 0 -0.99998
vn 0.00629 0 -0.99998
vn 0.00629 0 -0.99998
vn 0.00629 0 -0.99998
vn 0.00629 0 -0.99998
vn 0.00629 0 -0.99998
vn 0.00629 0 -0.99998
vn 0.00629 -0 -0.99998
vn 0.16779 -0.98582 0.00106
vn 0.16779 -0.98582 0.00106
vn -0.14506 -0.98942 -0.00091
vn -0.14506 -0.98942 -0.00091
vn -0.4437 -0.89617 -0.00279
vn -0.4437 -0.89617 -0.00279
vn -0.69891 -0.7152 -0.0044
vn -0.69891 -0.7152 -0.0044
vn -0.88571 -0.46421 -0.00557
vn -0.88571 -0.46421 -0.00557
vn -0.9858 -0.16779 -0.0062
vn -0.9894 0.14506 -0.00623
vn -0.89615 0.44371 -0.00564
vn -0.89615 0.44371 -0.00564
vn -0.71518 0.69892 -0.0045
vn -0.71518 0.69892 -0.0045
vn -0.4642 0.88572 -0.00292
vn -0.16779 0.98582 -0.00106
vn -0.16779 0.98582 -0.00106
vn 0.14506 0.98942 0.00091
vn 0.14506 0.98942 0.00091
vn 0.4437 0.89617 0.00279
vn 0.4437 0.89617 0.00279
vn 0.69891 0.7152 0.0044
vn 0.69891 0.7152 0.0044
vn 0.88571 0.46421 0.00557
vn 0.88571 0.46421 0.00557
vn 0.9894 -0.14506 0.00623
vn 0.9894 -0.14506 0.00623
vn 0.89615 -0.44371 0.00564
vn 0.89615 -0.44371 0.00564
vn 0.71518 -0.69892 0.0045
vn 0.71518 -0.69892 0.0045
vn 0.4642 -0.88572 0.00292
vn 0.4642 -0.88572 0.00292
vn -0.47869 0.23437 0.84612
vn -0.2981 0.43965 0.84726
vn -0.23971 -0.47336 0.84763
vn -0.44498 -0.29276 0.84634
vn -0.53246 -0.03371 0.84579
vn 0.468 -0.23437 0.85208
vn 0.28741 -0.43965 0.85095
vn 0.02837 -0.52712 0.84932
vn 0.22902 0.47336 0.85058
vn 0.43429 0.29276 0.85187
vn 0.52177 0.03371 0.85242
vn -0.03906 0.52712 0.84889
vn -0.55426 0.83234 -0.00025
vn -0.73734 0.67551 -0.00464
vn -0.87756 0.47943 -0.00552
vn -0.89618 0.4437 0.0003
vn -0.97174 0.23596 -0.00612
vn -0.99997 -0.00345 -0.00629
vn -0.99796 -0.06382 0.00182
vn -0.96501 -0.26215 -0.00607
vn -0.87423 -0.48548 -0.0055
vn -0.83235 -0.55423 0.0045
vn -0.71879 -0.69521 -0.00452
vn -0.53154 -0.84703 -0.00335
vn -0.44374 -0.89612 0.00803
vn -0.2942 -0.95574 -0.00185
vn -0.05693 -0.99838 -0.00036
vn 0.06375 -0.9979 0.01177
vn 0.2034 -0.97909 0.00128
vn 0.4318 -0.90196 0.00272
vn 0.55413 -0.83229 0.01485
vn 0.65053 -0.75947 0.00409
vn 0.81338 -0.58172 0.00512
vn 0.89603 -0.44368 0.01646
vn 0.93622 -0.35138 0.00589
vn 0.9931 -0.11711 0.00625
vn 0.99783 0.06382 0.01601
vn 0.98957 0.14392 0.00623
vn 0.92637 0.37656 0.00583
vn 0.83225 0.55424 0.01334
vn 0.79735 0.6035 0.00502
vn 0.62976 0.77678 0.00396
vn 0.44365 0.89616 0.00873
vn 0.40725 0.91331 0.00256
vn 0.17685 0.98424 0.00111
vn -0.06384 0.99796 0.00283
vn -0.0839 0.99647 -0.00053
vn -0.53737 0.84334 -0.00338
vn 0.2803 0.67442 0.68307
vn 0.28712 0.65375 0.70013
vn 0.44104 0.54949 0.70961
vn 0.57057 0.47261 0.67163
vn 0.56513 0.43107 0.70342
vn 0.6512 0.26651 0.71057
vn 0.73379 0.15331 0.66185
vn 0.70107 0.1026 0.70567
vn 0.69892 -0.08294 0.71037
vn 0.72718 -0.20909 0.65383
vn 0.66188 -0.25007 0.70666
vn 0.57216 -0.41238 0.70892
vn 0.5493 -0.52785 0.6478
vn 0.45785 -0.5397 0.70647
vn 0.22515 -0.67974 0.69804
vn 0.35475 -0.74836 0.56045
vn 0.13992 -0.69485 0.70541
vn -0.11703 -0.70856 0.69588
vn -0.04982 -0.80896 0.58574
vn -0.213 -0.67753 0.70398
vn -0.4334 -0.57505 0.69389
vn -0.4243 -0.67 0.60916
vn -0.51353 -0.49238 0.70274
vn -0.65149 -0.3098 0.69252
vn -0.6789 -0.37479 0.63137
vn -0.68743 -0.18554 0.70215
vn -0.72134 0.02641 0.69208
vn -0.75747 -0.0026 0.65286
vn -0.69185 0.16692 0.70248
vn -0.62694 0.35658 0.69267
vn -0.64941 0.35246 0.67382
vn -0.52588 0.47771 0.70374
vn -0.38992 0.60506 0.69416
vn -0.38992 0.60506 0.69417
vn -0.06458 0.71492 0.69621
vn -0.06458 0.71492 0.69621
vn 0.12062 0.69603 0.70781
vn -0.47869 0.23437 0.84612
vn -0.2981 0.43965 0.84726
vn -0.23971 -0.47336 0.84763
vn -0.44498 -0.29276 0.84634
vn -0.53246 -0.03371 0.84579
vn 0.468 -0.23437 0.85208
vn 0.28741 -0.43965 0.85095
vn 0.02837 -0.52712 0.84932
vn 0.22902 0.47336 0.85058
vn 0.43429 0.29276 0.85187
vn 0.52177 0.03371 0.85242
vn -0.03906 0.52712 0.84889
vn -0.55426 0.83234 -0.00025
vn -0.73733 0.67551 -0.00464
vn -0.87756 0.47943 -0.00552
vn -0.89618 0.4437 0.0003
vn -0.97174 0.23596 -0.00612
vn -0.99997 -0.00345 -0.00629
vn -0.99796 -0.06382 0.00182
vn -0.96501 -0.26215 -0.00607
vn -0.87423 -0.48548 -0.0055
vn -0.83235 -0.55423 0.0045
vn -0.71879 -0.69521 -0.00452
vn -0.53153 -0.84703 -0.00335
vn -0.44374 -0.89612 0.00803
vn -0.2942 -0.95574 -0.00185
vn -0.05693 -0.99838 -0.00036
vn 0.06375 -0.9979 0.01177
vn 0.2034 -0.97909 0.00128
vn 0.4318 -0.90197 0.00272
vn 0.55413 -0.8323 0.01485
vn 0.65053 -0.75947 0.00409
vn 0.81338 -0.58172 0.00512
vn 0.89603 -0.44368 0.01646
vn 0.93622 -0.35138 0.00589
vn 0.9931 -0.11711 0.00625
vn 0.99783 0.06382 0.01601
vn 0.98957 0.14392 0.00623
vn 0.92637 0.37656 0.00583
vn 0.83225 0.55424 0.01334
vn 0.79735 0.6035 0.00502
vn 0.62976 0.77678 0.00396
vn 0.44365 0.89616 0.00873
vn 0.40725 0.91331 0.00256
vn 0.17686 0.98424 0.00111
vn -0.06384 0.99796 0.00283
vn -0.08391 0.99647 -0.00053
vn -0.53737 0.84334 -0.00338
vn 0.2803 0.67442 0.68307
vn 0.28712 0.65375 0.70013
vn 0.44104 0.54949 0.70961
vn 0.57057 0.47261 0.67163
vn 0.56513 0.43107 0.70342
vn 0.6512 0.26651 0.71057
vn 0.73379 0.15331 0.66186
vn 0.70107 0.1026 0.70567
vn 0.69892 -0.08294 0.71037
vn 0.72718 -0.20908 0.65383
vn 0.66188 -0.25007 0.70666
vn 0.57216 -0.41238 0.70893
vn 0.54929 -0.52785 0.6478
vn 0.45785 -0.5397 0.70647
vn 0.22515 -0.67974 0.69804
vn 0.35475 -0.74836 0.56045
vn 0.13992 -0.69485 0.70541
vn -0.11702 -0.70856 0.69588
vn -0.04982 -0.80896 0.58575
vn -0.213 -0.67752 0.70398
vn -0.4334 -0.57505 0.69389
vn -0.42429 -0.67 0.60916
vn -0.51353 -0.49239 0.70274
vn -0.65149 -0.3098 0.69252
vn -0.6789 -0.37479 0.63137
vn -0.68743 -0.18554 0.70215
vn -0.72134 0.02641 0.69208
vn -0.75747 -0.0026 0.65286
vn -0.69185 0.16692 0.70248
vn -0.62694 0.35658 0.69267
vn -0.64941 0.35246 0.67382
vn -0.52588 0.47771 0.70374
vn -0.38992 0.60506 0.69417
vn -0.06458 0.71492 0.69621
vn -0.06458 0.71492 0.69621
vn 0.12062 0.69603 0.70781
vn -0.47869 0.23437 0.84612
vn -0.2981 0.43965 0.84726
vn -0.23971 -0.47336 0.84763
vn -0.44498 -0.29276 0.84634
vn -0.53246 -0.03371 0.84578
vn 0.468 -0.23437 0.85208
vn 0.28741 -0.43965 0.85095
vn 0.02837 -0.52712 0.84931
vn 0.22902 0.47336 0.85058
vn 0.43429 0.29276 0.85187
vn 0.52177 0.03371 0.85242
vn -0.03906 0.52712 0.84889
vn -0.55426 0.83234 -0.00025
vn -0.73733 0.67552 -0.00464
vn -0.87756 0.47943 -0.00552
vn -0.89618 0.4437 0.0003
vn -0.97174 0.23596 -0.00612
vn -0.99997 -0.00345 -0.00629
vn -0.99796 -0.06382 0.00182
vn -0.96501 -0.26215 -0.00607
vn -0.87423 -0.48548 -0.0055
vn -0.83235 -0.55423 0.0045
vn -0.71879 -0.69521 -0.00452
vn -0.53154 -0.84703 -0.00335
vn -0.44374 -0.89612 0.00803
vn -0.2942 -0.95574 -0.00185
vn -0.05693 -0.99838 -0.00036
vn 0.06375 -0.9979 0.01177
vn 0.55413 -0.83229 0.01485
vn 0.65053 -0.75947 0.00409
vn 0.81338 -0.58172 0.00512
vn 0.89603 -0.44368 0.01646
vn 0.93622 -0.35138 0.00589
vn 0.9931 -0.11711 0.00625
vn 0.99783 0.06382 0.01601
vn 0.98957 0.14392 0.00623
vn 0.92637 0.37656 0.00583
vn 0.83225 0.55424 0.01334
vn 0.79735 0.6035 0.00502
vn 0.62975 0.77679 0.00396
vn 0.44365 0.89616 0.00873
vn 0.40725 0.91331 0.00256
vn -0.08391 0.99647 -0.00053
vn -0.53737 0.84334 -0.00338
vn 0.2803 0.67442 0.68307
vn 0.28712 0.65375 0.70013
vn 0.44103 0.54949 0.70961
vn 0.56513 0.43107 0.70342
vn 0.6512 0.26651 0.71057
vn 0.73379 0.15331 0.66185
vn 0.70107 0.1026 0.70567
vn 0.69892 -0.08294 0.71037
vn 0.72718 -0.20909 0.65383
vn 0.66188 -0.25007 0.70666
vn 0.57216 -0.41238 0.70892
vn 0.5493 -0.52785 0.6478
vn 0.45785 -0.5397 0.70647
vn 0.30201 -0.64012 0.70643
vn 0.24107 -0.72587 0.64421
vn 0.13992 -0.69485 0.70541
vn -0.11703 -0.70856 0.69588
vn -0.04982 -0.80896 0.58575
vn -0.213 -0.67753 0.70398
vn -0.4334 -0.57505 0.69389
vn -0.42429 -0.67 0.60916
vn -0.51353 -0.49238 0.70274
vn -0.65149 -0.3098 0.69252
vn -0.6789 -0.37479 0.63137
vn -0.68743 -0.18554 0.70215
vn -0.72134 0.02641 0.69208
vn -0.75747 -0.0026 0.65286
vn -0.69185 0.16692 0.70248
vn -0.62694 0.35658 0.69267
vn -0.64941 0.35246 0.67382
vn -0.52587 0.47771 0.70374
vn -0.06458 0.71492 0.69621
vn -0.06458 0.71492 0.69621
vn -0.47869 0.23437 0.84612
vn -0.2981 0.43965 0.84726
vn -0.23971 -0.47336 0.84763
vn -0.44498 -0.29276 0.84634
vn -0.53246 -0.03371 0.84578
vn 0.468 -0.23437 0.85208
vn 0.28741 -0.43965 0.85095
vn 0.02837 -0.52712 0.84932
vn 0.22902 0.47336 0.85058
vn 0.43429 0.29276 0.85187
vn 0.52177 0.03371 0.85242
vn -0.03906 0.52712 0.84889
vn -0.55426 0.83234 -0.00025
vn -0.73733 0.67552 -0.00464
vn -0.87756 0.47943 -0.00552
vn -0.89618 0.4437 0.0003
vn -0.97174 0.23596 -0.00612
vn -0.99997 -0.00345 -0.00629
vn -0.99796 -0.06382 0.00182
vn -0.96501 -0.26215 -0.00607
vn -0.87423 -0.48548 -0.0055
vn -0.83235 -0.55423 0.0045
vn -0.71879 -0.69521 -0.00452
vn -0.53153 -0.84703 -0.00335
vn -0.44374 -0.89612 0.00803
vn -0.05693 -0.99838 -0.00036
vn 0.06375 -0.9979 0.01177
vn 0.2034 -0.97909 0.00128
vn 0.4318 -0.90196 0.00272
vn 0.55414 -0.83229 0.01485
vn 0.65053 -0.75947 0.00409
vn 0.81337 -0.58172 0.00512
vn 0.89603 -0.44368 0.01646
vn 0.93622 -0.35137 0.00589
vn 0.99783 0.06382 0.01601
vn 0.98957 0.14392 0.00623
vn 0.92637 0.37656 0.00583
vn 0.83225 0.55424 0.01334
vn 0.79735 0.6035 0.00502
vn 0.62976 0.77678 0.00396
vn 0.44365 0.89616 0.00873
vn 0.40725 0.91331 0.00256
vn 0.17684 0.98424 0.00111
vn -0.06384 0.99796 0.00283
vn -0.0839 0.99647 -0.00053
vn -0.53737 0.84334 -0.00338
vn 0.2803 0.67442 0.68307
vn 0.28712 0.65375 0.70013
vn 0.44104 0.54949 0.70961
vn 0.57057 0.47261 0.67163
vn 0.56513 0.43107 0.70342
vn 0.73379 0.15331 0.66185
vn 0.70107 0.1026 0.70567
vn 0.69892 -0.08294 0.71037
vn 0.72718 -0.20909 0.65383
vn 0.66188 -0.25007 0.70666
vn 0.57216 -0.41238 0.70892
vn 0.54929 -0.52785 0.6478
vn 0.45785 -0.5397 0.70647
vn 0.22515 -0.67974 0.69804
vn 0.35475 -0.74836 0.56045
vn 0.13992 -0.69485 0.70541
vn -0.04982 -0.80896 0.58575
vn -0.213 -0.67752 0.70398
vn -0.4334 -0.57505 0.69389
vn -0.42429 -0.67 0.60916
vn -0.51353 -0.49238 0.70274
vn -0.65149 -0.3098 0.69252
vn -0.6789 -0.37479 0.63137
vn -0.68743 -0.18554 0.70215
vn -0.72134 0.02641 0.69208
vn -0.75747 -0.0026 0.65286
vn -0.69185 0.16692 0.70248
vn -0.62694 0.35658 0.69267
vn -0.64941 0.35246 0.67382
vn -0.52587 0.47771 0.70374
vn -0.38992 0.60506 0.69416
vn -0.38992 0.60506 0.69417
vn -0.06458 0.71492 0.69621
vn -0.06458 0.71492 0.69621
vn 0.1206 0.69603 0.70781
vn -0.47869 0.23437 0.84612
vn -0.2981 0.43965 0.84726
vn -0.23971 -0.47336 0.84763
vn -0.44498 -0.29276 0.84634
vn -0.53246 -0.03371 0.84578
vn 0.468 -0.23437 0.85208
vn 0.28741 -0.43965 0.85095
vn 0.02837 -0.52712 0.84932
vn 0.43429 0.29276 0.85187
vn 0.52177 0.03371 0.85242
vn -0.03906 0.52712 0.84889
vn -0.55426 0.83234 -0.00025
vn -0.73732 0.67553 -0.00464
vn -0.87756 0.47943 -0.00552
vn -0.89618 0.4437 0.0003
vn -0.97174 0.23596 -0.00612
vn -0.99997 -0.00345 -0.00629
vn -0.99796 -0.06382 0.00182
vn -0.96501 -0.26215 -0.00607
vn -0.87423 -0.48548 -0.0055
vn -0.83235 -0.55423 0.0045
vn -0.53154 -0.84703 -0.00335
vn -0.44374 -0.89612 0.00803
vn -0.2942 -0.95574 -0.00185
vn -0.05693 -0.99838 -0.00036
vn 0.06375 -0.9979 0.01177
vn 0.2034 -0.97909 0.00128
vn 0.4318 -0.90197 0.00272
vn 0.55414 -0.83229 0.01485
vn 0.65053 -0.75947 0.00409
vn 0.89603 -0.44368 0.01646
vn 0.93622 -0.35138 0.00589
vn 0.98957 0.14392 0.00623
vn 0.92637 0.37656 0.00583
vn 0.83225 0.55424 0.01334
vn 0.79735 0.6035 0.00502
vn 0.62975 0.77679 0.00396
vn 0.17685 0.98424 0.00111
vn -0.06384 0.99796 0.00283
vn -0.08391 0.99647 -0.00053
vn -0.53737 0.84334 -0.00338
vn 0.2803 0.67442 0.68307
vn 0.28712 0.65375 0.70013
vn 0.44103 0.54949 0.70961
vn 0.57057 0.47261 0.67163
vn 0.56513 0.43107 0.70342
vn 0.6512 0.26651 0.71057
vn 0.73379 0.15331 0.66185
vn 0.70107 0.1026 0.70567
vn 0.69892 -0.08294 0.71037
vn 0.72718 -0.20909 0.65383
vn 0.66188 -0.25008 0.70666
vn 0.57216 -0.41238 0.70892
vn 0.5493 -0.52785 0.6478
vn 0.45785 -0.5397 0.70647
vn 0.22515 -0.67974 0.69804
vn 0.35475 -0.74836 0.56045
vn 0.13992 -0.69485 0.70541
vn -0.11702 -0.70856 0.69588
vn -0.04982 -0.80896 0.58575
vn -0.213 -0.67753 0.70398
vn -0.4334 -0.57505 0.69389
vn -0.4243 -0.67 0.60916
vn -0.51353 -0.49238 0.70274
vn -0.65149 -0.3098 0.69252
vn -0.6789 -0.37479 0.63137
vn -0.68743 -0.18554 0.70215
vn -0.72134 0.02641 0.69208
vn -0.69185 0.16692 0.70248
vn -0.62694 0.35658 0.69267
vn -0.64941 0.35246 0.67382
vn -0.52587 0.47772 0.70374
vn -0.38992 0.60506 0.69417
vn -0.38992 0.60506 0.69417
vn -0.06458 0.71492 0.69621
vn -0.06458 0.71493 0.69621
vn 0.12062 0.69603 0.70781
vn -0.47869 0.23437 0.84612
vn -0.2981 0.43965 0.84726
vn -0.23971 -0.47336 0.84763
vn -0.44498 -0.29276 0.84634
vn -0.53246 -0.03371 0.84579
vn 0.468 -0.23437 0.85208
vn 0.28741 -0.43965 0.85095
vn 0.02837 -0.52712 0.84932
vn 0.22902 0.47336 0.85058
vn 0.43429 0.29276 0.85187
vn -0.03906 0.52712 0.84889
vn -0.55426 0.83234 -0.00025
vn -0.73733 0.67551 -0.00464
vn -0.87756 0.47943 -0.00552
vn -0.89618 0.4437 0.0003
vn -0.97174 0.23596 -0.00612
vn -0.87423 -0.48548 -0.0055
vn -0.53153 -0.84703 -0.00335
vn -0.44374 -0.89612 0.00803
vn -0.2942 -0.95574 -0.00185
vn -0.05693 -0.99838 -0.00036
vn 0.06375 -0.9979 0.01177
vn 0.2034 -0.97909 0.00128
vn 0.4318 -0.90197 0.00272
vn 0.55414 -0.83229 0.01485
vn 0.65053 -0.75947 0.00409
vn 0.81337 -0.58172 0.00512
vn 0.93622 -0.35137 0.00589
vn 0.9931 -0.11711 0.00625
vn 0.98957 0.14392 0.00623
vn 0.92638 0.37656 0.00583
vn 0.83225 0.55424 0.01334
vn 0.79735 0.6035 0.00502
vn 0.62976 0.77678 0.00396
vn 0.44365 0.89616 0.00873
vn 0.40725 0.91331 0.00256
vn 0.17686 0.98423 0.00111
vn -0.06384 0.99796 0.00283
vn -0.0839 0.99647 -0.00053
vn -0.53737 0.84334 -0.00338
vn 0.2803 0.67442 0.68307
vn 0.28712 0.65375 0.70013
vn 0.44104 0.54949 0.70961
vn 0.57057 0.47261 0.67163
vn 0.56513 0.43107 0.70342
vn 0.6512 0.26651 0.71057
vn 0.73379 0.15331 0.66186
vn 0.70107 0.1026 0.70567
vn 0.69892 -0.08295 0.71037
vn 0.72718 -0.20909 0.65383
vn 0.66188 -0.25007 0.70666
vn 0.57216 -0.41238 0.70892
vn 0.54929 -0.52785 0.6478
vn 0.45785 -0.5397 0.70647
vn 0.30201 -0.64012 0.70643
vn 0.24107 -0.72586 0.64421
vn 0.13992 -0.69485 0.70541
vn -0.11702 -0.70856 0.69588
vn -0.04982 -0.80896 0.58575
vn -0.213 -0.67752 0.70398
vn -0.4334 -0.57505 0.69389
vn -0.42429 -0.67 0.60916
vn -0.51353 -0.49239 0.70274
vn -0.65149 -0.3098 0.69252
vn -0.6789 -0.37479 0.63137
vn -0.68743 -0.18554 0.70215
vn -0.72134 0.02642 0.69208
vn -0.69185 0.16692 0.70248
vn -0.62694 0.35658 0.69267
vn -0.64941 0.35246 0.67383
vn -0.52588 0.47771 0.70374
vn -0.38992 0.60506 0.69417
vn -0.38992 0.60506 0.69417
vn -0.06458 0.71492 0.69621
vn -0.06458 0.71492 0.69621
vn 0.12062 0.69603 0.70781
vn 0.24616 0.69135 0.67929
vn 0.25057 0.66767 0.70102
vn 0.39868 0.58118 0.70942
vn 0.53319 0.52573 0.66281
vn 0.5225 0.48107 0.70397
vn 0.61708 0.33816 0.71053
vn 0.72083 0.24479 0.64845
vn 0.6814 0.19268 0.7061
vn 0.70312 0.02281 0.7107
vn 0.76538 -0.09522 0.6365
vn 0.69384 -0.13587 0.70719
vn 0.63834 -0.29779 0.70982
vn 0.65364 -0.42328 0.62736
vn 0.5576 -0.43462 0.70724
vn 0.43633 -0.55534 0.70796
vn 0.40668 -0.66958 0.6215
vn 0.30201 -0.64012 0.70643
vn 0.06799 -0.71236 0.69852
vn 0.17105 -0.83897 0.5166
vn -0.01831 -0.70887 0.7051
vn -0.24825 -0.67322 0.69652
vn -0.21859 -0.80467 0.55202
vn -0.3351 -0.62652 0.70369
vn -0.5162 -0.50074 0.69484
vn -0.54145 -0.6042 0.58462
vn -0.58098 -0.41083 0.70262
vn -0.68277 -0.22909 0.69379
vn -0.73357 -0.28929 0.61497
vn -0.70374 -0.10787 0.70222
vn -0.71498 0.08794 0.69359
vn -0.76247 0.06738 0.64351
vn -0.67739 0.2178 0.70265
vn -0.60646 0.38755 0.69427
vn -0.63191 0.38888 0.67042
vn -0.50764 0.49686 0.70387
vn -0.37868 0.6104 0.6957
vn -0.37868 0.6104 0.6957
vn -0.07678 0.71236 0.6976
vn -0.07678 0.71236 0.69761
vn 0.0945 0.7002 0.70766
vn 0.24616 0.69135 0.67929
vn 0.25057 0.66768 0.70102
vn 0.39868 0.58119 0.70942
vn 0.53319 0.52573 0.66281
vn 0.5225 0.48107 0.70397
vn 0.61708 0.33816 0.71053
vn 0.72083 0.24479 0.64845
vn 0.6814 0.19268 0.7061
vn 0.70312 0.02281 0.7107
vn 0.76538 -0.09522 0.6365
vn 0.69384 -0.13587 0.70719
vn 0.63834 -0.29779 0.70982
vn 0.65364 -0.42328 0.62736
vn 0.5576 -0.43462 0.70724
vn 0.43633 -0.55534 0.70797
vn 0.40668 -0.66958 0.6215
vn 0.30201 -0.64012 0.70643
vn 0.06799 -0.71236 0.69852
vn 0.17105 -0.83897 0.5166
vn -0.01831 -0.70887 0.7051
vn -0.24825 -0.67322 0.69653
vn -0.21859 -0.80466 0.55203
vn -0.3351 -0.62652 0.70369
vn -0.5162 -0.50074 0.69484
vn -0.54145 -0.6042 0.58462
vn -0.58098 -0.41083 0.70262
vn -0.68277 -0.22909 0.69379
vn -0.73357 -0.28929 0.61497
vn -0.70374 -0.10787 0.70222
vn -0.71498 0.08794 0.69359
vn -0.76247 0.06738 0.64351
vn -0.67739 0.2178 0.70265
vn -0.60646 0.38755 0.69427
vn -0.63191 0.38888 0.67042
vn -0.50763 0.49686 0.70387
vn -0.37868 0.61041 0.6957
vn -0.37868 0.6104 0.6957
vn -0.07678 0.71236 0.6976
vn -0.07678 0.71236 0.6976
vn 0.0945 0.7002 0.70766
vn 0.24616 0.69136 0.67929
vn 0.25057 0.66768 0.70102
vn 0.39869 0.58118 0.70942
vn 0.53319 0.52573 0.66282
vn 0.5225 0.48107 0.70397
vn 0.61708 0.33817 0.71053
vn 0.72083 0.24479 0.64845
vn 0.6814 0.19268 0.7061
vn 0.70312 0.02281 0.7107
vn 0.76538 -0.09522 0.6365
vn 0.69384 -0.13587 0.70719
vn 0.63834 -0.29779 0.70982
vn 0.65364 -0.42328 0.62736
vn 0.5576 -0.43462 0.70724
vn 0.43633 -0.55534 0.70796
vn 0.40668 -0.66958 0.6215
vn 0.30201 -0.64011 0.70643
vn 0.06799 -0.71236 0.69852
vn 0.17105 -0.83897 0.5166
vn -0.01831 -0.70887 0.7051
vn -0.24825 -0.67322 0.69652
vn -0.21859 -0.80466 0.55203
vn -0.3351 -0.62652 0.70369
vn -0.5162 -0.50074 0.69484
vn -0.54145 -0.6042 0.58461
vn -0.58098 -0.41083 0.70262
vn -0.68277 -0.22909 0.69379
vn -0.73357 -0.28929 0.61497
vn -0.70374 -0.10787 0.70222
vn -0.71498 0.08794 0.69359
vn -0.76247 0.06738 0.64351
vn -0.67738 0.2178 0.70265
vn -0.60646 0.38755 0.69427
vn -0.63191 0.38888 0.67042
vn -0.50763 0.49686 0.70387
vn -0.37868 0.61041 0.6957
vn -0.37868 0.6104 0.6957
vn -0.07678 0.71236 0.6976
vn -0.07678 0.71236 0.6976
vn 0.0945 0.7002 0.70766
vn -0.44245 0.56944 -0.6928
vn -0.38586 0.58963 -0.70955
vn -0.33235 0.62319 -0.70794
vn -0.33235 0.62319 -0.70794
vn -0.25012 0.66003 -0.70838
vn -0.25012 0.66003 -0.70838
vn -0.19323 0.67924 -0.70802
vn -0.19323 0.67924 -0.70802
vn -0.10551 0.69979 -0.70651
vn 0.01761 0.72466 -0.68888
vn -0.04259 0.70554 -0.70739
vn -0.10551 0.6998 -0.70651
vn -0.43517 0.5553 -0.70871
vn -0.52072 0.47539 -0.70912
vn -0.52072 0.47539 -0.70912
vn -0.59351 0.3798 -0.70958
vn -0.59351 0.3798 -0.70958
vn -0.64909 0.27328 -0.70993
vn -0.64909 0.27328 -0.70993
vn -0.68587 0.1589 -0.71016
vn -0.68587 0.1589 -0.71016
vn -0.7028 0.03994 -0.71027
vn -0.70279 0.03995 -0.71027
vn -0.69937 -0.08016 -0.71025
vn -0.69938 -0.08016 -0.71025
vn -0.67571 -0.19795 -0.7101
vn -0.67571 -0.19795 -0.7101
vn -0.63247 -0.31005 -0.70982
vn -0.63247 -0.31005 -0.70983
vn -0.57091 -0.41323 -0.70944
vn -0.57091 -0.41323 -0.70944
vn -0.4928 -0.50453 -0.70895
vn -0.4928 -0.50453 -0.70895
vn -0.40038 -0.5813 -0.70836
vn -0.40038 -0.5813 -0.70837
vn -0.29632 -0.64136 -0.70771
vn -0.29632 -0.64136 -0.70771
vn -0.18361 -0.68296 -0.707
vn -0.18361 -0.68297 -0.707
vn -0.06548 -0.70492 -0.70625
vn -0.06548 -0.70492 -0.70626
vn 0.05465 -0.7066 -0.7055
vn 0.17335 -0.68795 -0.70475
vn 0.17335 -0.68795 -0.70475
vn 0.28718 -0.64951 -0.70404
vn 0.28718 -0.64951 -0.70404
vn 0.39287 -0.59238 -0.70337
vn 0.39288 -0.59238 -0.70337
vn 0.4874 -0.51821 -0.70278
vn 0.4874 -0.51822 -0.70278
vn 0.56803 -0.42914 -0.70227
vn 0.56803 -0.42914 -0.70227
vn 0.63245 -0.32772 -0.70186
vn 0.63245 -0.32772 -0.70186
vn 0.6788 -0.21687 -0.70157
vn 0.6788 -0.21687 -0.70157
vn 0.70575 -0.09978 -0.7014
vn 0.70575 -0.09978 -0.7014
vn 0.71252 0.02018 -0.70136
vn 0.71252 0.02018 -0.70136
vn 0.69893 0.13956 -0.70144
vn 0.69893 0.13956 -0.70144
vn 0.66535 0.25492 -0.70166
vn 0.66535 0.25492 -0.70166
vn 0.61277 0.36295 -0.70199
vn 0.61276 0.36295 -0.70199
vn 0.54268 0.46054 -0.70243
vn 0.54268 0.46054 -0.70243
vn 0.45711 0.54488 -0.70296
vn 0.45711 0.54488 -0.70297
vn 0.35851 0.61354 -0.70359
vn 0.35851 0.61354 -0.70359
vn 0.24973 0.66456 -0.70427
vn 0.24973 0.66456 -0.70427
vn 0.1339 0.69645 -0.705
vn 0.1339 0.69645 -0.705
vn 0.01433 0.70831 -0.70575
vn 0.49994 -0.52768 -0.68674
vn 0.49426 -0.51448 -0.70072
vn 0.56293 -0.43374 -0.70355
vn 0.63888 -0.3728 -0.67294
vn 0.62149 -0.35129 -0.70024
vn 0.66429 -0.25436 -0.70287
vn 0.72869 -0.18156 -0.66034
vn 0.69626 -0.15844 -0.70008
vn 0.70966 -0.05337 -0.70252
vn 0.76005 0.03031 -0.64916
vn 0.71229 0.04769 -0.70027
vn 0.69518 0.15219 -0.70254
vn 0.72872 0.24472 -0.63959
vn 0.66824 0.24961 -0.70082
vn 0.62207 0.34488 -0.70291
vn 0.63609 0.44298 -0.63179
vn 0.56792 0.43021 -0.7017
vn 0.49652 0.50835 -0.7036
vn 0.48915 0.6075 -0.62584
vn 0.41986 0.57418 -0.70287
vn 0.32916 0.62873 -0.70453
vn 0.29991 0.7235 -0.62178
vn 0.23665 0.66935 -0.70425
vn 0.13417 0.69578 -0.70561
vn 0.08436 0.78039 -0.61958
vn 0.03385 0.70767 -0.70573
vn -0.07191 0.70379 -0.70676
vn -0.13903 0.77283 -0.61919
vn -0.17133 0.68593 -0.70721
vn -0.31647 0.63414 -0.70549
vn -0.3324 0.79275 -0.51093
vn -0.3615 0.606 -0.70858
vn -0.48212 0.51805 -0.70653
vn -0.5368 0.65068 -0.53709
vn -0.52053 0.47469 -0.70973
vn -0.60836 0.35998 -0.70732
vn -0.68851 0.45888 -0.56159
vn -0.63494 0.30316 -0.7106
vn -0.68496 0.17275 -0.70781
vn -0.77655 0.23549 -0.5844
vn -0.69507 0.10596 -0.7111
vn -0.7057 -0.02847 -0.70794
vn -0.79582 0.00059 -0.60553
vn -0.69581 -0.10016 -0.71121
vn -0.66892 -0.22739 -0.70771
vn -0.74729 -0.22554 -0.62505
vn -0.63714 -0.29772 -0.71093
vn -0.57758 -0.40788 -0.70713
vn -0.63765 -0.42415 -0.64305
vn -0.52403 -0.46998 -0.71029
vn -0.43909 -0.55533 -0.70626
vn -0.47846 -0.57961 -0.65964
vn -0.3661 -0.60232 -0.70935
vn -0.26468 -0.6578 -0.70516
vn -0.28503 -0.68054 -0.675
vn -0.17675 -0.68353 -0.7082
vn -0.06846 -0.70697 -0.70393
vn -0.07491 -0.72061 -0.68928
vn 0.02797 -0.70672 -0.70694
vn 0.13367 -0.69886 -0.70265
vn 0.13367 -0.69886 -0.70265
vn 0.32532 -0.63414 -0.70145
vn 0.32532 -0.63414 -0.70145
vn 0.41419 -0.5763 -0.70451
vn 0.58364 -0.44601 -0.67856
vn 0.57506 -0.42754 -0.69751
vn 0.64623 -0.2971 -0.70293
vn 0.72465 -0.19427 -0.66117
vn 0.69669 -0.16736 -0.69757
vn 0.71154 -0.01964 -0.70237
vn 0.7567 0.09787 -0.6464
vn 0.70579 0.11938 -0.69829
vn 0.66206 0.26116 -0.70247
vn 0.67081 0.38357 -0.63473
vn 0.60113 0.38617 -0.69965
vn 0.50576 0.49974 -0.70318
vn 0.47796 0.61572 -0.62645
vn 0.39989 0.58983 -0.70156
vn 0.26791 0.65736 -0.70434
vn 0.20758 0.75528 -0.62166
vn 0.13484 0.69747 -0.70381
vn -0.01299 0.70838 -0.70572
vn -0.09731 0.77832 -0.62028
vn -0.15095 0.69181 -0.70613
vn -0.35157 0.61885 -0.70244
vn -0.35423 0.77867 -0.51787
vn -0.41114 0.57392 -0.70822
vn -0.56129 0.43551 -0.70376
vn -0.61693 0.56039 -0.55259
vn -0.6036 0.36306 -0.70983
vn -0.68489 0.18587 -0.70454
vn -0.76776 0.26323 -0.58417
vn -0.6972 0.09351 -0.71075
vn -0.70355 -0.09207 -0.70466
vn -0.78804 -0.06106 -0.61258
vn -0.67687 -0.19099 -0.7109
vn -0.61443 -0.35599 -0.7041
vn -0.68117 -0.3591 -0.638
vn -0.54598 -0.4443 -0.71029
vn -0.43109 -0.56571 -0.70294
vn -0.47081 -0.58463 -0.66072
vn -0.32583 -0.62536 -0.70905
vn -0.18146 -0.68931 -0.70137
vn -0.19589 -0.70549 -0.68111
vn -0.05215 -0.70487 -0.70742
vn 0.09647 -0.70797 -0.69962
vn 0.09647 -0.70797 -0.69962
vn 0.36039 -0.61885 -0.69796
vn 0.36039 -0.61885 -0.69796
vn 0.47678 -0.52625 -0.70409
vn 0.58364 -0.44601 -0.67856
vn 0.57506 -0.42754 -0.69751
vn 0.64623 -0.2971 -0.70293
vn 0.72465 -0.19427 -0.66116
vn 0.69669 -0.16736 -0.69757
vn 0.71154 -0.01964 -0.70237
vn 0.7567 0.09787 -0.6464
vn 0.7058 0.11938 -0.69829
vn 0.66207 0.26116 -0.70247
vn 0.67081 0.38357 -0.63473
vn 0.60113 0.38617 -0.69965
vn 0.50576 0.49974 -0.70318
vn 0.47796 0.61572 -0.62645
vn 0.39989 0.58983 -0.70156
vn 0.26791 0.65736 -0.70434
vn 0.20758 0.75528 -0.62166
vn 0.13484 0.69747 -0.70381
vn -0.01299 0.70838 -0.70571
vn -0.09731 0.77832 -0.62028
vn -0.15095 0.69181 -0.70613
vn -0.35157 0.61885 -0.70244
vn -0.35423 0.77867 -0.51787
vn -0.41114 0.57392 -0.70822
vn -0.56129 0.43551 -0.70376
vn -0.61693 0.56039 -0.5526
vn -0.6036 0.36306 -0.70983
vn -0.68489 0.18587 -0.70454
vn -0.76776 0.26323 -0.58417
vn -0.6972 0.09351 -0.71075
vn -0.70355 -0.09207 -0.70466
vn -0.78804 -0.06106 -0.61258
vn -0.67687 -0.19099 -0.7109
vn -0.61443 -0.35599 -0.7041
vn -0.68117 -0.3591 -0.638
vn -0.54598 -0.4443 -0.71028
vn -0.43109 -0.56571 -0.70294
vn -0.47081 -0.58463 -0.66072
vn -0.32583 -0.62537 -0.70905
vn -0.18146 -0.68931 -0.70137
vn -0.19589 -0.70549 -0.68111
vn -0.05215 -0.70487 -0.70742
vn 0.09647 -0.70797 -0.69962
vn 0.09647 -0.70797 -0.69962
vn 0.36039 -0.61885 -0.69796
vn 0.47677 -0.52625 -0.70409
vn 0.58364 -0.44601 -0.67856
vn 0.57506 -0.42754 -0.69751
vn 0.64623 -0.2971 -0.70293
vn 0.72465 -0.19427 -0.66117
vn 0.69669 -0.16736 -0.69757
vn 0.71154 -0.01964 -0.70237
vn 0.7567 0.09787 -0.6464
vn 0.70579 0.11938 -0.69829
vn 0.66207 0.26116 -0.70247
vn 0.67081 0.38357 -0.63473
vn 0.60113 0.38617 -0.69965
vn 0.50576 0.49974 -0.70318
vn 0.47796 0.61572 -0.62645
vn 0.39989 0.58983 -0.70156
vn 0.26791 0.65736 -0.70434
vn 0.20758 0.75528 -0.62166
vn 0.13484 0.69747 -0.70381
vn -0.01299 0.70838 -0.70572
vn -0.09731 0.77832 -0.62028
vn -0.15095 0.69181 -0.70613
vn -0.35157 0.61885 -0.70244
vn -0.35423 0.77867 -0.51787
vn -0.41114 0.57392 -0.70822
vn -0.56129 0.43551 -0.70376
vn -0.61693 0.56039 -0.55259
vn -0.68489 0.18587 -0.70454
vn -0.76777 0.26323 -0.58416
vn -0.6972 0.09351 -0.71075
vn -0.70355 -0.09207 -0.70466
vn -0.78804 -0.06106 -0.61259
vn -0.67687 -0.19099 -0.7109
vn -0.61443 -0.35599 -0.7041
vn -0.68117 -0.3591 -0.638
vn -0.54598 -0.4443 -0.71028
vn -0.4311 -0.56571 -0.70294
vn -0.47081 -0.58463 -0.66072
vn -0.32584 -0.62536 -0.70905
vn -0.18146 -0.68931 -0.70137
vn 0.09647 -0.70797 -0.69962
vn 0.09647 -0.70797 -0.69962
vn 0.36039 -0.61885 -0.69796
vn 0.36039 -0.61885 -0.69796
vn 0.47678 -0.52625 -0.70409
vn -0.22902 -0.47336 -0.85058
vn 0.03906 -0.52712 -0.84889
vn -0.468 0.23437 -0.85208
vn -0.52177 -0.03371 -0.85242
vn -0.43429 -0.29276 -0.85187
vn 0.23971 0.47336 -0.84763
vn -0.02837 0.52712 -0.84932
vn -0.28741 0.43965 -0.85095
vn 0.47869 -0.23437 -0.84612
vn 0.53246 0.03371 -0.84578
vn 0.44498 0.29276 -0.84634
vn 0.2981 -0.43965 -0.84726
vn 0.06382 -0.99796 0.0004
vn -0.4437 -0.89617 -0.00279
vn -0.4437 -0.89617 -0.00279
vn -0.83233 -0.55425 -0.00524
vn -0.99794 -0.06382 -0.00628
vn -0.89615 0.44371 -0.00564
vn -0.55424 0.83235 -0.00349
vn -0.55424 0.83235 -0.00349
vn -0.06382 0.99796 -0.0004
vn -0.06382 0.99796 -0.0004
vn 0.4437 0.89617 0.00279
vn 0.83233 0.55425 0.00524
vn 0.83233 0.55425 0.00524
vn 0.99794 0.06382 0.00628
vn 0.89615 -0.44371 0.00564
vn 0.55424 -0.83235 0.00349
vn 0.55424 -0.83235 0.00349
vn -0.31476 -0.64458 -0.69674
vn -0.31476 -0.64458 -0.69674
vn -0.59429 -0.39865 -0.6985
vn -0.59429 -0.39865 -0.6985
vn -0.7134 -0.04591 -0.69925
vn -0.7134 -0.04591 -0.69925
vn -0.64019 0.31914 -0.69879
vn -0.64019 0.31914 -0.69879
vn -0.39427 0.59867 -0.69724
vn -0.39427 0.59867 -0.69724
vn -0.04153 0.71779 -0.69502
vn -0.04153 0.71779 -0.69502
vn 0.32351 0.64458 -0.69272
vn 0.3235 0.64458 -0.69272
vn 0.60303 0.39865 -0.69096
vn 0.60303 0.39865 -0.69097
vn 0.72215 0.04591 -0.69022
vn 0.72215 0.04591 -0.69022
vn 0.64894 -0.31914 -0.69068
vn 0.64894 -0.31914 -0.69068
vn 0.40301 -0.59867 -0.69222
vn 0.40301 -0.59867 -0.69222
vn 0.05028 -0.71779 -0.69444
vn 0.05028 -0.71779 -0.69444
vn -0.22902 -0.47336 -0.85058
vn -0.468 0.23437 -0.85208
vn -0.52177 -0.03371 -0.85242
vn -0.43429 -0.29276 -0.85187
vn 0.23971 0.47336 -0.84763
vn -0.28741 0.43965 -0.85095
vn 0.47869 -0.23437 -0.84612
vn 0.53246 0.03371 -0.84578
vn 0.44498 0.29276 -0.84634
vn -0.4437 -0.89617 -0.00279
vn -0.4437 -0.89617 -0.00279
vn -0.83233 -0.55425 -0.00524
vn -0.99794 -0.06382 -0.00628
vn -0.99794 -0.06382 -0.00628
vn -0.89615 0.44371 -0.00564
vn -0.89615 0.44371 -0.00564
vn -0.55424 0.83235 -0.00349
vn -0.55424 0.83235 -0.00349
vn -0.06382 0.99796 -0.0004
vn -0.06382 0.99796 -0.0004
vn 0.4437 0.89617 0.00279
vn 0.83233 0.55425 0.00524
vn 0.83233 0.55425 0.00524
vn 0.99794 0.06382 0.00628
vn -0.31476 -0.64458 -0.69674
vn -0.31476 -0.64458 -0.69674
vn -0.59429 -0.39865 -0.6985
vn -0.59429 -0.39865 -0.6985
vn -0.7134 -0.04591 -0.69925
vn -0.7134 -0.04591 -0.69925
vn -0.64019 0.31914 -0.69879
vn -0.64019 0.31914 -0.69879
vn -0.39427 0.59867 -0.69724
vn -0.39427 0.59867 -0.69724
vn -0.04153 0.71779 -0.69502
vn -0.04153 0.71779 -0.69502
vn 0.32351 0.64458 -0.69272
vn 0.3235 0.64458 -0.69272
vn 0.60303 0.39865 -0.69097
vn 0.60303 0.39865 -0.69096
vn 0.72215 0.04591 -0.69021
vn 0.72215 0.04591 -0.69022
vn 0.64894 -0.31914 -0.69068
vn 0.64894 -0.31914 -0.69068
vn 0.40301 -0.59867 -0.69222
vn 0.40301 -0.59867 -0.69222
vn 0.05028 -0.71779 -0.69444
vn 0.05028 -0.71779 -0.69444
vn -0.22902 -0.47336 -0.85058
vn 0.03906 -0.52712 -0.84889
vn -0.468 0.23437 -0.85208
vn -0.52177 -0.03371 -0.85242
vn -0.43429 -0.29276 -0.85187
vn 0.23971 0.47336 -0.84763
vn -0.02837 0.52712 -0.84932
vn -0.28741 0.43965 -0.85095
vn 0.47869 -0.23437 -0.84612
vn 0.53246 0.03371 -0.84579
vn 0.44498 0.29276 -0.84634
vn 0.2981 -0.43965 -0.84726
vn 0.06382 -0.99796 0.0004
vn 0.06382 -0.99796 0.0004
vn -0.4437 -0.89617 -0.00279
vn -0.4437 -0.89617 -0.00279
vn -0.83233 -0.55425 -0.00524
vn -0.99794 -0.06383 -0.00628
vn -0.99794 -0.06382 -0.00628
vn -0.89615 0.44371 -0.00564
vn -0.89615 0.44371 -0.00564
vn -0.55424 0.83235 -0.00349
vn -0.55424 0.83235 -0.00349
vn -0.06382 0.99796 -0.0004
vn -0.06382 0.99796 -0.0004
vn 0.4437 0.89617 0.00279
vn 0.83233 0.55425 0.00524
vn 0.83233 0.55425 0.00524
vn 0.99794 0.06382 0.00628
vn 0.99794 0.06382 0.00628
vn 0.89615 -0.44371 0.00564
vn 0.89615 -0.44371 0.00564
vn 0.55424 -0.83235 0.00349
vn 0.55424 -0.83235 0.00349
vn -0.31476 -0.64458 -0.69674
vn -0.31476 -0.64458 -0.69674
vn -0.59429 -0.39865 -0.6985
vn -0.59428 -0.39865 -0.6985
vn -0.7134 -0.04591 -0.69925
vn -0.7134 -0.04591 -0.69925
vn -0.64019 0.31914 -0.69879
vn -0.64019 0.31914 -0.69879
vn -0.39427 0.59867 -0.69724
vn -0.39427 0.59867 -0.69724
vn -0.04153 0.71779 -0.69502
vn -0.04153 0.71779 -0.69502
vn 0.3235 0.64458 -0.69272
vn 0.60303 0.39865 -0.69097
vn 0.60303 0.39865 -0.69096
vn 0.72215 0.04591 -0.69021
vn 0.72215 0.04591 -0.69022
vn 0.64894 -0.31914 -0.69068
vn 0.64894 -0.31914 -0.69068
vn 0.40301 -0.59867 -0.69222
vn 0.05028 -0.71779 -0.69444
vn 0.05028 -0.71779 -0.69444
usemtl mat0
f 1//1 2//1 3//1
f 3//2 2//2 4//2
f 3//3 4//3 5//3
f 5//4 4//4 6//4
f 5//5 6//5 7//5
f 7//6 6//6 8//6
f 7//7 8//7 9//7
f 9//8 8//8 10//8
f 9//9 10//9 11//9
f 11//10 10//10 12//10
f 11//10 12//10 13//10
f 13//11 12//11 14//11
f 13//11 14//11 15//11
f 15//12 14//12 16//12
f 15//12 16//12 17//12
f 17//13 16//13 18//13
f 17//13 18//13 19//13
f 19//14 18//14 20//14
f 19//15 20//15 21//15
f 21//16 20//16 22//16
f 21//17 22//17 23//17
f 23//18 22//18 24//18
f 23//19 24//19 25//19
f 25//20 24//20 26//20
f 25//21 26//21 27//21
f 27//22 26//22 28//22
f 27//23 28//23 29//23
f 29//24 28//24 30//24
f 29//24 30//24 31//24
f 31//25 30//25 32//25
f 31//26 32//26 33//26
f 33//27 32//27 34//27
f 33//28 34//28 35//28
f 35//29 34//29 36//29
f 35//30 36//30 37//30
f 37//31 36//31 38//31
f 37//31 38//31 39//31
f 39//32 38//32 40//32
f 39//32 40//32 41//32
f 41//33 40//33 42//33
f 41//33 42//33 43//33
f 43//34 42//34 44//34
f 43//34 44//34 45//34
f 45//35 44//35 46//35
f 45//35 46//35 47//35
f 47//36 46//36 48//36
f 47//36 48//36 49//36
f 49//37 48//37 50//37
f 49//37 50//37 51//37
f 51//38 50//38 52//38
f 51//38 52//38 53//38
f 53//39 52//39 54//39
f 53//39 54//39 55//39
f 55//40 54//40 56//40
f 55//40 56//40 57//40
f 57//41 56//41 58//41
f 57//41 58//41 59//41
f 59//42 58//42 60//42
f 59//43 60//43 1//43
f 1//1 60//1 2//1
f 61//44 62//44 63//44
f 63//45 62//45 64//45
f 63//46 64//46 65//46
f 66//47 67//47 63//47
f 63//48 67//48 68//48
f 63//49 68//49 61//49
f 69//50 70//50 63//50
f 63//51 70//51 71//51
f 63//52 71//52 66//52
f 72//53 73//53 63//53
f 63//54 73//54 74//54
f 63//55 74//55 69//55
f 75//56 76//56 63//56
f 63//57 76//57 77//57
f 63//58 77//58 72//58
f 78//44 79//44 63//44
f 63//59 79//59 80//59
f 63//60 80//60 75//60
f 81//47 82//47 63//47
f 63//61 82//61 83//61
f 63//62 83//62 78//62
f 84//63 85//63 63//63
f 63//64 85//64 86//64
f 63//65 86//65 81//65
f 87//66 88//66 63//66
f 63//67 88//67 89//67
f 63//68 89//68 84//68
f 65//69 90//69 63//69
f 63//70 90//70 91//70
f 63//71 91//71 87//71
f 92//72 93//72 94//72
f 94//73 93//73 95//73
f 94//74 95//74 96//74
f 97//75 98//75 94//75
f 94//76 98//76 99//76
f 94//77 99//77 92//77
f 100//78 101//78 94//78
f 94//79 101//79 102//79
f 94//80 102//80 97//80
f 103//81 104//81 94//81
f 94//81 104//81 105//81
f 94//82 105//82 100//82
f 106//83 107//83 94//83
f 94//84 107//84 108//84
f 94//85 108//85 103//85
f 109//74 110//74 94//74
f 94//73 110//73 111//73
f 94//74 111//74 106//74
f 112//77 113//77 94//77
f 94//76 113//76 114//76
f 94//77 114//77 109//77
f 115//86 116//86 94//86
f 94//87 116//87 117//87
f 94//88 117//88 112//88
f 118//81 119//81 94//81
f 94//89 119//89 120//89
f 94//90 120//90 115//90
f 96//91 121//91 94//91
f 94//92 121//92 122//92
f 94//93 122//93 118//93
f 31//94 93//94 29//94
f 29//95 93//95 92//95
f 29//96 92//96 27//96
f 27//97 92//97 99//97
f 27//98 99//98 25//98
f 25//99 99//99 98//99
f 25//99 98//99 23//99
f 23//100 98//100 97//100
f 23//101 97//101 21//101
f 21//102 97//102 102//102
f 21//103 102//103 19//103
f 19//104 102//104 101//104
f 19//105 101//105 17//105
f 17//106 101//106 100//106
f 17//106 100//106 15//106
f 15//107 100//107 105//107
f 15//108 105//108 13//108
f 13//109 105//109 104//109
f 13//110 104//110 11//110
f 11//111 104//111 103//111
f 11//112 103//112 9//112
f 9//113 103//113 108//113
f 9//114 108//114 7//114
f 7//115 108//115 107//115
f 7//116 107//116 5//116
f 5//117 107//117 106//117
f 5//118 106//118 3//118
f 3//119 106//119 111//119
f 3//120 111//120 1//120
f 1//121 111//121 110//121
f 1//122 110//122 59//122
f 59//123 110//123 109//123
f 59//124 109//124 57//124
f 57//125 109//125 114//125
f 57//126 114//126 55//126
f 55//127 114//127 113//127
f 55//128 113//128 53//128
f 53//129 113//129 112//129
f 53//130 112//130 51//130
f 51//131 112//131 117//131
f 51//132 117//132 49//132
f 49//133 117//133 116//133
f 49//134 116//134 47//134
f 47//135 116//135 115//135
f 47//136 115//136 45//136
f 45//137 115//137 120//137
f 45//138 120//138 43//138
f 43//139 120//139 119//139
f 43//140 119//140 41//140
f 41//141 119//141 118//141
f 41//142 118//142 39//142
f 39//143 118//143 122//143
f 39//144 122//144 37//144
f 37//145 122//145 121//145
f 37//146 121//146 35//146
f 35//147 121//147 96//147
f 35//148 96//148 33//148
f 33//149 96//149 95//149
f 33//150 95//150 31//150
f 31//151 95//151 93//151
f 60//152 79//152 2//152
f 2//153 79//153 78//153
f 2//154 78//154 4//154
f 4//155 78//155 83//155
f 4//156 83//156 6//156
f 6//157 83//157 82//157
f 6//158 82//158 8//158
f 8//159 82//159 81//159
f 8//160 81//160 10//160
f 10//161 81//161 86//161
f 10//162 86//162 12//162
f 12//163 86//163 85//163
f 12//164 85//164 14//164
f 14//165 85//165 84//165
f 14//166 84//166 16//166
f 16//167 84//167 89//167
f 16//168 89//168 18//168
f 18//169 89//169 88//169
f 18//170 88//170 20//170
f 20//171 88//171 87//171
f 20//172 87//172 22//172
f 22//173 87//173 91//173
f 22//174 91//174 24//174
f 24//175 91//175 90//175
f 24//176 90//176 26//176
f 26//177 90//177 65//177
f 26//178 65//178 28//178
f 28//179 65//179 64//179
f 28//180 64//180 30//180
f 30//181 64//181 62//181
f 30//182 62//182 32//182
f 32//183 62//183 61//183
f 32//184 61//184 34//184
f 34//185 61//185 68//185
f 34//186 68//186 36//186
f 36//187 68//187 67//187
f 36//188 67//188 38//188
f 38//189 67//189 66//189
f 38//190 66//190 40//190
f 40//191 66//191 71//191
f 40//192 71//192 42//192
f 42//193 71//193 70//193
f 42//194 70//194 44//194
f 44//195 70//195 69//195
f 44//196 69//196 46//196
f 46//197 69//197 74//197
f 46//198 74//198 48//198
f 48//199 74//199 73//199
f 48//200 73//200 50//200
f 50//201 73//201 72//201
f 50//201 72//201 52//201
f 52//202 72//202 77//202
f 52//203 77//203 54//203
f 54//204 77//204 76//204
f 54//205 76//205 56//205
f 56//206 76//206 75//206
f 56//207 75//207 58//207
f 58//208 75//208 80//208
f 58//209 80//209 60//209
f 60//210 80//210 79//210
f 123//211 124//211 125//211
f 125//212 124//212 126//212
f 125//213 126//213 127//213
f 127//214 126//214 128//214
f 127//215 128//215 129//215
f 129//216 128//216 130//216
f 129//216 130//216 131//216
f 131//217 130//217 132//217
f 131//218 132//218 133//218
f 133//219 132//219 134//219
f 133//219 134//219 135//219
f 135//220 134//220 136//220
f 135//220 136//220 137//220
f 137//221 136//221 138//221
f 137//221 138//221 139//221
f 139//222 138//222 140//222
f 139//222 140//222 141//222
f 141//14 140//14 142//14
f 141//15 142//15 143//15
f 143//223 142//223 144//223
f 143//223 144//223 145//223
f 145//224 144//224 146//224
f 145//225 146//225 147//225
f 147//226 146//226 148//226
f 147//227 148//227 149//227
f 149//228 148//228 150//228
f 149//229 150//229 151//229
f 151//230 150//230 152//230
f 151//230 152//230 153//230
f 153//231 152//231 154//231
f 153//232 154//232 155//232
f 155//233 154//233 156//233
f 155//234 156//234 157//234
f 157//235 156//235 158//235
f 157//236 158//236 159//236
f 159//31 158//31 160//31
f 159//237 160//237 161//237
f 161//238 160//238 162//238
f 161//239 162//239 163//239
f 163//240 162//240 164//240
f 163//241 164//241 165//241
f 165//242 164//242 166//242
f 165//242 166//242 167//242
f 167//243 166//243 168//243
f 167//243 168//243 169//243
f 169//244 168//244 170//244
f 169//245 170//245 171//245
f 171//246 170//246 172//246
f 171//247 172//247 173//247
f 173//248 172//248 174//248
f 173//248 174//248 175//248
f 175//249 174//249 176//249
f 175//250 176//250 177//250
f 177//251 176//251 178//251
f 177//251 178//251 179//251
f 179//252 178//252 180//252
f 179//252 180//252 181//252
f 181//253 180//253 182//253
f 181//254 182//254 123//254
f 123//255 182//255 124//255
f 183//256 184//256 185//256
f 185//45 184//45 186//45
f 185//257 186//257 187//257
f 188//47 189//47 185//47
f 185//258 189//258 190//258
f 185//259 190//259 183//259
f 191//260 192//260 185//260
f 185//261 192//261 193//261
f 185//262 193//262 188//262
f 194//263 195//263 185//263
f 185//264 195//264 196//264
f 185//265 196//265 191//265
f 197//266 198//266 185//266
f 185//267 198//267 199//267
f 185//268 199//268 194//268
f 200//269 201//269 185//269
f 185//270 201//270 202//270
f 185//271 202//271 197//271
f 203//272 204//272 185//272
f 185//273 204//273 205//273
f 185//274 205//274 200//274
f 206//275 207//275 185//275
f 185//276 207//276 208//276
f 185//277 208//277 203//277
f 209//278 210//278 185//278
f 185//279 210//279 211//279
f 185//280 211//280 206//280
f 187//281 212//281 185//281
f 185//282 212//282 213//282
f 185//283 213//283 209//283
f 214//74 215//74 216//74
f 216//284 215//284 217//284
f 216//72 217//72 218//72
f 219//74 220//74 216//74
f 216//285 220//285 221//285
f 216//74 221//74 214//74
f 222//286 223//286 216//286
f 216//287 223//287 224//287
f 216//288 224//288 219//288
f 225//81 226//81 216//81
f 216//81 226//81 227//81
f 216//289 227//289 222//289
f 228//290 229//290 216//290
f 216//291 229//291 230//291
f 216//292 230//292 225//292
f 231//74 232//74 216//74
f 216//293 232//293 233//293
f 216//81 233//81 228//81
f 234//76 235//76 216//76
f 216//76 235//76 236//76
f 216//77 236//77 231//77
f 237//294 238//294 216//294
f 216//295 238//295 239//295
f 216//73 239//73 234//73
f 240//77 241//77 216//77
f 216//77 241//77 242//77
f 216//296 242//296 237//296
f 218//297 243//297 216//297
f 216//298 243//298 244//298
f 216//299 244//299 240//299
f 182//300 201//300 124//300
f 124//301 201//301 200//301
f 124//302 200//302 126//302
f 126//303 200//303 205//303
f 126//304 205//304 128//304
f 128//305 205//305 204//305
f 128//306 204//306 130//306
f 130//307 204//307 203//307
f 130//308 203//308 132//308
f 132//309 203//309 208//309
f 132//310 208//310 134//310
f 134//311 208//311 207//311
f 134//312 207//312 136//312
f 136//313 207//313 206//313
f 136//314 206//314 138//314
f 138//315 206//315 211//315
f 138//316 211//316 140//316
f 140//317 211//317 210//317
f 140//318 210//318 142//318
f 142//319 210//319 209//319
f 142//320 209//320 144//320
f 144//321 209//321 213//321
f 144//322 213//322 146//322
f 146//323 213//323 212//323
f 146//324 212//324 148//324
f 148//325 212//325 187//325
f 148//326 187//326 150//326
f 150//327 187//327 186//327
f 150//328 186//328 152//328
f 152//329 186//329 184//329
f 152//330 184//330 154//330
f 154//331 184//331 183//331
f 154//332 183//332 156//332
f 156//333 183//333 190//333
f 156//334 190//334 158//334
f 158//335 190//335 189//335
f 158//336 189//336 160//336
f 160//337 189//337 188//337
f 160//338 188//338 162//338
f 162//339 188//339 193//339
f 162//340 193//340 164//340
f 164//341 193//341 192//341
f 164//342 192//342 166//342
f 166//343 192//343 191//343
f 166//344 191//344 168//344
f 168//345 191//345 196//345
f 168//346 196//346 170//346
f 170//347 196//347 195//347
f 170//348 195//348 172//348
f 172//349 195//349 194//349
f 172//350 194//350 174//350
f 174//351 194//351 199//351
f 174//352 199//352 176//352
f 176//353 199//353 198//353
f 176//354 198//354 178//354
f 178//355 198//355 197//355
f 178//356 197//356 180//356
f 180//357 197//357 202//357
f 180//358 202//358 182//358
f 182//359 202//359 201//359
f 153//360 215//360 151//360
f 151//361 215//361 214//361
f 151//362 214//362 149//362
f 149//98 214//98 221//98
f 149//363 221//363 147//363
f 147//364 221//364 220//364
f 147//365 220//365 145//365
f 145//366 220//366 219//366
f 145//367 219//367 143//367
f 143//368 219//368 224//368
f 143//103 224//103 141//103
f 141//369 224//369 223//369
f 141//370 223//370 139//370
f 139//371 223//371 222//371
f 139//372 222//372 137//372
f 137//373 222//373 227//373
f 137//374 227//374 135//374
f 135//375 227//375 226//375
f 135//376 226//376 133//376
f 133//377 226//377 225//377
f 133//378 225//378 131//378
f 131//379 225//379 230//379
f 131//380 230//380 129//380
f 129//381 230//381 229//381
f 129//382 229//382 127//382
f 127//383 229//383 228//383
f 127//384 228//384 125//384
f 125//385 228//385 233//385
f 125//386 233//386 123//386
f 123//387 233//387 232//387
f 123//388 232//388 181//388
f 181//389 232//389 231//389
f 181//390 231//390 179//390
f 179//391 231//391 236//391
f 179//392 236//392 177//392
f 177//393 236//393 235//393
f 177//394 235//394 175//394
f 175//395 235//395 234//395
f 175//396 234//396 173//396
f 173//397 234//397 239//397
f 173//132 239//132 171//132
f 171//398 239//398 238//398
f 171//399 238//399 169//399
f 169//400 238//400 237//400
f 169//401 237//401 167//401
f 167//402 237//402 242//402
f 167//403 242//403 165//403
f 165//404 242//404 241//404
f 165//405 241//405 163//405
f 163//406 241//406 240//406
f 163//407 240//407 161//407
f 161//408 240//408 244//408
f 161//409 244//409 159//409
f 159//410 244//410 243//410
f 159//411 243//411 157//411
f 157//412 243//412 218//412
f 157//413 218//413 155//413
f 155//414 218//414 217//414
f 155//415 217//415 153//415
f 153//416 217//416 215//416
f 245//417 246//417 247//417
f 247//418 246//418 248//418
f 247//419 248//419 249//419
f 249//420 248//420 250//420
f 249//215 250//215 251//215
f 251//216 250//216 252//216
f 251//216 252//216 253//216
f 253//421 252//421 254//421
f 253//422 254//422 255//422
f 255//423 254//423 256//423
f 255//424 256//424 257//424
f 257//425 256//425 258//425
f 257//425 258//425 259//425
f 259//426 258//426 260//426
f 259//427 260//427 261//427
f 261//428 260//428 262//428
f 261//222 262//222 263//222
f 263//14 262//14 264//14
f 263//15 264//15 265//15
f 265//429 264//429 266//429
f 265//429 266//429 267//429
f 267//430 266//430 268//430
f 267//430 268//430 269//430
f 269//431 268//431 270//431
f 269//432 270//432 271//432
f 271//433 270//433 272//433
f 271//23 272//23 273//23
f 273//434 272//434 274//434
f 273//230 274//230 275//230
f 275//435 274//435 276//435
f 275//436 276//436 277//436
f 277//437 276//437 278//437
f 277//438 278//438 279//438
f 279//30 278//30 280//30
f 279//439 280//439 281//439
f 281//440 280//440 282//440
f 281//441 282//441 283//441
f 283//442 282//442 284//442
f 283//443 284//443 285//443
f 285//444 284//444 286//444
f 285//445 286//445 287//445
f 287//446 286//446 288//446
f 287//447 288//447 289//447
f 289//448 288//448 290//448
f 289//448 290//448 291//448
f 291//449 290//449 292//449
f 291//450 292//450 293//450
f 293//37 292//37 294//37
f 293//451 294//451 295//451
f 295//452 294//452 296//452
f 295//38 296//38 297//38
f 297//453 296//453 298//453
f 297//454 298//454 299//454
f 299//251 298//251 300//251
f 299//455 300//455 301//455
f 301//456 300//456 302//456
f 301//457 302//457 303//457
f 303//253 302//253 304//253
f 303//254 304//254 245//254
f 245//417 304//417 246//417
f 305//458 306//458 307//458
f 307//459 306//459 308//459
f 307//460 308//460 309//460
f 310//272 311//272 307//272
f 307//461 311//461 312//461
f 307//462 312//462 305//462
f 313//463 314//463 307//463
f 307//464 314//464 315//464
f 307//465 315//465 310//465
f 316//466 317//466 307//466
f 307//467 317//467 318//467
f 307//468 318//468 313//468
f 319//469 320//469 307//469
f 307//470 320//470 321//470
f 307//471 321//471 316//471
f 322//44 323//44 307//44
f 307//472 323//472 324//472
f 307//473 324//473 319//473
f 325//47 326//47 307//47
f 307//474 326//474 327//474
f 307//475 327//475 322//475
f 328//476 329//476 307//476
f 307//477 329//477 330//477
f 307//478 330//478 325//478
f 331//479 332//479 307//479
f 307//480 332//480 333//480
f 307//481 333//481 328//481
f 309//281 334//281 307//281
f 307//482 334//482 335//482
f 307//483 335//483 331//483
f 336//74 337//74 338//74
f 338//73 337//73 339//73
f 338//74 339//74 340//74
f 341//484 342//484 338//484
f 338//76 342//76 343//76
f 338//74 343//74 336//74
f 344//86 345//86 338//86
f 338//485 345//485 346//485
f 338//486 346//486 341//486
f 347//81 348//81 338//81
f 338//81 348//81 349//81
f 338//82 349//82 344//82
f 350//487 351//487 338//487
f 338//488 351//488 352//488
f 338//489 352//489 347//489
f 353//74 354//74 338//74
f 338//73 354//73 355//73
f 338//74 355//74 350//74
f 356//76 357//76 338//76
f 338//76 357//76 358//76
f 338//77 358//77 353//77
f 359//490 360//490 338//490
f 338//87 360//87 361//87
f 338//491 361//491 356//491
f 362//492 363//492 338//492
f 338//77 363//77 364//77
f 338//493 364//493 359//493
f 340//494 365//494 338//494
f 338//495 365//495 366//495
f 338//496 366//496 362//496
f 304//497 323//497 246//497
f 246//498 323//498 322//498
f 246//499 322//499 248//499
f 248//500 322//500 327//500
f 248//501 327//501 250//501
f 250//502 327//502 326//502
f 250//503 326//503 252//503
f 252//504 326//504 325//504
f 252//505 325//505 254//505
f 254//506 325//506 330//506
f 254//507 330//507 256//507
f 256//508 330//508 329//508
f 256//509 329//509 258//509
f 258//510 329//510 328//510
f 258//511 328//511 260//511
f 260//512 328//512 333//512
f 260//513 333//513 262//513
f 262//514 333//514 332//514
f 262//515 332//515 264//515
f 264//516 332//516 331//516
f 264//517 331//517 266//517
f 266//321 331//321 335//321
f 266//518 335//518 268//518
f 268//519 335//519 334//519
f 268//520 334//520 270//520
f 270//521 334//521 309//521
f 270//522 309//522 272//522
f 272//523 309//523 308//523
f 272//524 308//524 274//524
f 274//525 308//525 306//525
f 274//526 306//526 276//526
f 276//527 306//527 305//527
f 276//528 305//528 278//528
f 278//529 305//529 312//529
f 278//530 312//530 280//530
f 280//531 312//531 311//531
f 280//532 311//532 282//532
f 282//533 311//533 310//533
f 282//534 310//534 284//534
f 284//535 310//535 315//535
f 284//536 315//536 286//536
f 286//537 315//537 314//537
f 286//538 314//538 288//538
f 288//539 314//539 313//539
f 288//540 313//540 290//540
f 290//541 313//541 318//541
f 290//542 318//542 292//542
f 292//543 318//543 317//543
f 292//544 317//544 294//544
f 294//545 317//545 316//545
f 294//546 316//546 296//546
f 296//547 316//547 321//547
f 296//548 321//548 298//548
f 298//549 321//549 320//549
f 298//550 320//550 300//550
f 300//551 320//551 319//551
f 300//552 319//552 302//552
f 302//553 319//553 324//553
f 302//554 324//554 304//554
f 304//555 324//555 323//555
f 275//556 337//556 273//556
f 273//557 337//557 336//557
f 273//558 336//558 271//558
f 271//559 336//559 343//559
f 271//560 343//560 269//560
f 269//561 343//561 342//561
f 269//562 342//562 267//562
f 267//563 342//563 341//563
f 267//564 341//564 265//564
f 265//565 341//565 346//565
f 265//566 346//566 263//566
f 263//567 346//567 345//567
f 263//568 345//568 261//568
f 261//569 345//569 344//569
f 261//570 344//570 259//570
f 259//571 344//571 349//571
f 259//572 349//572 257//572
f 257//573 349//573 348//573
f 257//574 348//574 255//574
f 255//575 348//575 347//575
f 255//576 347//576 253//576
f 253//577 347//577 352//577
f 253//578 352//578 251//578
f 251//579 352//579 351//579
f 251//580 351//580 249//580
f 249//581 351//581 350//581
f 249//582 350//582 247//582
f 247//583 350//583 355//583
f 247//584 355//584 245//584
f 245//585 355//585 354//585
f 245//586 354//586 303//586
f 303//587 354//587 353//587
f 303//390 353//390 301//390
f 301//588 353//588 358//588
f 301//589 358//589 299//589
f 299//590 358//590 357//590
f 299//591 357//591 297//591
f 297//592 357//592 356//592
f 297//593 356//593 295//593
f 295//594 356//594 361//594
f 295//595 361//595 293//595
f 293//596 361//596 360//596
f 293//597 360//597 291//597
f 291//598 360//598 359//598
f 291//599 359//599 289//599
f 289//600 359//600 364//600
f 289//601 364//601 287//601
f 287//602 364//602 363//602
f 287//603 363//603 285//603
f 285//604 363//604 362//604
f 285//605 362//605 283//605
f 283//606 362//606 366//606
f 283//607 366//607 281//607
f 281//608 366//608 365//608
f 281//609 365//609 279//609
f 279//610 365//610 340//610
f 279//611 340//611 277//611
f 277//612 340//612 339//612
f 277//613 339//613 275//613
f 275//614 339//614 337//614
f 367//615 368//615 369//615
f 367//616 370//616 368//616
f 368//617 370//617 371//617
f 368//618 371//618 372//618
f 371//619 373//619 372//619
f 372//620 373//620 374//620
f 372//621 374//621 375//621
f 374//622 376//622 375//622
f 375//623 376//623 377//623
f 375//624 377//624 378//624
f 377//625 379//625 378//625
f 378//626 379//626 380//626
f 378//627 380//627 381//627
f 380//628 382//628 381//628
f 381//629 382//629 383//629
f 381//630 383//630 384//630
f 384//631 383//631 385//631
f 384//632 385//632 386//632
f 386//632 385//632 387//632
f 386//633 387//633 388//633
f 387//634 389//634 388//634
f 388//635 389//635 390//635
f 388//636 390//636 391//636
f 390//637 392//637 391//637
f 391//638 392//638 393//638
f 391//639 393//639 394//639
f 393//640 395//640 394//640
f 394//641 395//641 396//641
f 394//642 396//642 397//642
f 396//643 398//643 397//643
f 397//644 398//644 399//644
f 397//645 399//645 400//645
f 399//646 401//646 400//646
f 400//647 401//647 402//647
f 400//648 402//648 403//648
f 402//649 404//649 403//649
f 403//650 404//650 405//650
f 403//651 405//651 369//651
f 369//652 405//652 406//652
f 369//653 406//653 367//653
f 407//654 408//654 409//654
f 407//655 410//655 408//655
f 408//656 410//656 411//656
f 408//657 411//657 412//657
f 411//658 413//658 412//658
f 412//659 413//659 414//659
f 412//660 414//660 415//660
f 414//622 416//622 415//622
f 415//661 416//661 417//661
f 415//662 417//662 418//662
f 417//663 419//663 418//663
f 418//664 419//664 420//664
f 418//665 420//665 421//665
f 420//666 422//666 421//666
f 421//667 422//667 423//667
f 421//668 423//668 424//668
f 424//669 423//669 425//669
f 424//670 425//670 426//670
f 426//671 425//671 427//671
f 426//672 427//672 428//672
f 427//672 429//672 428//672
f 428//673 429//673 430//673
f 428//674 430//674 431//674
f 430//675 432//675 431//675
f 431//676 432//676 433//676
f 431//677 433//677 434//677
f 433//678 435//678 434//678
f 434//679 435//679 436//679
f 434//680 436//680 437//680
f 436//681 438//681 437//681
f 437//682 438//682 439//682
f 437//683 439//683 440//683
f 439//684 441//684 440//684
f 440//685 441//685 442//685
f 440//686 442//686 443//686
f 442//687 444//687 443//687
f 443//688 444//688 445//688
f 443//689 445//689 409//689
f 409//690 445//690 446//690
f 409//691 446//691 407//691
f 447//692 448//692 449//692
f 447//693 450//693 448//693
f 448//694 450//694 451//694
f 448//695 451//695 452//695
f 451//696 453//696 452//696
f 452//697 453//697 454//697
f 452//698 454//698 455//698
f 454//699 456//699 455//699
f 455//623 456//623 457//623
f 455//700 457//700 458//700
f 457//701 459//701 458//701
f 458//702 459//702 460//702
f 458//703 460//703 461//703
f 460//704 462//704 461//704
f 461//705 462//705 463//705
f 461//706 463//706 464//706
f 464//707 463//707 465//707
f 464//708 465//708 466//708
f 466//709 465//709 467//709
f 466//672 467//672 468//672
f 467//710 469//710 468//710
f 468//711 469//711 470//711
f 468//712 470//712 471//712
f 470//713 472//713 471//713
f 471//714 472//714 473//714
f 471//715 473//715 474//715
f 473//716 475//716 474//716
f 474//717 475//717 476//717
f 474//718 476//718 477//718
f 476//719 478//719 477//719
f 477//720 478//720 479//720
f 477//721 479//721 480//721
f 479//722 481//722 480//722
f 480//723 481//723 482//723
f 480//724 482//724 483//724
f 482//725 484//725 483//725
f 483//726 484//726 485//726
f 483//727 485//727 449//727
f 449//728 485//728 486//728
f 449//729 486//729 447//729
f 487//730 488//730 489//730
f 490//731 491//731 492//731
f 493//272 494//272 495//272
f 496//732 497//732 498//732
f 498//733 497//733 499//733
f 500//734 501//734 502//734
f 500//735 502//735 503//735
f 504//736 505//736 506//736
f 504//737 506//737 507//737
f 506//738 508//738 507//738
f 507//739 508//739 509//739
f 507//740 509//740 510//740
f 510//741 509//741 511//741
f 510//737 511//737 512//737
f 512//742 511//742 513//742
f 512//737 513//737 514//737
f 514//743 513//743 515//743
f 514//744 515//744 500//744
f 500//745 515//745 516//745
f 500//746 516//746 501//746
f 517//747 518//747 519//747
f 519//748 518//748 520//748
f 519//749 520//749 521//749
f 521//750 520//750 522//750
f 521//751 522//751 504//751
f 504//752 522//752 523//752
f 504//272 523//272 505//272
f 524//731 525//731 526//731
f 525//753 527//753 526//753
f 526//754 527//754 528//754
f 526//755 528//755 499//755
f 499//756 528//756 529//756
f 499//757 529//757 498//757
f 530//758 531//758 532//758
f 533//272 534//272 535//272
f 535//736 534//736 536//736
f 535//737 536//737 532//737
f 532//759 536//759 537//759
f 532//736 537//736 530//736
f 538//760 539//760 540//760
f 533//761 535//761 540//761
f 540//736 535//736 541//736
f 540//762 541//762 538//762
f 542//763 543//763 544//763
f 544//737 543//737 545//737
f 544//764 545//764 546//764
f 546//765 545//765 547//765
f 548//743 549//743 521//743
f 521//766 549//766 550//766
f 521//736 550//736 519//736
f 519//743 550//743 551//743
f 519//749 551//749 544//749
f 544//767 551//767 552//767
f 544//763 552//763 542//763
f 495//768 494//768 553//768
f 554//749 555//749 556//749
f 556//763 557//763 554//763
f 554//769 557//769 558//769
f 554//770 558//770 495//770
f 495//771 558//771 559//771
f 495//772 559//772 493//772
f 555//773 554//773 560//773
f 560//773 554//773 489//773
f 560//774 489//774 561//774
f 531//775 562//775 532//775
f 532//749 562//749 563//749
f 532//776 563//776 564//776
f 547//737 565//737 546//737
f 546//777 565//777 566//777
f 546//778 566//778 563//778
f 563//779 566//779 567//779
f 563//272 567//272 564//272
f 568//780 569//780 570//780
f 571//781 572//781 573//781
f 573//782 572//782 574//782
f 573//47 574//47 575//47
f 575//783 574//783 576//783
f 577//749 578//749 576//749
f 576//784 578//784 579//784
f 576//737 579//737 575//737
f 580//785 581//785 577//785
f 577//786 581//786 582//786
f 577//749 582//749 578//749
f 583//787 584//787 585//787
f 568//788 570//788 580//788
f 569//789 586//789 570//789
f 570//790 586//790 587//790
f 570//791 587//791 585//791
f 585//792 587//792 588//792
f 585//793 588//793 583//793
f 580//736 570//736 581//736
f 581//749 570//749 526//749
f 581//768 526//768 589//768
f 539//774 538//774 496//774
f 496//763 538//763 590//763
f 496//794 590//794 497//794
f 497//731 590//731 591//731
f 497//795 591//795 499//795
f 499//774 591//774 592//774
f 499//737 592//737 526//737
f 526//796 592//796 593//796
f 526//737 593//737 589//737
f 491//763 594//763 492//763
f 492//737 594//737 595//737
f 492//797 595//797 596//797
f 596//768 595//768 597//768
f 596//749 597//749 535//749
f 535//798 597//798 598//798
f 535//731 598//731 541//731
f 599//782 600//782 601//782
f 602//799 599//799 603//799
f 603//737 599//737 601//737
f 603//749 601//749 604//749
f 604//737 601//737 605//737
f 606//800 607//800 608//800
f 608//763 607//763 609//763
f 608//774 609//774 610//774
f 610//801 609//801 611//801
f 610//802 611//802 612//802
f 612//749 611//749 613//749
f 612//47 613//47 614//47
f 614//731 613//731 601//731
f 614//773 601//773 615//773
f 615//462 601//462 600//462
f 606//803 616//803 607//803
f 607//804 616//804 617//804
f 607//763 617//763 618//763
f 618//44 617//44 619//44
f 618//731 619//731 620//731
f 620//805 621//805 618//805
f 618//806 621//806 622//806
f 618//807 622//807 603//807
f 603//808 622//808 623//808
f 603//731 623//731 602//731
f 618//749 624//749 607//749
f 607//773 624//773 625//773
f 607//731 625//731 626//731
f 627//763 628//763 625//763
f 625//763 628//763 629//763
f 625//737 629//737 626//737
f 630//809 631//809 625//809
f 625//810 631//810 632//810
f 625//811 632//811 627//811
f 627//812 632//812 633//812
f 627//763 633//763 634//763
f 633//813 635//813 634//813
f 634//814 635//814 636//814
f 634//763 636//763 637//763
f 637//815 636//815 638//815
f 637//749 638//749 507//749
f 507//816 638//816 639//816
f 507//737 639//737 504//737
f 504//817 639//817 640//817
f 504//774 640//774 641//774
f 642//818 643//818 644//818
f 645//731 646//731 503//731
f 503//737 646//737 647//737
f 503//763 647//763 500//763
f 503//47 648//47 645//47
f 645//749 648//749 585//749
f 645//763 585//763 571//763
f 571//737 585//737 584//737
f 571//819 584//819 572//819
f 488//820 649//820 489//820
f 489//774 649//774 532//774
f 489//749 532//749 561//749
f 561//821 532//821 564//821
f 649//822 650//822 532//822
f 532//823 650//823 651//823
f 532//737 651//737 535//737
f 535//824 651//824 652//824
f 535//749 652//749 653//749
f 653//774 654//774 535//774
f 535//825 654//825 655//825
f 535//826 655//826 596//826
f 596//827 655//827 656//827
f 596//827 656//827 492//827
f 492//828 656//828 657//828
f 657//829 658//829 492//829
f 492//830 658//830 604//830
f 492//737 604//737 490//737
f 490//774 604//774 605//774
f 641//774 642//774 504//774
f 504//47 642//47 644//47
f 504//831 644//831 521//831
f 521//773 644//773 553//773
f 521//731 553//731 548//731
f 548//832 553//832 494//832
f 502//833 659//833 503//833
f 503//834 659//834 517//834
f 503//835 517//835 648//835
f 648//731 517//731 519//731
f 648//749 519//749 585//749
f 585//749 519//749 544//749
f 585//737 544//737 570//737
f 570//836 544//836 546//836
f 570//837 546//837 526//837
f 526//838 546//838 563//838
f 526//839 563//839 524//839
f 524//839 563//839 562//839
f 643//840 630//840 644//840
f 644//841 630//841 625//841
f 644//842 625//842 553//842
f 553//842 625//842 624//842
f 553//843 624//843 495//843
f 495//844 624//844 618//844
f 495//845 618//845 554//845
f 554//846 618//846 603//846
f 554//847 603//847 489//847
f 489//848 603//848 604//848
f 489//849 604//849 487//849
f 487//850 604//850 658//850
f 660//74 661//74 662//74
f 663//74 664//74 665//74
f 665//74 664//74 666//74
f 665//72 666//72 667//72
f 668//74 669//74 670//74
f 671//74 672//74 673//74
f 673//74 672//74 674//74
f 673//74 674//74 669//74
f 669//72 674//72 675//72
f 669//74 675//74 670//74
f 673//74 676//74 671//74
f 671//74 676//74 677//74
f 671//74 677//74 678//74
f 667//74 666//74 679//74
f 679//74 666//74 680//74
f 679//74 680//74 681//74
f 677//74 682//74 678//74
f 678//74 682//74 683//74
f 678//74 683//74 680//74
f 680//74 683//74 684//74
f 680//74 684//74 681//74
f 685//74 686//74 687//74
f 687//74 686//74 688//74
f 687//74 688//74 680//74
f 680//74 688//74 689//74
f 680//74 689//74 678//74
f 690//74 691//74 685//74
f 692//74 693//74 694//74
f 694//74 693//74 695//74
f 694//74 695//74 696//74
f 696//74 695//74 697//74
f 696//74 697//74 698//74
f 699//74 700//74 701//74
f 701//74 700//74 696//74
f 701//74 696//74 702//74
f 702//74 696//74 698//74
f 698//74 703//74 702//74
f 702//74 703//74 704//74
f 702//74 704//74 705//74
f 705//72 704//72 706//72
f 705//74 706//74 707//74
f 706//74 708//74 707//74
f 707//74 708//74 709//74
f 707//74 709//74 710//74
f 710//74 709//74 711//74
f 710//74 711//74 712//74
f 713//74 714//74 715//74
f 715//74 714//74 716//74
f 712//72 711//72 715//72
f 715//74 711//74 717//74
f 715//74 717//74 713//74
f 718//74 719//74 720//74
f 720//74 719//74 721//74
f 720//74 721//74 722//74
f 722//74 721//74 723//74
f 722//74 723//74 711//74
f 711//74 723//74 724//74
f 711//74 724//74 717//74
f 725//74 726//74 727//74
f 727//74 726//74 728//74
f 727//74 728//74 729//74
f 730//74 731//74 727//74
f 732//74 733//74 734//74
f 734//74 733//74 735//74
f 734//74 735//74 727//74
f 727//74 735//74 736//74
f 727//74 736//74 730//74
f 716//74 725//74 715//74
f 715//74 725//74 727//74
f 715//74 727//74 737//74
f 737//74 727//74 731//74
f 737//72 738//72 715//72
f 715//74 738//74 739//74
f 715//74 739//74 740//74
f 740//72 739//72 741//72
f 740//74 741//74 742//74
f 742//74 741//74 743//74
f 742//74 743//74 744//74
f 744//74 743//74 745//74
f 744//74 745//74 746//74
f 747//74 748//74 749//74
f 749//74 748//74 744//74
f 749//74 744//74 734//74
f 734//74 744//74 746//74
f 734//74 746//74 732//74
f 750//74 751//74 752//74
f 753//74 754//74 755//74
f 756//74 757//74 758//74
f 758//74 757//74 759//74
f 760//74 761//74 664//74
f 761//74 762//74 664//74
f 664//74 762//74 763//74
f 664//74 763//74 764//74
f 764//74 763//74 765//74
f 764//74 765//74 766//74
f 663//74 668//74 664//74
f 664//74 668//74 670//74
f 664//74 670//74 760//74
f 760//74 670//74 767//74
f 766//74 768//74 764//74
f 764//74 768//74 769//74
f 764//74 769//74 759//74
f 759//74 769//74 770//74
f 759//74 770//74 758//74
f 766//74 771//74 768//74
f 768//74 771//74 772//74
f 768//74 772//74 773//74
f 773//74 772//74 774//74
f 773//72 774//72 775//72
f 775//74 774//74 776//74
f 775//74 776//74 777//74
f 777//74 776//74 778//74
f 777//74 778//74 670//74
f 670//74 778//74 779//74
f 670//74 779//74 767//74
f 780//74 781//74 757//74
f 755//74 754//74 782//74
f 782//74 754//74 751//74
f 782//74 751//74 783//74
f 783//74 751//74 750//74
f 783//72 750//72 784//72
f 784//74 750//74 785//74
f 784//74 785//74 786//74
f 755//74 787//74 753//74
f 753//74 787//74 788//74
f 753//74 788//74 756//74
f 756//74 788//74 789//74
f 756//74 789//74 757//74
f 757//77 789//77 790//77
f 757//74 790//74 780//74
f 780//74 791//74 781//74
f 781//74 791//74 792//74
f 781//74 792//74 793//74
f 794//74 795//74 796//74
f 797//74 798//74 799//74
f 799//74 798//74 800//74
f 799//74 800//74 661//74
f 661//74 800//74 801//74
f 661//74 801//74 662//74
f 662//74 801//74 802//74
f 662//74 802//74 803//74
f 795//74 804//74 796//74
f 796//74 804//74 805//74
f 796//74 805//74 690//74
f 690//74 805//74 806//74
f 690//74 806//74 691//74
f 691//74 806//74 807//74
f 691//74 807//74 797//74
f 797//74 807//74 808//74
f 797//74 808//74 798//74
f 802//74 809//74 803//74
f 803//74 809//74 810//74
f 803//74 810//74 794//74
f 811//74 812//74 666//74
f 813//74 814//74 811//74
f 815//74 816//74 687//74
f 685//74 687//74 690//74
f 690//74 687//74 816//74
f 690//74 816//74 817//74
f 812//74 818//74 666//74
f 666//74 818//74 819//74
f 666//74 819//74 680//74
f 680//74 819//74 820//74
f 680//74 820//74 687//74
f 687//74 820//74 821//74
f 687//74 821//74 815//74
f 817//74 822//74 690//74
f 690//74 822//74 823//74
f 690//74 823//74 796//74
f 796//74 823//74 824//74
f 796//72 824//72 813//72
f 813//74 824//74 825//74
f 813//74 825//74 814//74
f 664//74 826//74 827//74
f 828//74 829//74 830//74
f 830//74 829//74 831//74
f 830//74 831//74 781//74
f 781//74 831//74 832//74
f 781//74 832//74 757//74
f 757//74 832//74 833//74
f 834//74 759//74 835//74
f 835//74 759//74 757//74
f 835//74 757//74 836//74
f 836//74 757//74 833//74
f 834//74 837//74 759//74
f 759//74 837//74 838//74
f 759//74 838//74 764//74
f 764//74 838//74 839//74
f 764//74 839//74 664//74
f 664//74 839//74 840//74
f 664//74 840//74 826//74
f 718//74 841//74 842//74
f 842//74 841//74 843//74
f 842//74 843//74 729//74
f 729//74 843//74 727//74
f 727//74 843//74 785//74
f 727//74 785//74 734//74
f 734//74 785//74 750//74
f 734//74 750//74 749//74
f 749//851 750//851 752//851
f 749//74 752//74 747//74
f 811//74 666//74 813//74
f 813//72 666//72 664//72
f 813//72 664//72 830//72
f 830//74 664//74 827//74
f 830//74 827//74 828//74
f 794//74 796//74 803//74
f 803//74 796//74 813//74
f 803//74 813//74 841//74
f 841//74 813//74 830//74
f 841//74 830//74 843//74
f 843//74 830//74 781//74
f 843//74 781//74 785//74
f 785//74 781//74 793//74
f 785//74 793//74 786//74
f 720//74 692//74 718//74
f 718//74 692//74 694//74
f 718//74 694//74 841//74
f 841//74 694//74 696//74
f 841//74 696//74 803//74
f 803//74 696//74 700//74
f 803//74 700//74 662//74
f 662//74 700//74 699//74
f 662//74 699//74 660//74
f 844//852 845//852 846//852
f 846//853 845//853 847//853
f 845//853 848//853 847//853
f 847//854 848//854 849//854
f 847//855 849//855 850//855
f 850//856 849//856 851//856
f 850//857 851//857 852//857
f 852//858 851//858 853//858
f 852//858 853//858 854//858
f 854//859 853//859 855//859
f 854//860 855//860 856//860
f 856//861 855//861 857//861
f 856//862 857//862 858//862
f 858//863 857//863 859//863
f 858//864 859//864 860//864
f 860//865 859//865 861//865
f 860//866 861//866 862//866
f 862//867 861//867 863//867
f 862//868 863//868 864//868
f 864//869 863//869 865//869
f 864//869 865//869 866//869
f 866//870 865//870 867//870
f 866//871 867//871 868//871
f 868//872 867//872 869//872
f 868//873 869//873 870//873
f 870//874 869//874 871//874
f 870//875 871//875 872//875
f 872//876 871//876 873//876
f 872//877 873//877 874//877
f 874//878 873//878 875//878
f 874//878 875//878 876//878
f 876//879 875//879 877//879
f 876//879 877//879 878//879
f 878//880 877//880 879//880
f 878//880 879//880 880//880
f 880//881 879//881 881//881
f 880//881 881//881 882//881
f 882//882 881//882 883//882
f 882//882 883//882 884//882
f 884//883 883//883 885//883
f 884//884 885//884 886//884
f 886//885 885//885 887//885
f 886//885 887//885 888//885
f 888//886 887//886 889//886
f 888//887 889//887 890//887
f 890//888 889//888 891//888
f 890//889 891//889 892//889
f 892//890 891//890 893//890
f 892//890 893//890 894//890
f 894//891 893//891 895//891
f 894//892 895//892 896//892
f 896//893 895//893 897//893
f 896//894 897//894 898//894
f 898//895 897//895 899//895
f 898//895 899//895 900//895
f 900//896 899//896 901//896
f 900//896 901//896 902//896
f 902//897 901//897 903//897
f 902//898 903//898 904//898
f 904//899 903//899 905//899
f 904//900 905//900 906//900
f 906//901 905//901 907//901
f 906//902 907//902 908//902
f 908//903 907//903 909//903
f 908//904 909//904 910//904
f 910//905 909//905 911//905
f 910//906 911//906 912//906
f 912//907 911//907 913//907
f 912//907 913//907 914//907
f 914//908 913//908 915//908
f 914//908 915//908 916//908
f 916//909 915//909 917//909
f 916//910 917//910 918//910
f 918//911 917//911 844//911
f 918//911 844//911 919//911
f 919//852 844//852 846//852
f 902//737 920//737 900//737
f 900//737 920//737 921//737
f 900//763 921//763 898//763
f 898//763 921//763 922//763
f 898//737 922//737 896//737
f 896//737 922//737 923//737
f 896//763 923//763 894//763
f 894//740 923//740 924//740
f 894//763 924//763 892//763
f 892//737 924//737 925//737
f 892//737 925//737 890//737
f 890//737 925//737 926//737
f 890//763 926//763 888//763
f 888//740 926//740 927//740
f 888//737 927//737 886//737
f 886//737 927//737 928//737
f 886//912 928//912 884//912
f 884//912 928//912 929//912
f 884//737 929//737 882//737
f 882//737 929//737 930//737
f 882//737 930//737 880//737
f 880//737 930//737 931//737
f 880//737 931//737 878//737
f 878//763 931//763 932//763
f 878//737 932//737 876//737
f 876//737 932//737 933//737
f 876//763 933//763 874//763
f 874//737 933//737 934//737
f 874//912 934//912 872//912
f 872//763 934//763 935//763
f 872//763 935//763 870//763
f 870//737 935//737 936//737
f 870//737 936//737 868//737
f 868//763 936//763 937//763
f 868//737 937//737 866//737
f 937//737 938//737 866//737
f 866//737 938//737 939//737
f 866//731 939//731 864//731
f 864//731 939//731 940//731
f 864//731 940//731 862//731
f 862//763 940//763 941//763
f 862//740 941//740 860//740
f 860//740 941//740 942//740
f 860//763 942//763 858//763
f 858//749 942//749 943//749
f 858//913 943//913 856//913
f 856//737 943//737 944//737
f 856//737 944//737 854//737
f 854//737 944//737 945//737
f 854//737 945//737 852//737
f 852//737 945//737 946//737
f 852//737 946//737 850//737
f 850//737 946//737 947//737
f 850//763 947//763 847//763
f 847//763 947//763 948//763
f 847//737 948//737 846//737
f 846//737 948//737 949//737
f 846//763 949//763 919//763
f 919//763 949//763 950//763
f 919//737 950//737 918//737
f 918//737 950//737 951//737
f 918//763 951//763 916//763
f 916//763 951//763 952//763
f 916//737 952//737 914//737
f 914//912 952//912 953//912
f 914//737 953//737 912//737
f 912//763 953//763 954//763
f 912//737 954//737 910//737
f 910//763 954//763 955//763
f 910//763 955//763 908//763
f 908//737 955//737 956//737
f 908//737 956//737 906//737
f 906//737 956//737 957//737
f 906//763 957//763 904//763
f 904//763 957//763 958//763
f 904//763 958//763 902//763
f 902//763 958//763 959//763
f 902//763 959//763 920//763
f 950//914 949//914 675//914
f 675//915 949//915 670//915
f 949//915 948//915 670//915
f 670//916 948//916 947//916
f 670//917 947//917 777//917
f 777//918 947//918 946//918
f 777//918 946//918 775//918
f 775//919 946//919 945//919
f 775//919 945//919 773//919
f 773//920 945//920 944//920
f 773//921 944//921 768//921
f 768//922 944//922 943//922
f 768//923 943//923 769//923
f 769//924 943//924 942//924
f 769//925 942//925 770//925
f 770//926 942//926 941//926
f 770//926 941//926 758//926
f 758//927 941//927 940//927
f 758//928 940//928 756//928
f 756//929 940//929 939//929
f 756//929 939//929 753//929
f 753//930 939//930 938//930
f 753//931 938//931 754//931
f 754//932 938//932 937//932
f 754//932 937//932 751//932
f 751//933 937//933 936//933
f 751//934 936//934 752//934
f 752//935 936//935 935//935
f 752//936 935//936 747//936
f 747//937 935//937 934//937
f 747//938 934//938 748//938
f 748//939 934//939 933//939
f 748//940 933//940 744//940
f 744//941 933//941 932//941
f 744//942 932//942 742//942
f 742//943 932//943 931//943
f 742//944 931//944 740//944
f 740//945 931//945 930//945
f 740//946 930//946 715//946
f 715//947 930//947 929//947
f 715//948 929//948 712//948
f 712//949 929//949 928//949
f 712//949 928//949 710//949
f 710//950 928//950 927//950
f 710//950 927//950 707//950
f 707//951 927//951 926//951
f 707//952 926//952 705//952
f 705//953 926//953 925//953
f 705//954 925//954 702//954
f 702//955 925//955 924//955
f 702//956 924//956 701//956
f 701//957 924//957 923//957
f 701//958 923//958 699//958
f 699//959 923//959 922//959
f 699//960 922//960 660//960
f 660//961 922//961 921//961
f 660//962 921//962 661//962
f 661//963 921//963 920//963
f 661//964 920//964 799//964
f 799//965 920//965 959//965
f 799//966 959//966 797//966
f 797//967 959//967 958//967
f 797//967 958//967 691//967
f 691//968 958//968 957//968
f 691//968 957//968 685//968
f 685//969 957//969 956//969
f 685//970 956//970 686//970
f 686//971 956//971 955//971
f 686//972 955//972 688//972
f 688//973 955//973 954//973
f 688//973 954//973 689//973
f 689//974 954//974 953//974
f 689//975 953//975 678//975
f 678//976 953//976 952//976
f 678//977 952//977 671//977
f 671//978 952//978 951//978
f 671//979 951//979 672//979
f 672//980 951//980 950//980
f 672//981 950//981 674//981
f 674//982 950//982 675//982
f 960//983 961//983 962//983
f 960//984 963//984 961//984
f 961//985 963//985 964//985
f 961//986 964//986 965//986
f 964//987 966//987 965//987
f 965//988 966//988 967//988
f 965//989 967//989 968//989
f 967//990 969//990 968//990
f 968//991 969//991 970//991
f 968//992 970//992 971//992
f 970//993 972//993 971//993
f 971//994 972//994 973//994
f 971//995 973//995 974//995
f 973//996 975//996 974//996
f 974//997 975//997 976//997
f 974//998 976//998 977//998
f 976//999 978//999 977//999
f 977//1000 978//1000 979//1000
f 977//1001 979//1001 980//1001
f 979//1002 981//1002 980//1002
f 980//1003 981//1003 982//1003
f 980//1004 982//1004 983//1004
f 982//1005 984//1005 983//1005
f 983//1006 984//1006 985//1006
f 983//1007 985//1007 986//1007
f 985//1008 987//1008 986//1008
f 986//1009 987//1009 988//1009
f 986//1010 988//1010 989//1010
f 988//1011 990//1011 989//1011
f 989//1012 990//1012 991//1012
f 989//1013 991//1013 992//1013
f 991//1014 993//1014 992//1014
f 992//1015 993//1015 994//1015
f 992//1016 994//1016 995//1016
f 994//1017 996//1017 995//1017
f 995//1018 996//1018 997//1018
f 995//1019 997//1019 998//1019
f 997//1020 999//1020 998//1020
f 998//1021 999//1021 1000//1021
f 998//1022 1000//1022 1001//1022
f 1000//1023 1002//1023 1001//1023
f 1001//1024 1002//1024 1003//1024
f 1001//1025 1003//1025 962//1025
f 962//1026 1003//1026 1004//1026
f 962//1027 1004//1027 960//1027
f 449//1028 983//1028 483//1028
f 483//1029 983//1029 986//1029
f 483//1030 986//1030 480//1030
f 480//737 986//737 989//737
f 480//1031 989//1031 477//1031
f 477//1032 989//1032 992//1032
f 477//1033 992//1033 474//1033
f 474//783 992//783 995//783
f 474//1034 995//1034 471//1034
f 471//737 995//737 998//737
f 471//1035 998//1035 468//1035
f 468//1036 998//1036 1001//1036
f 468//1037 1001//1037 466//1037
f 466//1038 1001//1038 962//1038
f 466//1039 962//1039 464//1039
f 464//1040 962//1040 961//1040
f 464//1041 961//1041 461//1041
f 461//1042 961//1042 965//1042
f 461//1043 965//1043 458//1043
f 458//1044 965//1044 968//1044
f 458//773 968//773 455//773
f 455//737 968//737 971//737
f 455//1045 971//1045 452//1045
f 452//749 971//749 974//749
f 452//1046 974//1046 448//1046
f 448//1047 974//1047 977//1047
f 448//1048 977//1048 449//1048
f 449//1049 977//1049 980//1049
f 449//1050 980//1050 983//1050
f 1005//1051 1006//1051 1007//1051
f 1005//1052 1008//1052 1006//1052
f 1006//985 1008//985 1009//985
f 1006//1053 1009//1053 1010//1053
f 1009//1054 1011//1054 1010//1054
f 1010//1055 1011//1055 1012//1055
f 1010//1056 1012//1056 1013//1056
f 1012//990 1014//990 1013//990
f 1013//1057 1014//1057 1015//1057
f 1013//1058 1015//1058 1016//1058
f 1015//993 1017//993 1016//993
f 1016//1059 1017//1059 1018//1059
f 1016//1060 1018//1060 1019//1060
f 1018//1061 1020//1061 1019//1061
f 1019//1062 1020//1062 1021//1062
f 1019//1063 1021//1063 1022//1063
f 1021//1064 1023//1064 1022//1064
f 1022//1065 1023//1065 1024//1065
f 1022//1066 1024//1066 1025//1066
f 1024//1067 1026//1067 1025//1067
f 1025//1068 1026//1068 1027//1068
f 1025//1069 1027//1069 1028//1069
f 1027//1070 1029//1070 1028//1070
f 1028//1071 1029//1071 1030//1071
f 1028//1072 1030//1072 1031//1072
f 1030//1073 1032//1073 1031//1073
f 1031//1074 1032//1074 1033//1074
f 1031//1010 1033//1010 1034//1010
f 1033//1075 1035//1075 1034//1075
f 1034//1076 1035//1076 1036//1076
f 1034//1077 1036//1077 1037//1077
f 1036//1078 1038//1078 1037//1078
f 1037//1079 1038//1079 1039//1079
f 1037//1080 1039//1080 1040//1080
f 1039//1081 1041//1081 1040//1081
f 1040//1082 1041//1082 1042//1082
f 1040//1083 1042//1083 1043//1083
f 1042//1084 1044//1084 1043//1084
f 1043//1085 1044//1085 1045//1085
f 1043//1086 1045//1086 1046//1086
f 1045//1087 1047//1087 1046//1087
f 1046//1088 1047//1088 1048//1088
f 1046//1089 1048//1089 1007//1089
f 1007//1090 1048//1090 1049//1090
f 1007//1091 1049//1091 1005//1091
f 1022//1092 1025//1092 409//1092
f 409//1050 1025//1050 1028//1050
f 409//1028 1028//1028 443//1028
f 443//1093 1028//1093 1031//1093
f 443//1094 1031//1094 440//1094
f 440//912 1031//912 1034//912
f 440//1095 1034//1095 437//1095
f 437//1096 1034//1096 1037//1096
f 437//1033 1037//1033 434//1033
f 434//783 1037//783 1040//783
f 434//1097 1040//1097 431//1097
f 431//737 1040//737 1043//737
f 431//1098 1043//1098 428//1098
f 428//1099 1043//1099 1046//1099
f 428//1100 1046//1100 426//1100
f 426//1101 1046//1101 1007//1101
f 426//1102 1007//1102 424//1102
f 424//1103 1007//1103 1006//1103
f 424//1104 1006//1104 421//1104
f 421//1105 1006//1105 1010//1105
f 421//1106 1010//1106 418//1106
f 418//1044 1010//1044 1013//1044
f 418//773 1013//773 415//773
f 415//737 1013//737 1016//737
f 415//1107 1016//1107 412//1107
f 412//749 1016//749 1019//749
f 412//1108 1019//1108 408//1108
f 408//1047 1019//1047 1022//1047
f 408//1048 1022//1048 409//1048
f 1050//1051 1051//1051 1052//1051
f 1050//1109 1053//1109 1051//1109
f 1051//1110 1053//1110 1054//1110
f 1051//1111 1054//1111 1055//1111
f 1054//1112 1056//1112 1055//1112
f 1055//1113 1056//1113 1057//1113
f 1055//1114 1057//1114 1058//1114
f 1057//990 1059//990 1058//990
f 1058//1115 1059//1115 1060//1115
f 1058//1116 1060//1116 1061//1116
f 1060//1117 1062//1117 1061//1117
f 1061//1118 1062//1118 1063//1118
f 1061//1119 1063//1119 1064//1119
f 1063//1120 1065//1120 1064//1120
f 1064//1121 1065//1121 1066//1121
f 1064//1122 1066//1122 1067//1122
f 1066//999 1068//999 1067//999
f 1067//1123 1068//1123 1069//1123
f 1067//1124 1069//1124 1070//1124
f 1069//1125 1071//1125 1070//1125
f 1070//1126 1071//1126 1072//1126
f 1070//1127 1072//1127 1073//1127
f 1072//1070 1074//1070 1073//1070
f 1073//1128 1074//1128 1075//1128
f 1073//1129 1075//1129 1076//1129
f 1075//1130 1077//1130 1076//1130
f 1076//1131 1077//1131 1078//1131
f 1076//1132 1078//1132 1079//1132
f 1078//1133 1080//1133 1079//1133
f 1079//1134 1080//1134 1081//1134
f 1079//1135 1081//1135 1082//1135
f 1081//1136 1083//1136 1082//1136
f 1082//1137 1083//1137 1084//1137
f 1082//1138 1084//1138 1085//1138
f 1084//1139 1086//1139 1085//1139
f 1085//1140 1086//1140 1087//1140
f 1085//1141 1087//1141 1088//1141
f 1087//1084 1089//1084 1088//1084
f 1088//1142 1089//1142 1090//1142
f 1088//1143 1090//1143 1091//1143
f 1090//1144 1092//1144 1091//1144
f 1091//1145 1092//1145 1093//1145
f 1091//1146 1093//1146 1052//1146
f 1052//1147 1093//1147 1094//1147
f 1052//1148 1094//1148 1050//1148
f 1067//1149 1070//1149 369//1149
f 369//773 1070//773 1073//773
f 369//1150 1073//1150 403//1150
f 403//749 1073//749 1076//749
f 403//774 1076//774 400//774
f 400//912 1076//912 1079//912
f 400//736 1079//736 397//736
f 397//749 1079//749 1082//749
f 397//749 1082//749 394//749
f 394//47 1082//47 1085//47
f 394//1151 1085//1151 391//1151
f 391//737 1085//737 1088//737
f 391//1152 1088//1152 388//1152
f 388//1153 1088//1153 1091//1153
f 388//1154 1091//1154 386//1154
f 386//1155 1091//1155 1052//1155
f 386//1156 1052//1156 384//1156
f 384//773 1052//773 1051//773
f 384//736 1051//736 381//736
f 381//749 1051//749 1055//749
f 381//768 1055//768 378//768
f 378//1157 1055//1157 1058//1157
f 378//782 1058//782 375//782
f 375//737 1058//737 1061//737
f 375//1107 1061//1107 372//1107
f 372//749 1061//749 1064//749
f 372//749 1064//749 368//749
f 368//763 1064//763 1067//763
f 368//737 1067//737 369//737
f 1095//1158 1096//1158 1097//1158
f 1095//1159 1098//1159 1096//1159
f 1096//1160 1098//1160 1099//1160
f 1096//1161 1099//1161 1100//1161
f 1099//1162 1101//1162 1100//1162
f 1100//1163 1101//1163 1102//1163
f 1100//1164 1102//1164 1103//1164
f 1102//1165 1104//1165 1103//1165
f 1103//1166 1104//1166 1105//1166
f 1103//1167 1105//1167 1106//1167
f 1105//1168 1107//1168 1106//1168
f 1106//1169 1107//1169 1108//1169
f 1106//1170 1108//1170 1109//1170
f 1108//1171 1110//1171 1109//1171
f 1109//1172 1110//1172 1111//1172
f 1109//1173 1111//1173 1112//1173
f 1111//1174 1113//1174 1112//1174
f 1112//1175 1113//1175 1114//1175
f 1112//1176 1114//1176 1115//1176
f 1114//1177 1116//1177 1115//1177
f 1115//1178 1116//1178 1117//1178
f 1115//1179 1117//1179 1118//1179
f 1117//1180 1119//1180 1118//1180
f 1118//1181 1119//1181 1120//1181
f 1118//1182 1120//1182 1121//1182
f 1120//1183 1122//1183 1121//1183
f 1121//1184 1122//1184 1123//1184
f 1121//1185 1123//1185 1124//1185
f 1123//1186 1125//1186 1124//1186
f 1124//1187 1125//1187 1126//1187
f 1124//1188 1126//1188 1127//1188
f 1126//1189 1128//1189 1127//1189
f 1127//1190 1128//1190 1129//1190
f 1127//1191 1129//1191 1130//1191
f 1129//1192 1131//1192 1130//1192
f 1130//1193 1131//1193 1132//1193
f 1130//1194 1132//1194 1133//1194
f 1132//1195 1134//1195 1133//1195
f 1133//1196 1134//1196 1135//1196
f 1133//1197 1135//1197 1136//1197
f 1135//1198 1137//1198 1136//1198
f 1136//1199 1137//1199 1138//1199
f 1136//1200 1138//1200 1139//1200
f 1138//1201 1140//1201 1139//1201
f 1139//1202 1140//1202 1141//1202
f 1139//1203 1141//1203 1142//1203
f 1141//1204 1143//1204 1142//1204
f 1142//1205 1143//1205 1144//1205
f 1142//1206 1144//1206 1145//1206
f 1144//1207 1146//1207 1145//1207
f 1145//1208 1146//1208 1147//1208
f 1145//1209 1147//1209 1148//1209
f 1147//1210 1149//1210 1148//1210
f 1148//1211 1149//1211 1150//1211
f 1148//1212 1150//1212 1151//1212
f 1150//1213 1152//1213 1151//1213
f 1151//1214 1152//1214 1153//1214
f 1151//1215 1153//1215 1154//1215
f 1153//1216 1155//1216 1154//1216
f 1154//1217 1155//1217 1156//1217
f 1154//1218 1156//1218 1097//1218
f 1097//1219 1156//1219 1157//1219
f 1097//1220 1157//1220 1095//1220
f 1121//1221 1124//1221 1158//1221
f 1158//1222 1124//1222 1127//1222
f 1158//774 1127//774 1159//774
f 1159//1223 1127//1223 1130//1223
f 1159//736 1130//736 1160//736
f 1160//1224 1130//1224 1133//1224
f 1160//1225 1133//1225 1161//1225
f 1161//1226 1133//1226 1136//1226
f 1161//1227 1136//1227 1162//1227
f 1162//737 1136//737 1139//737
f 1162//737 1139//737 1163//737
f 1163//737 1139//737 1142//737
f 1163//737 1142//737 1164//737
f 1164//47 1142//47 1145//47
f 1164//743 1145//743 1165//743
f 1165//47 1145//47 1148//47
f 1165//749 1148//749 1166//749
f 1166//768 1148//768 1151//768
f 1166//763 1151//763 1167//763
f 1167//1228 1151//1228 1154//1228
f 1167//774 1154//774 1168//774
f 1168//1229 1154//1229 1097//1229
f 1168//1230 1097//1230 1169//1230
f 1169//763 1097//763 1096//763
f 1169//749 1096//749 1170//749
f 1170//1231 1096//1231 1100//1231
f 1170//1232 1100//1232 1171//1232
f 1171//749 1100//749 1103//749
f 1171//1233 1103//1233 1172//1233
f 1172//783 1103//783 1106//783
f 1172//773 1106//773 1173//773
f 1173//774 1106//774 1109//774
f 1173//774 1109//774 1174//774
f 1174//782 1109//782 1112//782
f 1174//1234 1112//1234 1175//1234
f 1175//47 1112//47 1115//47
f 1175//1235 1115//1235 1176//1235
f 1176//1236 1115//1236 1118//1236
f 1176//1237 1118//1237 1177//1237
f 1177//1238 1118//1238 1121//1238
f 1177//731 1121//731 1158//731
f 1178//1239 1168//1239 1179//1239
f 1179//1240 1168//1240 1169//1240
f 1179//1241 1169//1241 1180//1241
f 1180//1242 1169//1242 1170//1242
f 1180//1243 1170//1243 1181//1243
f 1181//1244 1170//1244 1171//1244
f 1181//1245 1171//1245 1182//1245
f 1182//1246 1171//1246 1172//1246
f 1182//1247 1172//1247 1183//1247
f 1183//1248 1172//1248 1173//1248
f 1183//1249 1173//1249 1184//1249
f 1184//1249 1173//1249 1174//1249
f 1184//1250 1174//1250 1185//1250
f 1185//1250 1174//1250 1175//1250
f 1185//1251 1175//1251 1186//1251
f 1186//1252 1175//1252 1176//1252
f 1186//1253 1176//1253 1187//1253
f 1187//1254 1176//1254 1177//1254
f 1187//1255 1177//1255 1188//1255
f 1188//1255 1177//1255 1158//1255
f 1188//1256 1158//1256 1189//1256
f 1189//1257 1158//1257 1159//1257
f 1189//1258 1159//1258 1190//1258
f 1190//1259 1159//1259 1160//1259
f 1190//1260 1160//1260 1191//1260
f 1191//1261 1160//1261 1161//1261
f 1191//1262 1161//1262 1192//1262
f 1192//1263 1161//1263 1162//1263
f 1192//1264 1162//1264 1193//1264
f 1193//1265 1162//1265 1163//1265
f 1193//1139 1163//1139 1194//1139
f 1194//1139 1163//1139 1164//1139
f 1194//1266 1164//1266 1195//1266
f 1195//1267 1164//1267 1165//1267
f 1195//1268 1165//1268 1196//1268
f 1196//1269 1165//1269 1166//1269
f 1196//1270 1166//1270 1197//1270
f 1197//1271 1166//1271 1167//1271
f 1197//1272 1167//1272 1178//1272
f 1178//1273 1167//1273 1168//1273
f 1178//763 1179//763 1198//763
f 1178//737 1198//737 1197//737
f 1194//737 1195//737 1198//737
f 1198//737 1195//737 1196//737
f 1198//737 1196//737 1197//737
f 1191//737 1192//737 1198//737
f 1198//737 1192//737 1193//737
f 1198//737 1193//737 1194//737
f 1188//731 1189//731 1198//731
f 1198//763 1189//763 1190//763
f 1198//737 1190//737 1191//737
f 1185//737 1186//737 1198//737
f 1198//763 1186//763 1187//763
f 1198//737 1187//737 1188//737
f 1182//763 1183//763 1198//763
f 1198//763 1183//763 1184//763
f 1198//763 1184//763 1185//763
f 1179//737 1180//737 1198//737
f 1198//763 1180//763 1181//763
f 1198//731 1181//731 1182//731
f 1199//1274 1200//1274 1201//1274
f 1202//1275 1200//1275 1199//1275
f 1199//1276 1203//1276 1204//1276
f 1205//1277 1203//1277 1199//1277
f 1201//1278 1205//1278 1199//1278
f 1199//1279 1206//1279 1207//1279
f 1208//1280 1206//1280 1199//1280
f 1204//1281 1208//1281 1199//1281
f 1199//1282 1209//1282 1210//1282
f 1211//1283 1209//1283 1199//1283
f 1207//1284 1211//1284 1199//1284
f 1210//1285 1202//1285 1199//1285
f 1212//1286 1200//1286 1202//1286
f 1212//1287 1213//1287 1200//1287
f 1200//1288 1213//1288 1214//1288
f 1200//1289 1214//1289 1201//1289
f 1214//1290 1215//1290 1201//1290
f 1201//1291 1215//1291 1216//1291
f 1201//1292 1216//1292 1205//1292
f 1216//1293 1217//1293 1205//1293
f 1205//1294 1217//1294 1218//1294
f 1205//1295 1218//1295 1203//1295
f 1218//1296 1219//1296 1203//1296
f 1203//1297 1219//1297 1220//1297
f 1203//1298 1220//1298 1204//1298
f 1220//1299 1221//1299 1204//1299
f 1204//1300 1221//1300 1222//1300
f 1204//1301 1222//1301 1208//1301
f 1222//1302 1223//1302 1208//1302
f 1208//1303 1223//1303 1224//1303
f 1208//1304 1224//1304 1206//1304
f 1224//1305 1225//1305 1206//1305
f 1206//1306 1225//1306 1226//1306
f 1206//1307 1226//1307 1207//1307
f 1226//1308 1227//1308 1207//1308
f 1207//1309 1227//1309 1228//1309
f 1207//1310 1228//1310 1211//1310
f 1228//1311 1229//1311 1211//1311
f 1211//1312 1229//1312 1230//1312
f 1211//1313 1230//1313 1209//1313
f 1230//1314 1231//1314 1209//1314
f 1209//1315 1231//1315 1232//1315
f 1209//1316 1232//1316 1210//1316
f 1232//1317 1233//1317 1210//1317
f 1210//1318 1233//1318 1234//1318
f 1210//1319 1234//1319 1202//1319
f 1202//1320 1234//1320 1235//1320
f 1202//1321 1235//1321 1212//1321
f 663//1322 665//1322 1233//1322
f 1233//1323 1232//1323 663//1323
f 663//1324 1232//1324 1231//1324
f 663//1325 1231//1325 668//1325
f 1231//1326 1230//1326 668//1326
f 668//1327 1230//1327 1229//1327
f 668//1328 1229//1328 669//1328
f 1229//1329 1228//1329 669//1329
f 669//1330 1228//1330 1227//1330
f 669//1331 1227//1331 673//1331
f 1227//1332 1226//1332 673//1332
f 673//1333 1226//1333 1225//1333
f 673//1334 1225//1334 676//1334
f 676//1335 1225//1335 1224//1335
f 676//1336 1224//1336 677//1336
f 1224//1337 1223//1337 677//1337
f 677//1338 1223//1338 1222//1338
f 677//1339 1222//1339 682//1339
f 1222//1340 1221//1340 682//1340
f 682//1341 1221//1341 1220//1341
f 682//1342 1220//1342 683//1342
f 1220//1343 1219//1343 683//1343
f 683//1344 1219//1344 1218//1344
f 683//1345 1218//1345 684//1345
f 1218//1346 1217//1346 684//1346
f 684//1347 1217//1347 1216//1347
f 684//1348 1216//1348 681//1348
f 1216//1349 1215//1349 681//1349
f 681//1350 1215//1350 1214//1350
f 681//1351 1214//1351 679//1351
f 1214//1352 1213//1352 679//1352
f 679//1353 1213//1353 1212//1353
f 679//1354 1212//1354 667//1354
f 667//1355 1212//1355 1235//1355
f 667//1356 1235//1356 665//1356
f 665//1357 1235//1357 1234//1357
f 665//1358 1234//1358 1233//1358
f 1236//1359 1237//1359 1238//1359
f 1239//1360 1237//1360 1236//1360
f 1236//1361 1240//1361 1241//1361
f 1242//1362 1240//1362 1236//1362
f 1238//1363 1242//1363 1236//1363
f 1236//1364 1243//1364 1244//1364
f 1245//1365 1243//1365 1236//1365
f 1241//1366 1245//1366 1236//1366
f 1236//1367 1246//1367 1247//1367
f 1248//1368 1246//1368 1236//1368
f 1244//1369 1248//1369 1236//1369
f 1247//1370 1239//1370 1236//1370
f 1249//1371 1237//1371 1239//1371
f 1249//1372 1250//1372 1237//1372
f 1237//1373 1250//1373 1251//1373
f 1237//1374 1251//1374 1238//1374
f 1251//1375 1252//1375 1238//1375
f 1238//1376 1252//1376 1253//1376
f 1238//1377 1253//1377 1242//1377
f 1253//1378 1254//1378 1242//1378
f 1242//1379 1254//1379 1255//1379
f 1242//1380 1255//1380 1240//1380
f 1255//1381 1256//1381 1240//1381
f 1240//1382 1256//1382 1257//1382
f 1240//1383 1257//1383 1241//1383
f 1257//1384 1258//1384 1241//1384
f 1241//1385 1258//1385 1259//1385
f 1241//1386 1259//1386 1245//1386
f 1259//1387 1260//1387 1245//1387
f 1245//1388 1260//1388 1261//1388
f 1245//1389 1261//1389 1243//1389
f 1261//1390 1262//1390 1243//1390
f 1243//1391 1262//1391 1263//1391
f 1243//1392 1263//1392 1244//1392
f 1263//1393 1264//1393 1244//1393
f 1244//1394 1264//1394 1265//1394
f 1244//1395 1265//1395 1248//1395
f 1265//1396 1266//1396 1248//1396
f 1248//1397 1266//1397 1267//1397
f 1248//1398 1267//1398 1246//1398
f 1267//1399 1268//1399 1246//1399
f 1246//1400 1268//1400 1269//1400
f 1246//1401 1269//1401 1247//1401
f 1269//1402 1270//1402 1247//1402
f 1247//1403 1270//1403 1271//1403
f 1247//1404 1271//1404 1239//1404
f 1239//1405 1271//1405 1272//1405
f 1239//1406 1272//1406 1249//1406
f 766//1407 765//1407 1270//1407
f 1270//1408 1269//1408 766//1408
f 766//1409 1269//1409 1268//1409
f 766//1410 1268//1410 771//1410
f 1268//1411 1267//1411 771//1411
f 771//1412 1267//1412 1266//1412
f 771//1413 1266//1413 772//1413
f 1266//1414 1265//1414 772//1414
f 772//1415 1265//1415 1264//1415
f 772//1416 1264//1416 774//1416
f 1264//1417 1263//1417 774//1417
f 774//1418 1263//1418 1262//1418
f 774//1419 1262//1419 776//1419
f 776//1420 1262//1420 1261//1420
f 776//1421 1261//1421 778//1421
f 1261//1422 1260//1422 778//1422
f 778//1423 1260//1423 1259//1423
f 778//1424 1259//1424 779//1424
f 1259//1425 1258//1425 779//1425
f 779//1426 1258//1426 1257//1426
f 779//1427 1257//1427 767//1427
f 1257//1428 1256//1428 767//1428
f 767//1429 1256//1429 1255//1429
f 767//1430 1255//1430 760//1430
f 1255//1431 1254//1431 760//1431
f 760//1432 1254//1432 1253//1432
f 760//1433 1253//1433 761//1433
f 1253//1434 1252//1434 761//1434
f 761//1435 1252//1435 1251//1435
f 761//1436 1251//1436 762//1436
f 1251//1437 1250//1437 762//1437
f 762//1438 1250//1438 1249//1438
f 762//1439 1249//1439 763//1439
f 763//1439 1249//1439 1272//1439
f 763//1440 1272//1440 765//1440
f 765//1441 1272//1441 1271//1441
f 765//1442 1271//1442 1270//1442
f 1273//1443 1274//1443 1275//1443
f 1276//1444 1274//1444 1273//1444
f 1273//1445 1277//1445 1278//1445
f 1279//1446 1277//1446 1273//1446
f 1275//1447 1279//1447 1273//1447
f 1273//1448 1280//1448 1281//1448
f 1282//1449 1280//1449 1273//1449
f 1278//1450 1282//1450 1273//1450
f 1273//1451 1283//1451 1284//1451
f 1285//1452 1283//1452 1273//1452
f 1281//1453 1285//1453 1273//1453
f 1284//1454 1276//1454 1273//1454
f 1286//1455 1274//1455 1276//1455
f 1286//1456 1287//1456 1274//1456
f 1274//1457 1287//1457 1288//1457
f 1274//1458 1288//1458 1275//1458
f 1288//1459 1289//1459 1275//1459
f 1275//1460 1289//1460 1290//1460
f 1275//1461 1290//1461 1279//1461
f 1290//1462 1291//1462 1279//1462
f 1279//1463 1291//1463 1292//1463
f 1279//1464 1292//1464 1277//1464
f 1292//1465 1293//1465 1277//1465
f 1277//1466 1293//1466 1294//1466
f 1277//1467 1294//1467 1278//1467
f 1294//1468 1295//1468 1278//1468
f 1278//1469 1295//1469 1296//1469
f 1278//1470 1296//1470 1282//1470
f 1296//1387 1297//1387 1282//1387
f 1282//672 1297//672 1298//672
f 1282//1471 1298//1471 1280//1471
f 1298//1472 1299//1472 1280//1472
f 1280//1473 1299//1473 1300//1473
f 1280//1474 1300//1474 1281//1474
f 1300//1475 1301//1475 1281//1475
f 1281//1476 1301//1476 1302//1476
f 1281//1477 1302//1477 1285//1477
f 1302//1478 1303//1478 1285//1478
f 1285//1479 1303//1479 1304//1479
f 1285//1480 1304//1480 1283//1480
f 1304//1481 1305//1481 1283//1481
f 1283//1482 1305//1482 1306//1482
f 1283//1483 1306//1483 1284//1483
f 1306//1484 1307//1484 1284//1484
f 1284//1403 1307//1403 1308//1403
f 1284//1404 1308//1404 1276//1404
f 1276//1485 1308//1485 1309//1485
f 1276//1486 1309//1486 1286//1486
f 755//1487 782//1487 1307//1487
f 1307//1488 1306//1488 755//1488
f 755//1489 1306//1489 1305//1489
f 755//1410 1305//1410 787//1410
f 1305//1490 1304//1490 787//1490
f 787//1491 1304//1491 1303//1491
f 787//1492 1303//1492 788//1492
f 1303//1493 1302//1493 788//1493
f 788//1494 1302//1494 1301//1494
f 788//1495 1301//1495 789//1495
f 1301//1496 1300//1496 789//1496
f 789//1497 1300//1497 1299//1497
f 789//1498 1299//1498 790//1498
f 1299//1499 1298//1499 790//1499
f 790//1500 1298//1500 1297//1500
f 790//1501 1297//1501 780//1501
f 780//1502 1297//1502 1296//1502
f 780//1503 1296//1503 791//1503
f 1296//1504 1295//1504 791//1504
f 791//1505 1295//1505 1294//1505
f 791//1506 1294//1506 792//1506
f 1294//1507 1293//1507 792//1507
f 792//1508 1293//1508 1292//1508
f 792//1509 1292//1509 793//1509
f 1292//1510 1291//1510 793//1510
f 793//1511 1291//1511 1290//1511
f 793//1512 1290//1512 786//1512
f 1290//1513 1289//1513 786//1513
f 786//1514 1289//1514 1288//1514
f 786//1515 1288//1515 784//1515
f 1288//1516 1287//1516 784//1516
f 784//1517 1287//1517 1286//1517
f 784//1439 1286//1439 783//1439
f 783//1439 1286//1439 1309//1439
f 783//1518 1309//1518 782//1518
f 782//1519 1309//1519 1308//1519
f 782//1442 1308//1442 1307//1442
f 1310//1520 1311//1520 1312//1520
f 1313//1521 1311//1521 1310//1521
f 1310//1522 1314//1522 1315//1522
f 1316//1523 1314//1523 1310//1523
f 1312//1524 1316//1524 1310//1524
f 1310//1525 1317//1525 1318//1525
f 1319//1526 1317//1526 1310//1526
f 1315//1527 1319//1527 1310//1527
f 1310//1528 1320//1528 1321//1528
f 1322//1529 1320//1529 1310//1529
f 1318//1530 1322//1530 1310//1530
f 1321//1531 1313//1531 1310//1531
f 1323//1532 1311//1532 1313//1532
f 1323//1533 1324//1533 1311//1533
f 1311//1534 1324//1534 1325//1534
f 1311//1535 1325//1535 1312//1535
f 1325//1536 1326//1536 1312//1536
f 1312//1537 1326//1537 1327//1537
f 1312//1538 1327//1538 1316//1538
f 1327//1539 1328//1539 1316//1539
f 1316//1540 1328//1540 1329//1540
f 1316//1541 1329//1541 1314//1541
f 1329//1542 1330//1542 1314//1542
f 1314//1543 1330//1543 1331//1543
f 1314//1544 1331//1544 1315//1544
f 1331//1299 1332//1299 1315//1299
f 1315//1545 1332//1545 1333//1545
f 1315//1546 1333//1546 1319//1546
f 1333//1547 1334//1547 1319//1547
f 1319//1548 1334//1548 1335//1548
f 1319//1549 1335//1549 1317//1549
f 1335//1550 1336//1550 1317//1550
f 1317//1551 1336//1551 1337//1551
f 1317//1552 1337//1552 1318//1552
f 1337//1553 1338//1553 1318//1553
f 1318//1309 1338//1309 1339//1309
f 1318//1554 1339//1554 1322//1554
f 1339//1555 1340//1555 1322//1555
f 1322//1556 1340//1556 1341//1556
f 1322//1557 1341//1557 1320//1557
f 1341//1558 1342//1558 1320//1558
f 1320//1559 1342//1559 1343//1559
f 1320//1560 1343//1560 1321//1560
f 1343//1561 1344//1561 1321//1561
f 1321//1562 1344//1562 1345//1562
f 1321//1563 1345//1563 1313//1563
f 1313//1564 1345//1564 1346//1564
f 1313//1565 1346//1565 1323//1565
f 745//1566 743//1566 1344//1566
f 1344//1567 1343//1567 745//1567
f 745//1568 1343//1568 1342//1568
f 745//1569 1342//1569 746//1569
f 1342//1570 1341//1570 746//1570
f 746//1327 1341//1327 1340//1327
f 746//1571 1340//1571 732//1571
f 1340//1572 1339//1572 732//1572
f 732//1573 1339//1573 1338//1573
f 732//1574 1338//1574 733//1574
f 1338//1575 1337//1575 733//1575
f 733//1576 1337//1576 1336//1576
f 733//1577 1336//1577 735//1577
f 735//1578 1336//1578 1335//1578
f 735//1579 1335//1579 736//1579
f 1335//1580 1334//1580 736//1580
f 736//1581 1334//1581 1333//1581
f 736//1339 1333//1339 730//1339
f 1333//1582 1332//1582 730//1582
f 730//1583 1332//1583 1331//1583
f 730//1584 1331//1584 731//1584
f 1331//1585 1330//1585 731//1585
f 731//1586 1330//1586 1329//1586
f 731//1587 1329//1587 737//1587
f 1329//1588 1328//1588 737//1588
f 737//1589 1328//1589 1327//1589
f 737//1590 1327//1590 738//1590
f 1327//1591 1326//1591 738//1591
f 738//1592 1326//1592 1325//1592
f 738//1593 1325//1593 739//1593
f 1325//1594 1324//1594 739//1594
f 739//1595 1324//1595 1323//1595
f 739//1596 1323//1596 741//1596
f 741//1597 1323//1597 1346//1597
f 741//1598 1346//1598 743//1598
f 743//1599 1346//1599 1345//1599
f 743//1600 1345//1600 1344//1600
f 1347//1601 1348//1601 1349//1601
f 1350//1602 1348//1602 1347//1602
f 1347//1603 1351//1603 1352//1603
f 1353//1604 1351//1604 1347//1604
f 1349//1605 1353//1605 1347//1605
f 1347//1606 1354//1606 1355//1606
f 1356//1607 1354//1607 1347//1607
f 1352//1608 1356//1608 1347//1608
f 1347//1451 1357//1451 1358//1451
f 1359//1609 1357//1609 1347//1609
f 1355//1610 1359//1610 1347//1610
f 1358//1611 1350//1611 1347//1611
f 1360//1612 1348//1612 1350//1612
f 1360//1613 1361//1613 1348//1613
f 1348//1614 1361//1614 1362//1614
f 1348//1615 1362//1615 1349//1615
f 1362//1616 1363//1616 1349//1616
f 1349//1617 1363//1617 1364//1617
f 1349//1618 1364//1618 1353//1618
f 1364//1619 1365//1619 1353//1619
f 1353//1620 1365//1620 1366//1620
f 1353//1621 1366//1621 1351//1621
f 1366//1465 1367//1465 1351//1465
f 1351//1622 1367//1622 1368//1622
f 1351//1623 1368//1623 1352//1623
f 1368//1624 1369//1624 1352//1624
f 1352//1625 1369//1625 1370//1625
f 1352//1626 1370//1626 1356//1626
f 1370//1627 1371//1627 1356//1627
f 1356//1628 1371//1628 1372//1628
f 1356//1629 1372//1629 1354//1629
f 1372//1630 1373//1630 1354//1630
f 1354//1306 1373//1306 1374//1306
f 1354//1631 1374//1631 1355//1631
f 1374//1632 1375//1632 1355//1632
f 1355//1476 1375//1476 1376//1476
f 1355//1477 1376//1477 1359//1477
f 1376//1633 1377//1633 1359//1633
f 1359//1634 1377//1634 1378//1634
f 1359//1635 1378//1635 1357//1635
f 1378//1636 1379//1636 1357//1636
f 1357//1637 1379//1637 1380//1637
f 1357//1483 1380//1483 1358//1483
f 1380//1484 1381//1484 1358//1484
f 1358//1638 1381//1638 1382//1638
f 1358//1639 1382//1639 1350//1639
f 1350//1640 1382//1640 1383//1640
f 1350//1641 1383//1641 1360//1641
f 711//1642 709//1642 1381//1642
f 1381//1643 1380//1643 711//1643
f 711//1644 1380//1644 1379//1644
f 711//1645 1379//1645 722//1645
f 1379//1646 1378//1646 722//1646
f 722//1647 1378//1647 1377//1647
f 722//1648 1377//1648 720//1648
f 1377//1649 1376//1649 720//1649
f 720//1650 1376//1650 1375//1650
f 720//1651 1375//1651 692//1651
f 1375//1652 1374//1652 692//1652
f 692//1653 1374//1653 1373//1653
f 692//1654 1373//1654 693//1654
f 693//1655 1373//1655 1372//1655
f 693//1656 1372//1656 695//1656
f 1372//1657 1371//1657 695//1657
f 695//1658 1371//1658 1370//1658
f 695//1659 1370//1659 697//1659
f 1370//1660 1369//1660 697//1660
f 697//1661 1369//1661 1368//1661
f 697//1662 1368//1662 698//1662
f 1368//1663 1367//1663 698//1663
f 698//1664 1367//1664 1366//1664
f 698//1665 1366//1665 703//1665
f 1366//1666 1365//1666 703//1666
f 703//1667 1365//1667 1364//1667
f 703//1668 1364//1668 704//1668
f 1364//1349 1363//1349 704//1349
f 704//1669 1363//1669 1362//1669
f 704//1670 1362//1670 706//1670
f 1362//1671 1361//1671 706//1671
f 706//1672 1361//1672 1360//1672
f 706//1673 1360//1673 708//1673
f 708//1674 1360//1674 1383//1674
f 708//1675 1383//1675 709//1675
f 709//1676 1383//1676 1382//1676
f 709//1677 1382//1677 1381//1677
f 1384//1678 1385//1678 1386//1678
f 1387//1679 1385//1679 1384//1679
f 1384//1680 1388//1680 1389//1680
f 1390//1681 1388//1681 1384//1681
f 1386//1682 1390//1682 1384//1682
f 1384//1683 1391//1683 1392//1683
f 1393//1684 1391//1684 1384//1684
f 1389//1685 1393//1685 1384//1685
f 1384//1686 1394//1686 1395//1686
f 1396//1687 1394//1687 1384//1687
f 1392//1453 1396//1453 1384//1453
f 1395//1688 1387//1688 1384//1688
f 1397//1689 1385//1689 1387//1689
f 1397//1690 1398//1690 1385//1690
f 1385//1691 1398//1691 1399//1691
f 1385//1692 1399//1692 1386//1692
f 1399//1693 1400//1693 1386//1693
f 1386//1460 1400//1460 1401//1460
f 1386//1461 1401//1461 1390//1461
f 1401//1462 1402//1462 1390//1462
f 1390//1694 1402//1694 1403//1694
f 1390//1464 1403//1464 1388//1464
f 1403//1465 1404//1465 1388//1465
f 1388//1695 1404//1695 1405//1695
f 1388//1696 1405//1696 1389//1696
f 1405//1697 1406//1697 1389//1697
f 1389//1698 1406//1698 1407//1698
f 1389//1699 1407//1699 1393//1699
f 1407//1700 1408//1700 1393//1700
f 1393//1701 1408//1701 1409//1701
f 1393//1702 1409//1702 1391//1702
f 1409//1703 1410//1703 1391//1703
f 1391//1704 1410//1704 1411//1704
f 1391//1474 1411//1474 1392//1474
f 1411//1705 1412//1705 1392//1705
f 1392//1706 1412//1706 1413//1706
f 1392//1477 1413//1477 1396//1477
f 1413//1707 1414//1707 1396//1707
f 1396//1708 1414//1708 1415//1708
f 1396//1709 1415//1709 1394//1709
f 1415//1710 1416//1710 1394//1710
f 1394//1711 1416//1711 1417//1711
f 1394//1712 1417//1712 1395//1712
f 1417//1713 1418//1713 1395//1713
f 1395//1714 1418//1714 1419//1714
f 1395//1715 1419//1715 1387//1715
f 1387//1716 1419//1716 1420//1716
f 1387//1717 1420//1717 1397//1717
f 810//1718 809//1718 1418//1718
f 1418//1719 1417//1719 810//1719
f 810//1720 1417//1720 1416//1720
f 810//1721 1416//1721 794//1721
f 1416//1722 1415//1722 794//1722
f 794//1723 1415//1723 1414//1723
f 794//1724 1414//1724 795//1724
f 1414//1725 1413//1725 795//1725
f 795//1726 1413//1726 1412//1726
f 795//1727 1412//1727 804//1727
f 1412//1728 1411//1728 804//1728
f 804//1729 1411//1729 1410//1729
f 804//1730 1410//1730 805//1730
f 1410//1731 1409//1731 805//1731
f 805//1732 1409//1732 1408//1732
f 805//1733 1408//1733 806//1733
f 806//1734 1408//1734 1407//1734
f 806//1735 1407//1735 807//1735
f 1407//1736 1406//1736 807//1736
f 807//1737 1406//1737 1405//1737
f 807//1738 1405//1738 808//1738
f 1405//1739 1404//1739 808//1739
f 808//1740 1404//1740 1403//1740
f 808//1741 1403//1741 798//1741
f 1403//1742 1402//1742 798//1742
f 798//1743 1402//1743 1401//1743
f 798//1744 1401//1744 800//1744
f 1401//1349 1400//1349 800//1349
f 800//1745 1400//1745 1399//1745
f 800//1746 1399//1746 801//1746
f 1399//1747 1398//1747 801//1747
f 801//1748 1398//1748 1397//1748
f 801//1749 1397//1749 802//1749
f 802//1750 1397//1750 1420//1750
f 802//1751 1420//1751 809//1751
f 809//1752 1420//1752 1419//1752
f 809//1753 1419//1753 1418//1753
f 716//1754 714//1754 404//1754
f 404//1755 402//1755 716//1755
f 716//1756 402//1756 401//1756
f 716//1757 401//1757 725//1757
f 401//1758 399//1758 725//1758
f 725//1759 399//1759 398//1759
f 725//1760 398//1760 726//1760
f 398//1761 396//1761 726//1761
f 726//1762 396//1762 395//1762
f 726//1763 395//1763 728//1763
f 395//1764 393//1764 728//1764
f 728//1765 393//1765 392//1765
f 728//1766 392//1766 729//1766
f 392//1767 390//1767 729//1767
f 729//1768 390//1768 389//1768
f 729//1769 389//1769 842//1769
f 842//1770 389//1770 387//1770
f 842//1771 387//1771 718//1771
f 387//1772 385//1772 718//1772
f 718//1773 385//1773 383//1773
f 718//1774 383//1774 719//1774
f 383//1775 382//1775 719//1775
f 719//1776 382//1776 380//1776
f 719//1777 380//1777 721//1777
f 380//1778 379//1778 721//1778
f 721//1779 379//1779 377//1779
f 721//1780 377//1780 723//1780
f 377//1781 376//1781 723//1781
f 723//1782 376//1782 374//1782
f 723//1783 374//1783 724//1783
f 374//1784 373//1784 724//1784
f 724//1785 373//1785 371//1785
f 724//1786 371//1786 717//1786
f 371//1787 370//1787 717//1787
f 717//1788 370//1788 367//1788
f 717//1789 367//1789 713//1789
f 713//1790 367//1790 406//1790
f 713//1791 406//1791 714//1791
f 714//1792 406//1792 405//1792
f 714//1793 405//1793 404//1793
f 836//1794 833//1794 484//1794
f 484//1795 482//1795 836//1795
f 836//1796 482//1796 481//1796
f 836//1797 481//1797 835//1797
f 481//1798 479//1798 835//1798
f 835//1799 479//1799 478//1799
f 835//1800 478//1800 834//1800
f 478//1801 476//1801 834//1801
f 834//1802 476//1802 475//1802
f 834//1803 475//1803 837//1803
f 475//1804 473//1804 837//1804
f 837//1805 473//1805 472//1805
f 837//1806 472//1806 838//1806
f 472//1807 470//1807 838//1807
f 838//1808 470//1808 469//1808
f 838//1809 469//1809 839//1809
f 839//1810 469//1810 467//1810
f 839//1811 467//1811 840//1811
f 467//1812 465//1812 840//1812
f 840//1813 465//1813 463//1813
f 840//1814 463//1814 826//1814
f 463//1815 462//1815 826//1815
f 826//1816 462//1816 460//1816
f 826//1817 460//1817 827//1817
f 460//1818 459//1818 827//1818
f 827//1819 459//1819 457//1819
f 827//1820 457//1820 828//1820
f 457//1821 456//1821 828//1821
f 828//1822 456//1822 454//1822
f 828//1823 454//1823 829//1823
f 454//1824 453//1824 829//1824
f 829//1825 453//1825 451//1825
f 829//1826 451//1826 831//1826
f 451//1827 450//1827 831//1827
f 831//1828 450//1828 447//1828
f 831//1829 447//1829 832//1829
f 832//1830 447//1830 486//1830
f 832//1831 486//1831 833//1831
f 833//1832 486//1832 485//1832
f 833//1833 485//1833 484//1833
f 814//1834 825//1834 444//1834
f 444//1835 442//1835 814//1835
f 814//1836 442//1836 441//1836
f 814//1837 441//1837 811//1837
f 441//1838 439//1838 811//1838
f 811//1839 439//1839 438//1839
f 811//1840 438//1840 812//1840
f 438//1841 436//1841 812//1841
f 812//1842 436//1842 435//1842
f 812//1843 435//1843 818//1843
f 435//1844 433//1844 818//1844
f 818//1845 433//1845 432//1845
f 818//1846 432//1846 819//1846
f 432//1847 430//1847 819//1847
f 819//1848 430//1848 429//1848
f 819//1849 429//1849 820//1849
f 820//1850 429//1850 427//1850
f 820//1851 427//1851 821//1851
f 427//1852 425//1852 821//1852
f 821//1853 425//1853 423//1853
f 821//1854 423//1854 815//1854
f 423//1855 422//1855 815//1855
f 815//1856 422//1856 420//1856
f 815//1857 420//1857 816//1857
f 420//1858 419//1858 816//1858
f 816//1859 419//1859 417//1859
f 816//1860 417//1860 817//1860
f 417//1861 416//1861 817//1861
f 817//1862 416//1862 414//1862
f 817//1863 414//1863 822//1863
f 414//1864 413//1864 822//1864
f 822//1865 413//1865 411//1865
f 822//1866 411//1866 823//1866
f 411//1867 410//1867 823//1867
f 823//1868 410//1868 407//1868
f 823//1869 407//1869 824//1869
f 824//1870 407//1870 446//1870
f 824//1871 446//1871 825//1871
f 825//1872 446//1872 445//1872
f 825//1873 445//1873 444//1873
f 851//1874 849//1874 581//1874
f 581//1875 849//1875 582//1875
f 582//1876 849//1876 848//1876
f 582//1877 848//1877 578//1877
f 578//1878 848//1878 579//1878
f 579//1879 848//1879 845//1879
f 579//1880 845//1880 575//1880
f 575//1881 845//1881 844//1881
f 575//1882 844//1882 917//1882
f 645//1883 571//1883 917//1883
f 917//1884 571//1884 573//1884
f 917//1885 573//1885 575//1885
f 581//1886 589//1886 851//1886
f 851//1887 589//1887 593//1887
f 851//1888 593//1888 853//1888
f 853//1889 593//1889 592//1889
f 853//1890 592//1890 855//1890
f 855//1891 592//1891 591//1891
f 855//1892 591//1892 857//1892
f 857//1893 591//1893 590//1893
f 857//1894 590//1894 859//1894
f 859//1895 590//1895 538//1895
f 859//1896 538//1896 861//1896
f 861//1897 538//1897 541//1897
f 861//1898 541//1898 863//1898
f 863//1899 541//1899 598//1899
f 863//1900 598//1900 865//1900
f 865//1901 598//1901 597//1901
f 865//1902 597//1902 867//1902
f 867//1903 597//1903 595//1903
f 867//1904 595//1904 869//1904
f 869//1905 595//1905 594//1905
f 869//1906 594//1906 871//1906
f 871//1907 594//1907 491//1907
f 871//1908 491//1908 873//1908
f 873//1909 491//1909 490//1909
f 873//1910 490//1910 875//1910
f 875//1911 490//1911 605//1911
f 875//1912 605//1912 877//1912
f 877//1913 605//1913 601//1913
f 877//1914 601//1914 879//1914
f 879//1915 601//1915 613//1915
f 879//1915 613//1915 881//1915
f 881//1916 613//1916 611//1916
f 881//1917 611//1917 883//1917
f 883//1918 611//1918 609//1918
f 883//1919 609//1919 885//1919
f 885//1920 609//1920 607//1920
f 885//1921 607//1921 887//1921
f 887//1922 607//1922 626//1922
f 887//1923 626//1923 889//1923
f 889//1924 626//1924 629//1924
f 889//1925 629//1925 891//1925
f 891//1926 629//1926 628//1926
f 891//1927 628//1927 893//1927
f 893//1928 628//1928 627//1928
f 893//1929 627//1929 895//1929
f 895//1930 627//1930 634//1930
f 895//1931 634//1931 897//1931
f 897//1932 634//1932 637//1932
f 897//1933 637//1933 899//1933
f 899//1934 637//1934 507//1934
f 899//1935 507//1935 901//1935
f 901//1936 507//1936 510//1936
f 901//1937 510//1937 903//1937
f 903//1938 510//1938 512//1938
f 903//1939 512//1939 905//1939
f 905//1940 512//1940 514//1940
f 905//1941 514//1941 907//1941
f 907//1942 514//1942 500//1942
f 907//1943 500//1943 909//1943
f 909//1944 500//1944 647//1944
f 909//1945 647//1945 911//1945
f 911//1946 647//1946 646//1946
f 911//1947 646//1947 913//1947
f 913//1948 646//1948 645//1948
f 913//1949 645//1949 915//1949
f 915//1950 645//1950 917//1950
f 565//1951 547//1951 1155//1951
f 1155//1952 1153//1952 565//1952
f 565//1953 1153//1953 1152//1953
f 565//1954 1152//1954 566//1954
f 1152//1955 1150//1955 566//1955
f 566//1956 1150//1956 1149//1956
f 566//1957 1149//1957 567//1957
f 1149//1958 1147//1958 567//1958
f 567//1959 1147//1959 1146//1959
f 567//1960 1146//1960 564//1960
f 1146//1961 1144//1961 564//1961
f 564//1962 1144//1962 1143//1962
f 564//1963 1143//1963 561//1963
f 1143//1964 1141//1964 561//1964
f 561//1965 1141//1965 1140//1965
f 561//1966 1140//1966 560//1966
f 1140//1967 1138//1967 560//1967
f 560//1968 1138//1968 1137//1968
f 560//1969 1137//1969 555//1969
f 1137//1970 1135//1970 555//1970
f 555//1971 1135//1971 1134//1971
f 555//1972 1134//1972 556//1972
f 1134//1973 1132//1973 556//1973
f 556//1974 1132//1974 1131//1974
f 556//1975 1131//1975 557//1975
f 1131//1976 1129//1976 557//1976
f 557//1977 1129//1977 1128//1977
f 557//1978 1128//1978 558//1978
f 558//1979 1128//1979 1126//1979
f 558//1980 1126//1980 559//1980
f 1126//1981 1125//1981 559//1981
f 559//1982 1125//1982 1123//1982
f 559//1983 1123//1983 493//1983
f 1123//1984 1122//1984 493//1984
f 493//1985 1122//1985 1120//1985
f 493//1986 1120//1986 494//1986
f 1120//1987 1119//1987 494//1987
f 494//1988 1119//1988 1117//1988
f 494//1989 1117//1989 548//1989
f 1117//1990 1116//1990 548//1990
f 548//1991 1116//1991 1114//1991
f 548//1992 1114//1992 549//1992
f 1114//1993 1113//1993 549//1993
f 549//1994 1113//1994 1111//1994
f 549//1995 1111//1995 550//1995
f 1111//1996 1110//1996 550//1996
f 550//1997 1110//1997 1108//1997
f 550//1998 1108//1998 551//1998
f 1108//1999 1107//1999 551//1999
f 551//2000 1107//2000 1105//2000
f 551//2001 1105//2001 552//2001
f 1105//2002 1104//2002 552//2002
f 552//2003 1104//2003 1102//2003
f 552//2004 1102//2004 542//2004
f 1102//2005 1101//2005 542//2005
f 542//2006 1101//2006 1099//2006
f 542//2007 1099//2007 543//2007
f 1099//2008 1098//2008 543//2008
f 543//2009 1098//2009 1095//2009
f 543//2010 1095//2010 545//2010
f 545//2011 1095//2011 1157//2011
f 545//2012 1157//2012 547//2012
f 547//2013 1157//2013 1156//2013
f 547//2014 1156//2014 1155//2014
f 498//2015 529//2015 1002//2015
f 1002//2016 1000//2016 498//2016
f 498//2017 1000//2017 999//2017
f 498//2018 999//2018 496//2018
f 999//2019 997//2019 496//2019
f 496//2020 997//2020 996//2020
f 496//2021 996//2021 539//2021
f 996//2022 994//2022 539//2022
f 539//2023 994//2023 993//2023
f 539//2024 993//2024 540//2024
f 993//2025 991//2025 540//2025
f 540//2026 991//2026 990//2026
f 540//2027 990//2027 533//2027
f 990//2028 988//2028 533//2028
f 533//2029 988//2029 987//2029
f 533//2030 987//2030 534//2030
f 987//2031 985//2031 534//2031
f 534//2032 985//2032 984//2032
f 534//2033 984//2033 536//2033
f 536//2034 984//2034 982//2034
f 536//2035 982//2035 537//2035
f 982//2036 981//2036 537//2036
f 537//2037 981//2037 979//2037
f 537//2038 979//2038 530//2038
f 979//2039 978//2039 530//2039
f 530//2040 978//2040 976//2040
f 530//2041 976//2041 531//2041
f 976//2042 975//2042 531//2042
f 531//2043 975//2043 973//2043
f 531//2044 973//2044 562//2044
f 973//2045 972//2045 562//2045
f 562//2046 972//2046 970//2046
f 562//2047 970//2047 524//2047
f 970//2048 969//2048 524//2048
f 524//2049 969//2049 967//2049
f 524//2050 967//2050 525//2050
f 967//2051 966//2051 525//2051
f 525//2052 966//2052 964//2052
f 525//2053 964//2053 527//2053
f 964//2054 963//2054 527//2054
f 527//2055 963//2055 960//2055
f 527//2056 960//2056 528//2056
f 528//2057 960//2057 1004//2057
f 528//2058 1004//2058 529//2058
f 529//2059 1004//2059 1003//2059
f 529//2060 1003//2060 1002//2060
f 602//2061 623//2061 1092//2061
f 1092//2062 1090//2062 602//2062
f 602//2063 1090//2063 1089//2063
f 602//2064 1089//2064 599//2064
f 1089//2065 1087//2065 599//2065
f 599//2066 1087//2066 1086//2066
f 599//2067 1086//2067 600//2067
f 1086//2068 1084//2068 600//2068
f 600//2069 1084//2069 1083//2069
f 600//2070 1083//2070 615//2070
f 1083//2071 1081//2071 615//2071
f 615//2072 1081//2072 1080//2072
f 615//2073 1080//2073 614//2073
f 1080//2074 1078//2074 614//2074
f 614//2075 1078//2075 1077//2075
f 614//2076 1077//2076 612//2076
f 1077//2077 1075//2077 612//2077
f 612//2078 1075//2078 1074//2078
f 612//2079 1074//2079 610//2079
f 610//2080 1074//2080 1072//2080
f 610//2081 1072//2081 608//2081
f 1072//2082 1071//2082 608//2082
f 608//2083 1071//2083 1069//2083
f 608//2084 1069//2084 606//2084
f 1069//2085 1068//2085 606//2085
f 606//2086 1068//2086 1066//2086
f 606//2087 1066//2087 616//2087
f 1066//2088 1065//2088 616//2088
f 616//2089 1065//2089 1063//2089
f 616//2090 1063//2090 617//2090
f 1063//2091 1062//2091 617//2091
f 617//2092 1062//2092 1060//2092
f 617//2093 1060//2093 619//2093
f 1060//2094 1059//2094 619//2094
f 619//2095 1059//2095 1057//2095
f 619//2096 1057//2096 620//2096
f 1057//2097 1056//2097 620//2097
f 620//2098 1056//2098 1054//2098
f 620//2099 1054//2099 621//2099
f 1054//2100 1053//2100 621//2100
f 621//2101 1053//2101 1050//2101
f 621//2102 1050//2102 622//2102
f 622//2103 1050//2103 1094//2103
f 622//2104 1094//2104 623//2104
f 623//2104 1094//2104 1093//2104
f 623//2105 1093//2105 1092//2105
f 517//2106 659//2106 1047//2106
f 1047//2107 1045//2107 517//2107
f 517//2108 1045//2108 1044//2108
f 517//2109 1044//2109 518//2109
f 1044//2110 1042//2110 518//2110
f 518//2111 1042//2111 1041//2111
f 518//2112 1041//2112 520//2112
f 1041//2113 1039//2113 520//2113
f 520//2114 1039//2114 1038//2114
f 520//2115 1038//2115 522//2115
f 1038//2116 1036//2116 522//2116
f 522//2117 1036//2117 1035//2117
f 522//2118 1035//2118 523//2118
f 1035//2119 1033//2119 523//2119
f 523//2120 1033//2120 1032//2120
f 523//2121 1032//2121 505//2121
f 1032//2122 1030//2122 505//2122
f 505//2123 1030//2123 1029//2123
f 505//2124 1029//2124 506//2124
f 506//2125 1029//2125 1027//2125
f 506//2126 1027//2126 508//2126
f 1027//2127 1026//2127 508//2127
f 508//2128 1026//2128 1024//2128
f 508//2129 1024//2129 509//2129
f 1024//2130 1023//2130 509//2130
f 509//2040 1023//2040 1021//2040
f 509//2131 1021//2131 511//2131
f 1021//2132 1020//2132 511//2132
f 511//2133 1020//2133 1018//2133
f 511//2134 1018//2134 513//2134
f 1018//2135 1017//2135 513//2135
f 513//2136 1017//2136 1015//2136
f 513//2137 1015//2137 515//2137
f 1015//2138 1014//2138 515//2138
f 515//2139 1014//2139 1012//2139
f 515//2140 1012//2140 516//2140
f 1012//2141 1011//2141 516//2141
f 516//2142 1011//2142 1009//2142
f 516//2143 1009//2143 501//2143
f 1009//2054 1008//2054 501//2054
f 501//2055 1008//2055 1005//2055
f 501//2144 1005//2144 502//2144
f 502//2145 1005//2145 1049//2145
f 502//2146 1049//2146 659//2146
f 659//2147 1049//2147 1048//2147
f 659//2148 1048//2148 1047//2148
f 1421//2149 1422//2149 1423//2149
f 1424//2150 1422//2150 1421//2150
f 1421//2151 1425//2151 1426//2151
f 1427//2152 1425//2152 1421//2152
f 1423//2153 1427//2153 1421//2153
f 1421//2154 1428//2154 1429//2154
f 1430//2155 1428//2155 1421//2155
f 1426//2156 1430//2156 1421//2156
f 1421//2157 1431//2157 1432//2157
f 1433//2158 1431//2158 1421//2158
f 1429//2159 1433//2159 1421//2159
f 1432//2160 1424//2160 1421//2160
f 1424//2161 1434//2161 1422//2161
f 1422//2161 1434//2161 1435//2161
f 1422//2162 1435//2162 1423//2162
f 1423//2163 1435//2163 1436//2163
f 1423//2164 1436//2164 1427//2164
f 1427//2164 1436//2164 1437//2164
f 1427//2165 1437//2165 1425//2165
f 1425//2165 1437//2165 1438//2165
f 1425//2166 1438//2166 1426//2166
f 1426//2166 1438//2166 1439//2166
f 1426//2167 1439//2167 1430//2167
f 1430//2168 1439//2168 1440//2168
f 1430//2169 1440//2169 1428//2169
f 1428//2170 1440//2170 1441//2170
f 1428//2171 1441//2171 1429//2171
f 1429//2171 1441//2171 1442//2171
f 1429//2172 1442//2172 1433//2172
f 1433//2173 1442//2173 1443//2173
f 1433//2174 1443//2174 1431//2174
f 1431//2174 1443//2174 1444//2174
f 1431//2175 1444//2175 1432//2175
f 1432//2175 1444//2175 1445//2175
f 1432//2176 1445//2176 1424//2176
f 1424//2177 1445//2177 1434//2177
f 1435//2178 651//2178 1436//2178
f 1436//2179 651//2179 650//2179
f 1436//2180 650//2180 1437//2180
f 1437//2181 650//2181 649//2181
f 1437//2182 649//2182 1438//2182
f 1438//2183 649//2183 488//2183
f 1438//2184 488//2184 1439//2184
f 1439//2185 488//2185 487//2185
f 1439//2186 487//2186 1440//2186
f 1440//2187 487//2187 658//2187
f 1440//2188 658//2188 1441//2188
f 1441//2189 658//2189 657//2189
f 1441//2190 657//2190 1442//2190
f 1442//2191 657//2191 656//2191
f 1442//2192 656//2192 1443//2192
f 1443//2193 656//2193 655//2193
f 1443//2194 655//2194 1444//2194
f 1444//2195 655//2195 654//2195
f 1444//2196 654//2196 1445//2196
f 1445//2197 654//2197 653//2197
f 1445//2198 653//2198 1434//2198
f 1434//2199 653//2199 652//2199
f 1434//2200 652//2200 1435//2200
f 1435//2201 652//2201 651//2201
f 1446//2202 1447//2202 1448//2202
f 1449//2150 1447//2150 1446//2150
f 1446//2203 1450//2203 1451//2203
f 1452//2204 1450//2204 1446//2204
f 1448//2205 1452//2205 1446//2205
f 1446//2206 1453//2206 1454//2206
f 1455//2155 1453//2155 1446//2155
f 1451//2207 1455//2207 1446//2207
f 1446//2208 1456//2208 1457//2208
f 1458//2209 1456//2209 1446//2209
f 1454//2210 1458//2210 1446//2210
f 1457//2160 1449//2160 1446//2160
f 1449//2161 1459//2161 1447//2161
f 1447//2161 1459//2161 1460//2161
f 1447//2211 1460//2211 1448//2211
f 1448//2212 1460//2212 1461//2212
f 1448//2213 1461//2213 1452//2213
f 1452//2213 1461//2213 1462//2213
f 1452//2214 1462//2214 1450//2214
f 1450//2215 1462//2215 1463//2215
f 1450//2216 1463//2216 1451//2216
f 1451//2217 1463//2217 1464//2217
f 1451//2218 1464//2218 1455//2218
f 1455//2219 1464//2219 1465//2219
f 1455//2220 1465//2220 1453//2220
f 1453//2221 1465//2221 1466//2221
f 1453//2222 1466//2222 1454//2222
f 1454//2222 1466//2222 1467//2222
f 1454//2223 1467//2223 1458//2223
f 1458//2224 1467//2224 1468//2224
f 1458//2225 1468//2225 1456//2225
f 1456//2225 1468//2225 1469//2225
f 1456//2175 1469//2175 1457//2175
f 1457//2175 1469//2175 1470//2175
f 1457//2176 1470//2176 1449//2176
f 1449//2177 1470//2177 1459//2177
f 1460//2226 574//2226 1461//2226
f 1461//2227 574//2227 572//2227
f 1461//2228 572//2228 1462//2228
f 1462//2229 572//2229 584//2229
f 1462//2230 584//2230 1463//2230
f 1463//2231 584//2231 583//2231
f 1463//2232 583//2232 1464//2232
f 1464//2233 583//2233 588//2233
f 1464//2234 588//2234 1465//2234
f 1465//2235 588//2235 587//2235
f 1465//2236 587//2236 1466//2236
f 1466//2237 587//2237 586//2237
f 1466//2238 586//2238 1467//2238
f 1467//2239 586//2239 569//2239
f 1467//2240 569//2240 1468//2240
f 1468//2241 569//2241 568//2241
f 1468//2242 568//2242 1469//2242
f 1469//2243 568//2243 580//2243
f 1469//2244 580//2244 1470//2244
f 1470//2245 580//2245 577//2245
f 1470//2246 577//2246 1459//2246
f 1459//2247 577//2247 576//2247
f 1459//2248 576//2248 1460//2248
f 1460//2249 576//2249 574//2249
f 1471//2250 1472//2250 1473//2250
f 1474//2251 1472//2251 1471//2251
f 1471//2252 1475//2252 1476//2252
f 1477//2253 1475//2253 1471//2253
f 1473//2254 1477//2254 1471//2254
f 1471//2255 1478//2255 1479//2255
f 1480//2256 1478//2256 1471//2256
f 1476//2257 1480//2257 1471//2257
f 1471//2258 1481//2258 1482//2258
f 1483//2259 1481//2259 1471//2259
f 1479//2260 1483//2260 1471//2260
f 1482//2261 1474//2261 1471//2261
f 1474//2262 1484//2262 1472//2262
f 1472//2263 1484//2263 1485//2263
f 1472//2264 1485//2264 1473//2264
f 1473//2265 1485//2265 1486//2265
f 1473//2266 1486//2266 1477//2266
f 1477//2266 1486//2266 1487//2266
f 1477//2267 1487//2267 1475//2267
f 1475//2268 1487//2268 1488//2268
f 1475//2269 1488//2269 1476//2269
f 1476//2270 1488//2270 1489//2270
f 1476//2271 1489//2271 1480//2271
f 1480//2272 1489//2272 1490//2272
f 1480//2273 1490//2273 1478//2273
f 1478//2274 1490//2274 1491//2274
f 1478//2275 1491//2275 1479//2275
f 1479//2171 1491//2171 1492//2171
f 1479//2276 1492//2276 1483//2276
f 1483//2277 1492//2277 1493//2277
f 1483//2278 1493//2278 1481//2278
f 1481//2279 1493//2279 1494//2279
f 1481//2280 1494//2280 1482//2280
f 1482//2281 1494//2281 1495//2281
f 1482//2282 1495//2282 1474//2282
f 1474//2283 1495//2283 1484//2283
f 1485//2284 639//2284 1486//2284
f 1486//2285 639//2285 638//2285
f 1486//2286 638//2286 1487//2286
f 1487//2287 638//2287 636//2287
f 1487//2288 636//2288 1488//2288
f 1488//2289 636//2289 635//2289
f 1488//2290 635//2290 1489//2290
f 1489//2291 635//2291 633//2291
f 1489//2292 633//2292 1490//2292
f 1490//2293 633//2293 632//2293
f 1490//2294 632//2294 1491//2294
f 1491//2295 632//2295 631//2295
f 1491//2190 631//2190 1492//2190
f 1492//2296 631//2296 630//2296
f 1492//2297 630//2297 1493//2297
f 1493//2298 630//2298 643//2298
f 1493//2299 643//2299 1494//2299
f 1494//2300 643//2300 642//2300
f 1494//2301 642//2301 1495//2301
f 1495//2302 642//2302 641//2302
f 1495//2247 641//2247 1484//2247
f 1484//2303 641//2303 640//2303
f 1484//2304 640//2304 1485//2304
f 1485//2305 640//2305 639//2305
# Vertices: 1495, normals: 2305, texture coordinates: 0, faces: 2986

