# File generated by ImageToStl.com - Free Image and 3D model conversion tools

mtllib revo2_flange.mtl

o obj1
v 0.00708413 -0.01763051 0.00662494
v 0.00720811 -0.01758021 0.00632656
v 0.00708413 -0.02199995 0.00662494
v 0.00725162 -0.02199995 0.00599998
v 0.00688404 -0.01770967 0.00688529
v 0.00662655 -0.02199995 0.00708246
v 0.00662655 -0.01780754 0.00708246
v 0.00627684 -0.01793378 0.0072192
v 0.00600165 -0.02199995 0.00724995
v 0.00600243 -0.01802742 0.00724995
v 0.00537658 -0.02199995 0.00708246
v 0.00491905 -0.02199995 0.00662494
v 0.00491905 -0.0183525 0.00662494
v 0.00511897 -0.01829785 0.00688499
v 0.00537658 -0.01822382 0.00708246
v 0.00567996 -0.01813161 0.00720787
v 0.00491905 -0.02199995 0.00537497
v 0.00479436 -0.01838546 0.00567567
v 0.00475156 -0.02199995 0.00599998
v 0.00475156 -0.01839667 0.00599998
v 0.00479448 -0.01838546 0.00632441
v 0.00537658 -0.02199995 0.00491738
v 0.00511908 -0.01829785 0.00511473
v 0.00491905 -0.0183525 0.00537497
v 0.00600165 -0.02199995 0.00474989
v 0.00567979 -0.01813167 0.00479209
v 0.00537658 -0.01822382 0.00491738
v 0.00662655 -0.02199995 0.00491738
v 0.00627684 -0.01793378 0.00478065
v 0.00600165 -0.01802772 0.00474989
v 0.00708413 -0.02199995 0.00537497
v 0.00688374 -0.01770979 0.00511426
v 0.00662655 -0.01780754 0.00491738
v 0.00725162 -0.01756232 0.00599998
v 0.00720864 -0.01758003 0.00567514
v 0.00708413 -0.01763051 0.00537497
v -0.0053733 -0.02199995 0.00708246
v -0.0053733 -0.01822382 0.00708246
v -0.00511551 -0.01829791 0.00688499
v -0.00491571 -0.02199995 0.00662494
v -0.00567692 -0.01813149 0.00720793
v -0.00599831 -0.02199995 0.00724995
v -0.00599831 -0.01802772 0.00724995
v -0.00632137 -0.01791691 0.00720745
v -0.00662327 -0.02199995 0.00708246
v -0.00662327 -0.01780754 0.00708246
v -0.00687438 -0.01771211 0.00689161
v -0.00708079 -0.02199995 0.00662494
v -0.00707191 -0.01763415 0.00664026
v -0.00720519 -0.01758009 0.00632518
v -0.00724834 -0.02199995 0.00599998
v -0.00724834 -0.01756232 0.00599998
v -0.00720531 -0.01758009 0.00567478
v -0.00708079 -0.02199995 0.00537497
v -0.00708079 -0.01763051 0.00537497
v -0.00687414 -0.01771217 0.00510812
v -0.00662327 -0.02199995 0.00491738
v -0.00662327 -0.01780754 0.00491738
v -0.00632161 -0.01791685 0.00479251
v -0.00599831 -0.02199995 0.00474989
v -0.00599831 -0.01802772 0.00474989
v -0.0053733 -0.02199995 0.00491738
v -0.00491571 -0.02199995 0.00537497
v -0.00491571 -0.0183525 0.00537497
v -0.00511581 -0.01829785 0.00511461
v -0.0053733 -0.01822382 0.00491738
v -0.00567651 -0.01813167 0.00479209
v -0.00491571 -0.0183525 0.00662494
v -0.00479138 -0.01838541 0.00632548
v -0.00474834 -0.02199995 0.00599998
v -0.00474834 -0.01839667 0.00599998
v -0.00479102 -0.01838552 0.00567603
v 0.00537658 0.02199995 0.00708246
v 0.00537658 0.01822382 0.00708246
v 0.00511879 0.01829791 0.00688499
v 0.00491905 0.02199995 0.00662494
v 0.00546598 0.01819717 0.00712937
v 0.00600165 0.02199995 0.00724995
v 0.00600165 0.01802772 0.00724995
v 0.00632459 0.01791691 0.00720745
v 0.00662655 0.02199995 0.00708246
v 0.00662655 0.01780754 0.00708246
v 0.0068838 0.01770973 0.00688547
v 0.00708413 0.02199995 0.00662494
v 0.00708413 0.01763051 0.00662494
v 0.00720853 0.01758009 0.00632518
v 0.00725162 0.02199995 0.00599998
v 0.00725162 0.01756232 0.00599998
v 0.00720853 0.01758009 0.00567478
v 0.00708413 0.02199995 0.00537497
v 0.00708413 0.01763051 0.00537497
v 0.00688374 0.01770979 0.00511426
v 0.00662655 0.02199995 0.00491738
v 0.00662655 0.01780754 0.00491738
v 0.00632489 0.01791685 0.00479251
v 0.00600165 0.02199995 0.00474989
v 0.00600165 0.01802772 0.00474989
v 0.00537658 0.02199995 0.00491738
v 0.00491905 0.02199995 0.00537497
v 0.00491905 0.0183525 0.00537497
v 0.00511908 0.01829785 0.00511461
v 0.00537717 0.0182237 0.00491708
v 0.00546598 0.01819717 0.00487047
v 0.00491905 0.0183525 0.00662494
v 0.00479478 0.01838541 0.00632548
v 0.00475156 0.02199995 0.00599998
v 0.00475156 0.01839667 0.00599998
v 0.00479424 0.01838552 0.00567603
v -0.00708079 0.01763051 0.00662494
v -0.00720489 0.01758021 0.00632656
v -0.00708079 0.02199995 0.00662494
v -0.00724834 0.02199995 0.00599998
v -0.0068807 0.01770967 0.00688529
v -0.00662327 0.02199995 0.00708246
v -0.00662327 0.01780754 0.00708246
v -0.00632125 0.01791691 0.00720745
v -0.00599831 0.02199995 0.00724995
v -0.00599831 0.01802772 0.00724995
v -0.0053733 0.02199995 0.00708246
v -0.00491571 0.02199995 0.00662494
v -0.00491571 0.0183525 0.00662494
v -0.00511563 0.01829785 0.00688499
v -0.0053733 0.01822382 0.00708246
v -0.00567663 0.01813161 0.00720787
v -0.00491571 0.02199995 0.00537497
v -0.00479114 0.01838546 0.00567567
v -0.00474834 0.02199995 0.00599998
v -0.00474834 0.01839667 0.00599998
v -0.00479114 0.01838546 0.00632441
v -0.0053733 0.02199995 0.00491738
v -0.00511581 0.01829785 0.00511473
v -0.00491571 0.0183525 0.00537497
v -0.00599831 0.02199995 0.00474989
v -0.00567651 0.01813167 0.00479209
v -0.0053733 0.01822382 0.00491738
v -0.00662327 0.02199995 0.00491738
v -0.00632125 0.01791697 0.00479239
v -0.00599831 0.01802772 0.00474989
v -0.00708079 0.02199995 0.00537497
v -0.00688034 0.01770979 0.00511426
v -0.00662327 0.01780754 0.00491738
v -0.00724834 0.01756232 0.00599998
v -0.00720537 0.01758003 0.00567514
v -0.00708079 0.01763051 0.00537497
v 0.00963795 0.01849859 0.01199996
v 0.0085718 0.01983088 0.01199996
v 0.00794429 0.01780909 0.01199996
v -0.00525159 0.01877897 0.01199996
v -0.00193924 0.0194031 0.01199996
v -0.00632507 0.02349996 0.01199996
v 0.01870983 0.0054999 0.01199996
v 0.01974999 0.0054999 0.01199996
v 0.01748329 0.00863951 0.01199996
v 0.01892614 0.0078811 0.01199996
v 0.01573431 0.01152092 0.01199996
v 0.01974999 -0.0054999 0.01199996
v 0.01870983 -0.0054999 0.01199996
v 0.01892614 -0.0078811 0.01199996
v 0.01748329 -0.00863951 0.01199996
v 0.01743787 -0.01078087 0.01199996
v 0.01573431 -0.01152092 0.01199996
v 0.0063284 0.02349996 0.01199996
v 0.00143105 0.0194475 0.01199996
v 0.00475878 0.01891082 0.01199996
v 0.00702274 0.02232414 0.01199996
v 0.01743787 0.01078087 0.01199996
v 0.01550883 0.01340806 0.01199996
v 0.01351529 0.01405811 0.01199996
v 0.0131877 0.01569628 0.01199996
v 0.01089251 0.01617521 0.01199996
v 0.01116251 0.01719546 0.01199996
v 0.00983506 0.01829212 0.01199996
v 0.00898665 -0.01926869 0.01199996
v 0.00794429 -0.01780909 0.01199996
v 0.00839531 -0.02008652 0.01199996
v 0.00475878 -0.01891082 0.01199996
v 0.00732881 -0.02180027 0.01199996
v 0.0063284 -0.02349996 0.01199996
v 0.00143105 -0.0194475 0.01199996
v -0.00632507 -0.02349996 0.01199996
v -0.00193924 -0.0194031 0.01199996
v -0.00525159 -0.01877897 0.01199996
v -0.00963461 -0.01849859 0.01199996
v -0.00856852 -0.01983088 0.01199996
v -0.008407 -0.01759386 0.01199996
v 0.00963795 -0.01849859 0.01199996
v 0.01035779 -0.01780164 0.01199996
v 0.01089251 -0.01617521 0.01199996
v 0.01116251 -0.01719546 0.01199996
v 0.01351529 -0.01405811 0.01199996
v 0.0131877 -0.01569628 0.01199996
v 0.01550883 -0.01340806 0.01199996
v -0.00898337 0.01926869 0.01199996
v -0.008407 0.01759386 0.01199996
v -0.00839204 0.02008652 0.01199996
v -0.00732553 0.02180027 0.01199996
v -0.00701946 -0.02232414 0.01199996
v -0.01131117 -0.0158829 0.01199996
v -0.01115924 -0.01719546 0.01199996
v -0.00983179 -0.01829212 0.01199996
v -0.00963461 0.01849859 0.01199996
v -0.01035451 0.01780164 0.01199996
v -0.01131117 0.0158829 0.01199996
v -0.01115924 0.01719546 0.01199996
v -0.01231634 0.01638633 0.01199996
v -0.01387733 0.0136975 0.01199996
v -0.01488858 0.01409 0.01199996
v -0.01602882 0.01110273 0.01199996
v -0.01703947 0.01139497 0.01199996
v -0.01770126 0.00817633 0.01199996
v -0.01870822 0.00837767 0.01199996
v -0.0188449 0.0050056 0.01199996
v -0.01984781 0.00512332 0.01199996
v -0.01942533 0.00168532 0.01199996
v -0.02042561 0.00172394 0.01199996
v -0.01942533 -0.00168532 0.01199996
v -0.02042561 -0.00172394 0.01199996
v -0.0188449 -0.0050056 0.01199996
v -0.01984781 -0.00512332 0.01199996
v -0.01770126 -0.00817633 0.01199996
v -0.01870822 -0.00837767 0.01199996
v -0.01602882 -0.01110273 0.01199996
v -0.01703947 -0.01139497 0.01199996
v -0.01387733 -0.0136975 0.01199996
v -0.01488858 -0.01409 0.01199996
v -0.01231634 -0.01638633 0.01199996
v 0.02023172 -0.00563413 0.00599998
v 0.02023172 -0.00563413 0.0115
v 0.01982957 -0.00691742 0.0115
v 0.01403111 -0.01562607 0.0005
v 0.0140264 -0.01563024 0.00487018
v 0.01244753 -0.0169143 0.0005
v 0.01386874 -0.01577019 0.00496834
v 0.01342856 -0.0161466 0.00535303
v 0.01306229 -0.01644438 0.00584018
v 0.01277607 -0.01666766 0.00641054
v 0.01244753 -0.0169143 0.00699997
v 0.01258462 -0.01681268 0.00702411
v 0.01241946 -0.01693505 0.00777602
v 0.01248711 -0.01688528 0.0076729
v 0.01233571 -0.01699614 0.00854242
v 0.01248705 -0.01688528 0.00832629
v 0.01219606 -0.01709657 0.00930244
v 0.01258385 -0.01681321 0.00897205
v 0.01211857 -0.01715159 0.00962609
v 0.01277709 -0.01666688 0.00959176
v 0.01402628 -0.01563036 0.01112961
v 0.01403111 -0.01562607 0.0115
v 0.01386624 -0.01577246 0.01102977
v 0.01350939 -0.01607912 0.0115
v 0.01343089 -0.01614475 0.01064938
v 0.01143479 -0.01761484 0.0115
v 0.01306039 -0.01644593 0.01015657
v 0.01159363 -0.01751065 0.01115506
v 0.01188659 -0.01731318 0.01040214
v 0.02100157 0 0.00599998
v 0.02070653 -0.00350803 0.00599998
v 0.02092558 -0.00178546 0.0005
v 0.02100157 0 0.0005
v 0.02092558 0.00178546 0.0005
v 0.02070653 0.00350803 0.00599998
v 0.01982957 0.00691742 0.0005
v 0.02023172 0.00563413 0.00599998
v 0.02032047 0.00530499 0.0005
v 0.02070653 0.00350803 0.0005
v 0.0127772 0.01666676 0.00959218
v 0.01188659 0.01731318 0.01040214
v 0.01306039 0.01644593 0.01015657
v 0.01159363 0.01751065 0.01115506
v 0.01143479 0.01761484 0.0115
v 0.01277607 0.01666766 0.00641054
v 0.01244753 0.0169143 0.0005
v 0.01258426 0.01681292 0.00702578
v 0.01244753 0.0169143 0.00699997
v 0.01248711 0.01688528 0.0076729
v 0.01241946 0.01693505 0.00777602
v 0.01248717 0.01688522 0.00832772
v 0.01233571 0.01699614 0.00854242
v 0.01258385 0.01681321 0.00897205
v 0.01219606 0.01709657 0.00930244
v 0.01211857 0.01715159 0.00962609
v 0.01314985 0.01637434 0.00570524
v 0.01342856 0.0161466 0.00535303
v 0.01403111 0.01562607 0.0005
v 0.01614826 -0.01342695 0.00535303
v 0.01644432 -0.01306283 0.0005
v 0.01637601 -0.01314818 0.00570524
v 0.0164541 -0.01305043 0.00585681
v 0.01577073 -0.01386851 0.00496745
v 0.01533496 -0.0143488 0.00472468
v 0.01513355 -0.01456093 0.0005
v 0.01485115 -0.01484888 0.00463998
v 0.01435041 -0.01533335 0.00472468
v 0.01681452 -0.0125826 0.00702578
v 0.01666933 -0.0127744 0.00641054
v 0.01839542 -0.01013255 0.0005
v 0.01688683 -0.01248544 0.0076729
v 0.01738202 -0.01178652 0.0005
v 0.01435256 -0.0153312 0.01127594
v 0.01485085 -0.01484918 0.01135993
v 0.01588702 -0.01373505 0.0115
v 0.01533353 -0.01435023 0.0112757
v 0.01577407 -0.01386463 0.01102977
v 0.01644432 -0.01306283 0.0115
v 0.01614612 -0.01342964 0.0106498
v 0.0164476 -0.01305872 0.01015657
v 0.01786315 -0.01104378 0.0115
v 0.01666837 -0.01277554 0.00959218
v 0.01839542 -0.01013255 0.0115
v 0.01681488 -0.01258218 0.00897205
v 0.01688683 -0.0124855 0.00832772
v 0.01577407 0.01386463 0.01102977
v 0.01588702 0.01373505 0.0115
v 0.01614427 0.01343178 0.01065212
v 0.01644432 0.01306283 0.0115
v 0.01644432 0.01306283 0.01016324
v 0.01533287 0.01435101 0.01127594
v 0.01485085 0.01484918 0.01135993
v 0.01403111 0.01562607 0.0115
v 0.01443779 0.0152511 0.01130217
v 0.01402539 0.01563107 0.01112914
v 0.01350939 0.01607912 0.0115
v 0.01386624 0.01577246 0.01102977
v 0.01343131 0.01614445 0.0106498
v 0.01681429 0.01258301 0.00702411
v 0.01688683 0.01248544 0.0076729
v 0.01839542 0.01013255 0.0115
v 0.01688688 0.01248538 0.00832629
v 0.01681488 0.01258218 0.00897205
v 0.01666855 0.01277542 0.00959176
v 0.01786315 0.01104378 0.0115
v 0.01403111 0.01562607 0.00486749
v 0.01435041 0.01533335 0.00472468
v 0.01513355 0.01456093 0.0005
v 0.01485055 0.01484948 0.00463998
v 0.01644432 0.01306283 0.0005
v 0.01533496 0.0143488 0.00472468
v 0.01577192 0.01386708 0.00496834
v 0.01614826 0.01342695 0.00535303
v 0.01644432 0.01306283 0.00583661
v 0.01738202 0.01178652 0.0005
v 0.01666933 0.0127744 0.00641054
v 0.01839542 0.01013255 0.0005
v 0.01938772 -0.00807333 0.0115
v 0.01912778 -0.00867116 0.0005
v 0.01982957 -0.00691742 0.0005
v 0.02032047 -0.00530499 0.0005
v 0.02070653 -0.00350803 0.0005
v 0.02023172 0.00563413 0.0115
v 0.01982957 0.00691742 0.0115
v 0.01938772 0.00807333 0.0115
v 0.01912778 0.00867116 0.0005
v 0.01823014 0.00535893 0.00599998
v 0.01763582 0.00707346 0.00199997
v 0.01861548 0.00381112 0.00599998
v 0.01861548 0.00381112 0.00199997
v 0.01899683 0.00042632 0.00599998
v 0.01899683 0.00042632 0.00199997
v 0.01876771 -0.00297224 0.00599998
v 0.01876771 -0.00297224 0.00199997
v 0.01823014 -0.00535893 0.00599998
v 0.01793539 -0.0062753 0.00199997
v 0.0140258 0.01281869 0.00199997
v 0.01374447 0.01311987 0.00635803
v 0.01343661 0.01343494 0.00629991
v 0.01282215 0.01402252 0.00652766
v 0.01255977 0.01425802 0.00679785
v 0.01151162 0.01511687 0.00199997
v 0.01312178 0.01374256 0.00635791
v 0.01235514 0.01443558 0.00714999
v 0.01222527 0.01454573 0.00755978
v 0.01218062 0.01458323 0.00799996
v 0.01151162 0.01511687 0.0115
v 0.01222532 0.01454567 0.00844049
v 0.01235514 0.01443558 0.00884998
v 0.01255959 0.01425814 0.00920188
v 0.01282215 0.01402252 0.00947219
v 0.01316881 0.01369762 0.0115
v 0.0131222 0.0137422 0.00964212
v 0.01343661 0.01343494 0.0097
v 0.0140258 0.01281869 0.0115
v 0.0137453 0.01311904 0.00964159
v 0.01402419 0.01282054 0.00947219
v 0.01533091 0.01122552 0.0115
v 0.01426023 0.01255744 0.00920129
v 0.01608932 0.01010859 0.0115
v 0.01443725 0.01235353 0.00884998
v 0.01454752 0.01222354 0.00843966
v 0.01458477 0.01217895 0.00799996
v 0.01454752 0.01222354 0.00756037
v 0.01608932 0.01010859 0.00199997
v 0.01443725 0.01235353 0.00714999
v 0.01426029 0.01255744 0.00679862
v 0.0140258 0.01281869 0.00652915
v -0.01402086 0.01282054 0.00652766
v -0.01425635 0.0125581 0.00679785
v -0.01561629 0.01082015 0.00199997
v -0.01443392 0.01235353 0.00714999
v -0.01454412 0.01222366 0.00755978
v -0.01458156 0.01217895 0.00799996
v -0.01454406 0.01222372 0.00844049
v -0.01561772 0.01081812 0.0115
v -0.01443392 0.01235353 0.00884998
v -0.01425647 0.01255792 0.00920188
v -0.01402086 0.01282054 0.00947219
v -0.01352149 0.01334631 0.0115
v -0.01374053 0.01312053 0.00964212
v -0.01343327 0.01343494 0.0115
v -0.01235193 0.01443558 0.00884998
v -0.01222187 0.01454585 0.00843966
v -0.01081854 0.01561796 0.0115
v -0.01343327 0.01343494 0.0097
v -0.01311737 0.01374363 0.00964159
v -0.01102107 0.01547569 0.0115
v -0.01281887 0.01402252 0.00947219
v -0.01255661 0.0142579 0.00920224
v -0.01217734 0.01458323 0.00799996
v -0.01222187 0.01454585 0.00756037
v -0.01081854 0.01561796 0.00199997
v -0.01235193 0.01443558 0.00714999
v -0.01255655 0.0142579 0.00679767
v -0.01281887 0.01402252 0.00652766
v -0.0131182 0.01374286 0.00635803
v -0.01343327 0.01343494 0.00199997
v -0.01343327 0.01343494 0.00629991
v -0.01374089 0.01312017 0.00635791
v -0.01352149 -0.01334631 0.0115
v -0.01281708 -0.01402419 0.0115
v -0.01311886 -0.0137422 0.00964212
v -0.01443392 -0.01235353 0.00884998
v -0.01454418 -0.01222354 0.00843966
v -0.0151152 -0.01151001 0.0115
v -0.01425623 -0.01255822 0.00920224
v -0.01343327 -0.01343494 0.0097
v -0.01374202 -0.01311904 0.00964159
v -0.01402086 -0.01282054 0.00947219
v -0.01458156 -0.01217895 0.00799996
v -0.01454418 -0.01222354 0.00756037
v -0.0151152 -0.01151001 0.00199997
v -0.01443392 -0.01235353 0.00714999
v -0.01425623 -0.01255822 0.00679767
v -0.01343327 -0.01343494 0.00629991
v -0.01281708 -0.01402419 0.00199997
v -0.01374113 -0.01311987 0.00635803
v -0.01402086 -0.01282054 0.00652766
v -0.01222199 -0.01454573 0.00755978
v -0.01217734 -0.01458323 0.00799996
v -0.01010692 -0.01608771 0.0115
v -0.01311844 -0.01374256 0.00635791
v -0.01281887 -0.01402252 0.00652766
v -0.01010692 -0.01608771 0.00199997
v -0.01255643 -0.01425802 0.00679785
v -0.01235193 -0.01443558 0.00714999
v -0.01222205 -0.01454567 0.00844049
v -0.01235193 -0.01443558 0.00884998
v -0.01102107 -0.01547569 0.0115
v -0.01255631 -0.01425814 0.00920188
v -0.01281887 -0.01402252 0.00947219
v 0.00937825 -0.01652503 0.00199997
v 0.00937825 -0.01652503 0.0115
v 0.00297379 -0.01876604 0.0115
v 0.00774056 -0.01735246 0.0115
v 0.00627684 -0.01793378 0.0115
v 0.00463676 -0.01842594 0.0115
v 0.00297379 -0.01876604 0.00199997
v 0.00627684 -0.01793378 0.00199997
v -0.00380945 -0.01861381 0.00199997
v -0.00707191 -0.01763415 0.00199997
v -0.00380945 -0.01861381 0.0115
v -0.00511682 -0.01829755 0.0115
v -0.00707191 -0.01763415 0.0115
v -0.00819141 -0.01714271 0.0115
v 0.0021289 0.01888042 0.00199997
v 0.00546598 0.01819717 0.00199997
v 0.0021289 0.01888042 0.0115
v 0.00862747 0.01692909 0.0115
v 0.00463676 0.01842594 0.0115
v 0.00546598 0.01819717 0.0115
v 0.00774056 0.01735246 0.0115
v 0.00862747 0.01692909 0.00199997
v -0.00785595 0.01729905 0.00199997
v -0.00464076 0.01842409 0.00199997
v -0.00819141 0.01714271 0.0115
v -0.00785595 0.01729905 0.0115
v -0.00464076 0.01842409 0.0115
v -0.00511682 0.01829755 0.0115
v -0.00188947 0.01890558 0.0115
v -0.00127643 0.01895689 0.00199997
v -0.00127643 0.01895689 0.0115
v 0.00139439 0.01894885 0.0115
v 0.01061326 0.01576048 0.0115
v 0.017035 0.00841796 0.0115
v 0.01763582 0.00707346 0.0115
v 0.01823014 0.00535893 0.0115
v 0.01823014 -0.00535893 0.0115
v 0.01793539 -0.0062753 0.0115
v 0.017035 -0.00841796 0.0115
v 0.01652663 -0.00937664 0.00199997
v 0.0145474 -0.01222366 0.00755978
v 0.01458477 -0.01217895 0.00799996
v 0.0145868 -0.01217663 0.00199997
v 0.01222521 -0.01454585 0.00756037
v 0.01235514 -0.01443558 0.00714999
v 0.01217824 -0.01458513 0.00674993
v 0.01218062 -0.01458323 0.00799996
v 0.01402419 -0.01282054 0.00652766
v 0.01425969 -0.0125581 0.00679785
v 0.01443725 -0.01235353 0.00714999
v 0.01255989 -0.0142579 0.00679767
v 0.01282215 -0.01402252 0.00652766
v 0.01217824 -0.01458513 0.00199997
v 0.0131216 -0.01374286 0.00635803
v 0.01343661 -0.01343494 0.00199997
v 0.01343661 -0.01343494 0.00629991
v 0.01374429 -0.01312017 0.00635791
v 0.0145868 -0.01217663 0.0115
v 0.01533091 -0.01122552 0.0115
v 0.01652663 -0.00937664 0.0115
v 0.01454734 -0.01222372 0.00844049
v 0.01443725 -0.01235353 0.00884998
v 0.01425987 -0.01255792 0.00920188
v 0.01402419 -0.01282054 0.00947219
v 0.01374387 -0.01312053 0.00964212
v 0.01316881 -0.01369762 0.0115
v 0.01235514 -0.01443558 0.00884998
v 0.01222521 -0.01454585 0.00843966
v 0.01217824 -0.01458513 0.0115
v 0.01255989 -0.0142579 0.00920224
v 0.01343661 -0.01343494 0.0097
v 0.01312071 -0.01374363 0.00964159
v 0.01282215 -0.01402252 0.00947219
v 0.01061326 -0.01576048 0.0115
v 0.00139439 -0.01894885 0.0115
v -0.00042467 -0.01899516 0.00199997
v -0.00042467 -0.01899516 0.0115
v -0.00188947 -0.01890558 0.0115
v -0.01561772 -0.01081812 0.0115
v -0.01692742 -0.0086258 0.00199997
v -0.01692742 -0.0086258 0.0115
v -0.01724737 -0.0079667 0.0115
v -0.0181955 -0.00546438 0.00199997
v -0.0181955 -0.00546438 0.0115
v -0.01836162 -0.00487727 0.0115
v -0.01887881 -0.00212723 0.00199997
v -0.01887881 -0.00212723 0.0115
v -0.01892715 -0.00164205 0.0115
v -0.01895529 0.0012781 0.00199997
v -0.01895529 0.0012781 0.0115
v -0.01892715 0.00164205 0.0115
v -0.01842242 0.00464237 0.00199997
v -0.01842242 0.00464237 0.0115
v -0.01836162 0.00487727 0.0115
v -0.01729732 0.00785756 0.00199997
v -0.01729732 0.00785756 0.0115
v -0.01724737 0.0079667 0.0115
v -0.01402777 0.01562607 0.0005
v -0.01402306 0.01563024 0.00487018
v -0.01244425 0.0169143 0.0005
v -0.01386547 0.01577019 0.00496834
v -0.01342535 0.0161466 0.00535303
v -0.01305902 0.01644438 0.00584018
v -0.01277273 0.01666766 0.00641054
v -0.01244425 0.0169143 0.00699997
v -0.01258134 0.01681268 0.00702411
v -0.01241612 0.01693505 0.00777602
v -0.01248371 0.01688528 0.0076729
v -0.01233237 0.01699614 0.00854242
v -0.01248371 0.01688528 0.00832629
v -0.01219266 0.01709657 0.00930244
v -0.01258057 0.01681321 0.00897205
v -0.01211524 0.01715159 0.00962609
v -0.01277381 0.01666688 0.00959176
v -0.01261687 0.01678597 0.0115
v -0.01143139 0.01761484 0.0115
v -0.01305705 0.01644593 0.01015657
v -0.01159036 0.01751065 0.01115506
v -0.01188325 0.01731318 0.01040214
v -0.01402294 0.01563036 0.01112961
v -0.01402777 0.01562607 0.0115
v -0.01386296 0.01577246 0.01102977
v -0.01342755 0.01614475 0.01064938
v -0.01261687 -0.01678597 0.0115
v -0.01402777 -0.01562607 0.0115
v -0.01402294 -0.01563036 0.01112961
v -0.01386296 -0.01577246 0.01102977
v -0.01342797 -0.01614445 0.0106498
v -0.01143139 -0.01761484 0.0115
v -0.01305705 -0.01644593 0.01015657
v -0.01159036 -0.01751065 0.01115506
v -0.01188325 -0.01731318 0.01040214
v -0.01277393 -0.01666676 0.00959218
v -0.01211524 -0.01715159 0.00962609
v -0.01219266 -0.01709657 0.00930244
v -0.01258057 -0.01681321 0.00897205
v -0.01233237 -0.01699614 0.00854242
v -0.01248377 -0.01688522 0.00832772
v -0.01241612 -0.01693505 0.00777602
v -0.01248371 -0.01688528 0.0076729
v -0.01244425 -0.0169143 0.00699997
v -0.01258105 -0.01681292 0.00702578
v -0.01244425 -0.0169143 0.0005
v -0.01277273 -0.01666766 0.00641054
v -0.01314651 -0.01637434 0.00570524
v -0.01342535 -0.0161466 0.00535303
v -0.01386684 -0.01576906 0.00496745
v -0.01402777 -0.01562607 0.0005
v -0.01644426 -0.01305872 0.01015657
v -0.01614314 -0.01342928 0.01064938
v -0.01644092 -0.01306283 0.0115
v -0.01577079 -0.01386463 0.01102977
v -0.01525169 -0.01443368 0.0115
v -0.01532953 -0.01435101 0.01127594
v -0.01484751 -0.01484918 0.01135993
v -0.01434856 -0.01533192 0.0112757
v -0.01681101 -0.01258301 0.00702411
v -0.01688361 -0.01248544 0.0076729
v -0.01839208 -0.01013255 0.0115
v -0.01688367 -0.01248538 0.00832629
v -0.01681154 -0.01258218 0.00897205
v -0.01666522 -0.01277542 0.00959176
v -0.01745516 -0.01167297 0.0115
v -0.01402306 -0.01563024 0.00487018
v -0.01434707 -0.01533335 0.00472468
v -0.01513028 -0.01456093 0.0005
v -0.01484721 -0.01484948 0.00463998
v -0.01644092 -0.01306283 0.0005
v -0.01533162 -0.0143488 0.00472468
v -0.01576852 -0.01386708 0.00496834
v -0.01614499 -0.01342695 0.00535303
v -0.01644271 -0.01306062 0.00584018
v -0.01737862 -0.01178652 0.0005
v -0.01666599 -0.0127744 0.00641054
v -0.01839208 -0.01013255 0.0005
v -0.01614499 0.01342695 0.00535303
v -0.01644092 0.01306283 0.0005
v -0.01637274 0.01314818 0.00570524
v -0.01645082 0.01305043 0.00585681
v -0.01576739 0.01386851 0.00496745
v -0.01533162 0.0143488 0.00472468
v -0.01513028 0.01456093 0.0005
v -0.01484775 0.01484888 0.00463998
v -0.01434707 0.01533335 0.00472468
v -0.01681131 0.0125826 0.00702578
v -0.01666599 0.0127744 0.00641054
v -0.01839208 0.01013255 0.0005
v -0.01688361 0.01248544 0.0076729
v -0.01737862 0.01178652 0.0005
v -0.01434934 0.0153312 0.01127594
v -0.01484751 0.01484918 0.01135993
v -0.01525169 0.01443368 0.0115
v -0.01533019 0.01435023 0.0112757
v -0.01644092 0.01306283 0.0115
v -0.01577079 0.01386463 0.01102977
v -0.01614278 0.01342964 0.0106498
v -0.01644426 0.01305872 0.01015657
v -0.01745516 0.01167297 0.0115
v -0.01666516 0.01277554 0.00959218
v -0.01839208 0.01013255 0.0115
v -0.01681154 0.01258218 0.00897205
v -0.01688355 0.0124855 0.00832772
v -0.01912444 -0.00867116 0.0005
v -0.01916468 -0.00858206 0.0115
v -0.01982629 -0.00691742 0.0005
v -0.01982629 -0.00691742 0.0115
v -0.02031713 -0.00530499 0.0005
v -0.02033185 -0.00524831 0.0115
v -0.02070325 -0.00350803 0.0005
v -0.02070325 -0.00350803 0.0115
v -0.0209223 -0.00178546 0.0005
v -0.02092391 -0.00176603 0.0115
v -0.02099823 0 0.0005
v -0.02099823 0 0.0115
v -0.0209223 0.00178546 0.0005
v -0.02092391 0.00176603 0.0115
v -0.02070325 0.00350803 0.0005
v -0.02070325 0.00350803 0.0115
v -0.02031713 0.00530499 0.0005
v -0.02033185 0.00524831 0.0115
v -0.01982629 0.00691742 0.0005
v -0.01982629 0.00691742 0.0115
v -0.01912444 0.00867116 0.0005
v -0.01916468 0.00858206 0.0115
v 1.65E-06 0 0.00199997
v -0.01214796 0.01651161 0
v -0.01116377 0.01750582 0
v 0.01983672 -0.00517869 0
v 0.0121513 -0.01651161 0
v 0.01116698 -0.01750582 0
v -0.01053237 -0.01875424 0
v 0.0186724 -0.00846469 0
v 0.01031821 -0.02013611 0
v 0.01031821 -0.023 0
v -0.010315 -0.023 0
v 0.01053565 -0.01875424 0
v -0.010315 -0.02013611 0
v -0.01477003 0.01421421 0
v -0.01053237 0.01875424 0
v 0.0186724 0.00846469 0
v 0.01983672 0.00517869 0
v 0.01696819 -0.01150584 0
v 0.01477324 -0.01421421 0
v 0.0204274 0.00174296 0
v 0.0204274 -0.00174296 0
v 0.01116698 0.01750582 0
v 0.0121513 0.01651161 0
v -0.01116377 -0.01750582 0
v -0.01214796 -0.01651161 0
v -0.01477003 -0.01421421 0
v -0.010315 0.023 0
v 0.01031821 0.023 0
v -0.010315 0.02013611 0
v 0.01031821 0.02013611 0
v 0.01053565 0.01875424 0
v 0.01477324 0.01421421 0
v 0.01696819 0.01150584 0
v -0.01696491 -0.01150584 0
v -0.01866906 -0.00846469 0
v -0.01983338 -0.00517869 0
v -0.020424 -0.00174296 0
v -0.020424 0.00174296 0
v -0.01983338 0.00517869 0
v -0.01866906 0.00846469 0
v -0.01696491 0.01150584 0
v 0.012636 0.01471638 0.00714999
v 0.01297044 0.014382 0.00662464
v 0.01307594 0.01427644 0.00652766
v 0.01342707 0.01392537 0.00633711
v 0.01367706 0.01367539 0.00629991
v 0.01392698 0.0134254 0.00633711
v 0.01427811 0.01307433 0.00652766
v 0.01438361 0.01296877 0.00662464
v 0.01471805 0.01263433 0.00714999
v 0.01487255 0.0124799 0.00782228
v 0.0148791 0.01247334 0.00799996
v 0.01482027 0.01253217 0.00852531
v 0.01471805 0.01263433 0.00884998
v 0.01457041 0.01278203 0.00913751
v 0.01427811 0.01307433 0.00947219
v 0.01416593 0.01318651 0.00955302
v 0.01367706 0.01367539 0.0097
v 0.01318812 0.01416426 0.00955302
v 0.01248157 0.01487094 0.00782228
v 0.01247501 0.01487743 0.00799996
v 0.01253384 0.0148186 0.00852531
v 0.012636 0.01471638 0.00884998
v 0.0127837 0.01456868 0.00913751
v 0.01307594 0.01427644 0.00947219
v -0.01438027 0.01296877 0.00662464
v -0.01471471 0.01263433 0.00714999
v -0.01307266 0.01427644 0.00652766
v -0.01342386 0.01392537 0.00633711
v -0.01367378 0.01367539 0.00629991
v -0.0139237 0.0134254 0.00633711
v -0.01427477 0.01307433 0.00652766
v -0.01263266 0.01471638 0.00714999
v -0.01296716 0.014382 0.00662464
v -0.01247829 0.01487094 0.00782228
v -0.01318478 0.01416426 0.00955302
v -0.01307266 0.01427644 0.00947219
v -0.01278036 0.01456868 0.00913751
v -0.01263266 0.01471638 0.00884998
v -0.01253044 0.0148186 0.00852531
v -0.01247161 0.01487743 0.00799996
v -0.01367378 0.01367539 0.0097
v -0.01416265 0.01318651 0.00955302
v -0.01486927 0.0124799 0.00782228
v -0.01487576 0.01247334 0.00799996
v -0.01481693 0.01253217 0.00852531
v -0.01471471 0.01263433 0.00884998
v -0.01456701 0.01278203 0.00913751
v -0.01427477 0.01307433 0.00947219
v -0.01296716 -0.014382 0.00662464
v -0.01263266 -0.01471638 0.00714999
v -0.01307266 -0.01427644 0.00652766
v -0.01342386 -0.01392537 0.00633711
v -0.01367378 -0.01367539 0.00629991
v -0.0139237 -0.0134254 0.00633711
v -0.01427477 -0.01307433 0.00652766
v -0.01438027 -0.01296877 0.00662464
v -0.01471471 -0.01263433 0.00714999
v -0.01486927 -0.0124799 0.00782228
v -0.01487576 -0.01247334 0.00799996
v -0.01481693 -0.01253217 0.00852531
v -0.01471471 -0.01263433 0.00884998
v -0.01456701 -0.01278203 0.00913751
v -0.01427477 -0.01307433 0.00947219
v -0.01416265 -0.01318651 0.00955302
v -0.01367378 -0.01367539 0.0097
v -0.01318478 -0.01416426 0.00955302
v -0.01247829 -0.01487094 0.00782228
v -0.01247161 -0.01487743 0.00799996
v -0.01253044 -0.0148186 0.00852531
v -0.01263266 -0.01471638 0.00884998
v -0.01278036 -0.01456868 0.00913751
v -0.01307266 -0.01427644 0.00947219
v 0.01438361 -0.01296877 0.00662464
v 0.01471805 -0.01263433 0.00714999
v 0.01307594 -0.01427644 0.00652766
v 0.01342707 -0.01392537 0.00633711
v 0.01367706 -0.01367539 0.00629991
v 0.01392698 -0.0134254 0.00633711
v 0.01427811 -0.01307433 0.00652766
v 0.012636 -0.01471638 0.00714999
v 0.01297044 -0.014382 0.00662464
v 0.01248157 -0.01487094 0.00782228
v 0.01318812 -0.01416426 0.00955302
v 0.01307594 -0.01427644 0.00947219
v 0.0127837 -0.01456868 0.00913751
v 0.012636 -0.01471638 0.00884998
v 0.01253384 -0.0148186 0.00852531
v 0.01247501 -0.01487743 0.00799996
v 0.01367706 -0.01367539 0.0097
v 0.01416593 -0.01318651 0.00955302
v 0.01487255 -0.0124799 0.00782228
v 0.0148791 -0.01247334 0.00799996
v 0.01482027 -0.01253217 0.00852531
v 0.01471805 -0.01263433 0.00884998
v 0.01457041 -0.01278203 0.00913751
v 0.01427811 -0.01307433 0.00947219
v -0.01081496 -0.02349996 0.0005
v -0.01081496 -0.02349996 0.00699997
v -0.01081496 -0.02013611 0.0005
v -0.01081496 -0.02013611 0.00699997
v -0.00759834 -0.02349996 0.00322866
v -0.00858718 -0.02349996 0.00411904
v -0.00385708 -0.02349996 0.00837803
v -0.00500947 -0.02349996 0.00904334
v -0.00633276 -0.02349996 0.00918245
v 0.00984037 -0.02349996 0.00997031
v 0.00870973 -0.02349996 0.01107913
v 0.00814283 -0.02349996 0.00837803
v 0.00699049 -0.02349996 0.00904334
v 0.01056742 -0.02349996 0.00856358
v 0.00892496 -0.02349996 0.00730151
v 0.0108183 -0.02349996 0.00699997
v 0.00920164 -0.02349996 0.00599998
v 0.0108183 -0.02349996 0.0005
v 0.00892496 -0.02349996 0.00469834
v 0.00814283 -0.02349996 0.00362188
v -0.00912839 -0.02349996 0.00533468
v -0.00912839 -0.02349996 0.00666529
v -0.01056414 -0.02349996 0.00856358
v -0.00858718 -0.02349996 0.00788087
v -0.00983703 -0.02349996 0.00997031
v -0.00759834 -0.02349996 0.00877124
v 0.00699049 -0.02349996 0.00295657
v 0.00566715 -0.02349996 0.00281745
v -0.00307494 -0.02349996 0.00469834
v 0.00440162 -0.02349996 0.00322866
v -0.00279826 -0.02349996 0.00599998
v -0.00385708 -0.02349996 0.00362188
v -0.00500947 -0.02349996 0.00295657
v -0.00633276 -0.02349996 0.00281745
v -0.00645065 -0.02349996 0.01198828
v -0.00732201 -0.02349996 0.01176738
v -0.00870645 -0.02349996 0.01107913
v 0.00341278 -0.02349996 0.00411904
v 0.00287151 -0.02349996 0.00533468
v -0.00307494 -0.02349996 0.00730151
v 0.00287151 -0.02349996 0.00666529
v 0.00341278 -0.02349996 0.00788087
v 0.00440162 -0.02349996 0.00877124
v 0.00566715 -0.02349996 0.00918245
v 0.00645405 -0.02349996 0.01198828
v 0.00732535 -0.02349996 0.01176738
v 0.0108183 -0.02013611 0.0005
v 0.0108183 -0.02013611 0.00699997
v 0.0108183 0.02349996 0.0005
v 0.0108183 0.02349996 0.00699997
v 0.0108183 0.02013611 0.0005
v 0.0108183 0.02013611 0.00699997
v 0.00386041 0.02349996 0.00837803
v 0.00307822 0.02349996 0.00730151
v -0.00983703 0.02349996 0.00997031
v -0.00870645 0.02349996 0.01107913
v -0.00813955 0.02349996 0.00837803
v -0.00698715 0.02349996 0.00904334
v -0.01056414 0.02349996 0.00856358
v -0.00892168 0.02349996 0.00730151
v -0.01081496 0.02349996 0.00699997
v -0.00919831 0.02349996 0.00599998
v -0.01081496 0.02349996 0.0005
v -0.00892168 0.02349996 0.00469834
v -0.00813955 0.02349996 0.00362188
v 0.00501275 0.02349996 0.00904334
v 0.00633603 0.02349996 0.00918245
v 0.00760156 0.02349996 0.00322866
v 0.00859046 0.02349996 0.00411904
v 0.00913167 0.02349996 0.00533468
v 0.00913167 0.02349996 0.00666529
v 0.01056742 0.02349996 0.00856358
v 0.00859046 0.02349996 0.00788087
v 0.00984037 0.02349996 0.00997031
v 0.00760156 0.02349996 0.00877124
v 0.00645405 0.02349996 0.01198828
v 0.00732535 0.02349996 0.01176738
v 0.00870973 0.02349996 0.01107913
v -0.00439829 0.02349996 0.00322866
v 0.00307822 0.02349996 0.00469834
v -0.00566381 0.02349996 0.00281745
v -0.00698715 0.02349996 0.00295657
v -0.00340944 0.02349996 0.00411904
v -0.00286824 0.02349996 0.00533468
v 0.0028016 0.02349996 0.00599998
v -0.00286824 0.02349996 0.00666529
v 0.00386041 0.02349996 0.00362188
v 0.00501275 0.02349996 0.00295657
v 0.00633603 0.02349996 0.00281745
v -0.00340944 0.02349996 0.00788087
v -0.00439829 0.02349996 0.00877124
v -0.00566381 0.02349996 0.00918245
v -0.00645065 0.02349996 0.01198828
v -0.00732201 0.02349996 0.01176738
v -0.01081496 0.02013611 0.0005
v -0.01081496 0.02013611 0.00699997
v 0.00815457 0.02290326 0.01142054
v 0.00857764 0.02255475 0.01116961
v 0.01079958 0.02016079 0.00743115
v 0.01074433 0.02023351 0.00785691
v 0.01025342 0.020846 0.0093084
v 0.01044726 0.02061086 0.00889009
v 0.01060062 0.02041858 0.00845891
v 0.01065182 0.02035313 0.00827914
v 0.00937951 0.021806 0.01050961
v 0.00970799 0.02146381 0.01014167
v 0.00983953 0.02132064 0.00997144
v 0.00999713 0.02114427 0.0097453
v 0.00897723 0.02219653 0.0108757
v 0.00743586 0.02342677 0.01173102
v 0.0077098 0.02323704 0.01162832
v -0.00815129 0.02290326 0.01142054
v -0.00770646 0.02323704 0.01162832
v -0.00743252 0.02342677 0.01173102
v -0.00970471 0.02146381 0.01014167
v -0.00937623 0.021806 0.01050961
v -0.0089739 0.02219653 0.0108757
v -0.00857431 0.02255475 0.01116961
v -0.01044392 0.02061086 0.00889009
v -0.01025021 0.020846 0.0093084
v -0.00999385 0.02114427 0.0097453
v -0.0098362 0.02132064 0.00997144
v -0.0107963 0.02016079 0.00743115
v -0.01074093 0.02023351 0.00785691
v -0.01064854 0.02035313 0.00827914
v -0.01059734 0.02041858 0.00845891
v -0.00815129 -0.02290326 0.01142054
v -0.00857431 -0.02255475 0.01116961
v -0.0107963 -0.02016079 0.00743115
v -0.01074093 -0.02023351 0.00785691
v -0.01025021 -0.020846 0.0093084
v -0.01044392 -0.02061086 0.00889009
v -0.01059734 -0.02041858 0.00845891
v -0.01064854 -0.02035313 0.00827914
v -0.00937623 -0.021806 0.01050961
v -0.00970471 -0.02146381 0.01014167
v -0.0098362 -0.02132064 0.00997144
v -0.00999385 -0.02114427 0.0097453
v -0.0089739 -0.02219653 0.0108757
v -0.00743252 -0.02342677 0.01173102
v -0.00770646 -0.02323704 0.01162832
v 0.00815457 -0.02290326 0.01142054
v 0.0077098 -0.02323704 0.01162832
v 0.00743586 -0.02342677 0.01173102
v 0.00970799 -0.02146381 0.01014167
v 0.00937951 -0.021806 0.01050961
v 0.00897723 -0.02219653 0.0108757
v 0.00857764 -0.02255475 0.01116961
v 0.01044726 -0.02061086 0.00889009
v 0.01025342 -0.020846 0.0093084
v 0.00999713 -0.02114427 0.0097453
v 0.00983953 -0.02132064 0.00997144
v 0.01079958 -0.02016079 0.00743115
v 0.01074433 -0.02023351 0.00785691
v 0.01065182 -0.02035313 0.00827914
v 0.01060062 -0.02041858 0.00845891
v 0.01176488 0.01755213 0.00699997
v 0.01157271 0.01779812 0.0005
v 0.0112487 0.01833099 0.00699997
v 0.0110116 0.01890778 0.0005
v 0.0110116 0.01890778 0.00699997
v 0.01092731 0.01920831 0.00699997
v 0.01007103 0.01874679 0.01161885
v 0.01068198 0.0181775 0.01155984
v 0.01055645 0.01835143 0.01127022
v 0.01093018 0.01811707 0.01060086
v 0.0093779 0.0195145 0.01169657
v 0.00999242 0.01882749 0.01162707
v 0.00973326 0.01941061 0.01115232
v 0.01011931 0.01915478 0.01065003
v 0.00930232 0.01968139 0.01160746
v 0.00912571 0.01982349 0.01172721
v 0.00934857 0.01954954 0.01170015
v 0.00920242 0.0206927 0.01095014
v 0.00874227 0.02103263 0.01132738
v 0.00874627 0.02031379 0.01177424
v 0.00829631 0.02092665 0.01182973
v 0.00867766 0.02040541 0.01178282
v 0.00874102 0.02032089 0.01177483
v 0.00829524 0.02134156 0.01161932
v 0.00783282 0.02163952 0.01185804
v 0.00787294 0.02152246 0.01187878
v 0.00745618 0.02211487 0.01192152
v 0.00757551 0.02194523 0.01191002
v 0.00763863 0.02185553 0.0119037
v 0.00679785 0.023036 0.01197189
v 0.00720912 0.02246403 0.0119431
v 0.00958544 0.02039235 0.01055938
v 0.01121479 0.01793104 0.00995463
v 0.01144146 0.01777797 0.0092845
v 0.01151734 0.01772588 0.00900406
v 0.01165467 0.01763015 0.00834388
v 0.0117371 0.01757198 0.0076766
v 0.01122266 0.01835143 0.00758254
v 0.01114511 0.01841151 0.0081566
v 0.01101613 0.01851034 0.00872338
v 0.0109449 0.01856422 0.00896358
v 0.01073259 0.01872193 0.00953603
v 0.01046681 0.01891368 0.01008516
v 0.01090431 0.01923048 0.00749916
v 0.01083576 0.01929599 0.00799114
v 0.0107218 0.01940369 0.00847685
v 0.01065886 0.01946246 0.00868273
v 0.01047104 0.0196349 0.00917339
v 0.01023584 0.01984488 0.00964415
v 0.00992805 0.02011007 0.01012843
v -0.0109241 0.01920831 0.00699997
v -0.01100826 0.01890778 0.0005
v -0.01124542 0.01833099 0.00699997
v -0.01156944 0.01779812 0.0005
v -0.01156944 0.01779812 0.00699997
v -0.01176154 0.01755213 0.00699997
v -0.00677943 0.02305644 0.01197266
v -0.00717443 0.02250832 0.01194566
v -0.0074119 0.0221731 0.01192528
v -0.00757217 0.02194523 0.01191002
v -0.00773334 0.02171605 0.01189357
v -0.00873893 0.02103263 0.01132738
v -0.00827873 0.0209465 0.01183146
v -0.00829196 0.02134156 0.01161932
v -0.00783467 0.02157211 0.01188266
v -0.00782955 0.02163952 0.01185804
v -0.00919908 0.0206927 0.01095014
v -0.00873768 0.02032089 0.01177483
v -0.00873625 0.02032279 0.01177501
v -0.01011604 0.01915478 0.01065003
v -0.00998914 0.01882749 0.01162707
v -0.00972992 0.01941061 0.01115232
v -0.00934529 0.01954954 0.01170015
v -0.00929904 0.01968139 0.01160746
v -0.00958216 0.02039235 0.01055938
v -0.00992477 0.02011007 0.01012843
v -0.0102325 0.01984488 0.00964415
v -0.01046776 0.0196349 0.00917339
v -0.01065558 0.01946246 0.00868273
v -0.01071852 0.01940369 0.00847685
v -0.01083242 0.01929599 0.00799114
v -0.01090097 0.01923048 0.00749916
v -0.01121932 0.01835143 0.00758254
v -0.01114171 0.01841151 0.0081566
v -0.01101279 0.01851034 0.00872338
v -0.01094162 0.01856422 0.00896358
v -0.01072931 0.01872193 0.00953603
v -0.01046347 0.01891368 0.01008516
v -0.01173377 0.01757198 0.0076766
v -0.01165133 0.01763015 0.00834388
v -0.011514 0.01772588 0.00900406
v -0.01143819 0.01777797 0.0092845
v -0.01121151 0.01793104 0.00995463
v -0.0109269 0.01811707 0.01060086
v -0.01055318 0.01835143 0.01127022
v -0.01067864 0.0181775 0.01155984
v -0.01176154 -0.01755213 0.00699997
v -0.01156944 -0.01779812 0.0005
v -0.01124542 -0.01833099 0.00699997
v -0.01100826 -0.01890778 0.0005
v -0.01100826 -0.01890778 0.00699997
v -0.0109241 -0.01920831 0.00699997
v -0.01006782 -0.01874679 0.01161885
v -0.01067864 -0.0181775 0.01155984
v -0.01055318 -0.01835143 0.01127022
v -0.0109269 -0.01811707 0.01060086
v -0.00937462 -0.0195145 0.01169657
v -0.00998932 -0.01882731 0.01162701
v -0.00972992 -0.01941061 0.01115232
v -0.01011604 -0.01915478 0.01065003
v -0.00929904 -0.01968139 0.01160746
v -0.00912243 -0.01982349 0.01172721
v -0.00934529 -0.01954954 0.01170015
v -0.00919908 -0.0206927 0.01095014
v -0.00873893 -0.02103263 0.01132738
v -0.00874299 -0.02031379 0.01177424
v -0.00829303 -0.02092665 0.01182973
v -0.00867432 -0.02040541 0.01178282
v -0.00873768 -0.02032089 0.01177483
v -0.00829196 -0.02134156 0.01161932
v -0.00782955 -0.02163952 0.01185804
v -0.00786966 -0.02152246 0.01187878
v -0.0074529 -0.02211487 0.01192152
v -0.0076353 -0.02185553 0.0119037
v -0.00679451 -0.023036 0.01197189
v -0.00720584 -0.02246403 0.0119431
v -0.00958216 -0.02039235 0.01055938
v -0.01121151 -0.01793104 0.00995463
v -0.01143819 -0.01777797 0.0092845
v -0.011514 -0.01772588 0.00900406
v -0.01165133 -0.01763015 0.00834388
v -0.01173377 -0.01757198 0.0076766
v -0.01121932 -0.01835143 0.00758254
v -0.01114171 -0.01841151 0.0081566
v -0.01101279 -0.01851034 0.00872338
v -0.01094162 -0.01856422 0.00896358
v -0.01072931 -0.01872193 0.00953603
v -0.01046347 -0.01891368 0.01008516
v -0.01090097 -0.01923048 0.00749916
v -0.01083242 -0.01929599 0.00799114
v -0.01071852 -0.01940369 0.00847685
v -0.01065558 -0.01946246 0.00868273
v -0.01046776 -0.0196349 0.00917339
v -0.0102325 -0.01984488 0.00964415
v -0.00992477 -0.02011007 0.01012843
v 0.01092731 -0.01920831 0.00699997
v 0.0110116 -0.01890778 0.0005
v 0.0112487 -0.01833099 0.00699997
v 0.01157271 -0.01779812 0.0005
v 0.01157271 -0.01779812 0.00699997
v 0.01176488 -0.01755213 0.00699997
v 0.00678277 -0.02305644 0.01197266
v 0.00717777 -0.02250832 0.01194566
v 0.00741518 -0.0221731 0.01192528
v 0.00757551 -0.02194523 0.01191002
v 0.00773662 -0.02171605 0.01189357
v 0.00874227 -0.02103263 0.01132738
v 0.00828206 -0.0209465 0.01183146
v 0.00829524 -0.02134156 0.01161932
v 0.00783801 -0.02157211 0.01188266
v 0.00783282 -0.02163952 0.01185804
v 0.00920242 -0.0206927 0.01095014
v 0.00874102 -0.02032089 0.01177483
v 0.00873953 -0.02032279 0.01177501
v 0.01011931 -0.01915478 0.01065003
v 0.00999242 -0.01882749 0.01162707
v 0.00973326 -0.01941061 0.01115232
v 0.00934857 -0.01954954 0.01170015
v 0.00930232 -0.01968139 0.01160746
v 0.00958544 -0.02039235 0.01055938
v 0.00992805 -0.02011007 0.01012843
v 0.01023584 -0.01984488 0.00964415
v 0.01047104 -0.0196349 0.00917339
v 0.01065886 -0.01946246 0.00868273
v 0.0107218 -0.01940369 0.00847685
v 0.01083576 -0.01929599 0.00799114
v 0.01090431 -0.01923048 0.00749916
v 0.01122266 -0.01835143 0.00758254
v 0.01114511 -0.01841151 0.0081566
v 0.01101613 -0.01851034 0.00872338
v 0.0109449 -0.01856422 0.00896358
v 0.01073259 -0.01872193 0.00953603
v 0.01046681 -0.01891368 0.01008516
v 0.0117371 -0.01757198 0.0076766
v 0.01165467 -0.01763015 0.00834388
v 0.01151734 -0.01772588 0.00900406
v 0.01144146 -0.01777797 0.0092845
v 0.01121479 -0.01793104 0.00995463
v 0.01093018 -0.01811707 0.01060086
v 0.01055645 -0.01835143 0.01127022
v 0.01068198 -0.0181775 0.01155984
v 0.01974999 -0.005 0.0115
v 0.01974999 -0.005 0.00599998
v 0.01870983 -0.005 0.0115
v 0.01870983 -0.005 0.00599998
v 0.02024114 -0.00540602 0.00599998
v 0.02024114 0.00540602 0.00599998
v 0.01833212 -0.00517243 0.00599998
v 0.01850223 -0.00504506 0.00599998
v 0.01997226 -0.00505203 0.00599998
v 0.02014815 -0.00519752 0.00599998
v 0.02014815 0.00519752 0.00599998
v 0.01997226 0.00505203 0.00599998
v 0.01974999 0.005 0.00599998
v 0.01870983 0.005 0.00599998
v 0.01850223 0.00504506 0.00599998
v 0.01833212 0.00517243 0.00599998
v 0.01870983 0.005 0.0115
v 0.01974999 0.005 0.0115
v 0.02024114 -0.00540602 0.0115
v 0.02014815 -0.00519752 0.0115
v 0.01997226 -0.00505203 0.0115
v 0.01850223 -0.00504506 0.0115
v 0.01833212 -0.00517243 0.0115
v 0.01997226 0.00505203 0.0115
v 0.02014815 0.00519752 0.0115
v 0.02024114 0.00540602 0.0115
v 0.01833212 0.00517243 0.0115
v 0.01850223 0.00504506 0.0115
v -0.00666588 0.02199995 0.00307518
v -0.00786877 0.02199995 0.00365442
v -0.0087012 0.02199995 0.00469834
v -0.00899833 0.02199995 0.00599998
v -0.0087012 0.02199995 0.00730157
v -0.00786877 0.02199995 0.00834548
v -0.00666588 0.02199995 0.00892478
v -0.00533074 0.02199995 0.00892478
v -0.00412786 0.02199995 0.00834548
v -0.00329536 0.02199995 0.00730157
v -0.00299829 0.02199995 0.00599998
v -0.00329536 0.02199995 0.00469834
v -0.00412786 0.02199995 0.00365442
v -0.00533074 0.02199995 0.00307518
v -0.00873893 0.02329999 0.00722015
v -0.0087012 0.02329999 0.00730157
v -0.00800574 0.02329999 0.00822943
v -0.00786877 0.02329999 0.00834548
v -0.00692534 0.02329999 0.00885314
v -0.00666588 0.02329999 0.00892478
v -0.00568473 0.02329999 0.00898355
v -0.00533074 0.02329999 0.00892478
v -0.00449824 0.02329999 0.00859803
v -0.00412786 0.02329999 0.00834548
v -0.00357121 0.02329999 0.00776333
v -0.00329536 0.02329999 0.00730157
v -0.0030638 0.02329999 0.00662368
v -0.00299829 0.02329999 0.00599998
v -0.0030638 0.02329999 0.00537616
v -0.00329536 0.02329999 0.00469834
v -0.00357121 0.02329999 0.00423664
v -0.00412786 0.02329999 0.00365442
v -0.00449824 0.02329999 0.00340182
v -0.00533074 0.02329999 0.00307518
v -0.00568473 0.02329999 0.00301641
v -0.00666588 0.02329999 0.00307518
v -0.00692534 0.02329999 0.00314683
v -0.00786877 0.02329999 0.00365442
v -0.00800574 0.02329999 0.00377053
v -0.0087012 0.02329999 0.00469834
v -0.00873893 0.02329999 0.00477976
v -0.00899833 0.02329999 0.00599998
v 0.00533408 0.02199995 0.00307518
v 0.00413114 0.02199995 0.00365442
v 0.00329864 0.02199995 0.00469834
v 0.00300163 0.02199995 0.00599998
v 0.00329864 0.02199995 0.00730157
v 0.00413114 0.02199995 0.00834548
v 0.00533408 0.02199995 0.00892478
v 0.0066691 0.02199995 0.00892478
v 0.0078721 0.02199995 0.00834548
v 0.00870454 0.02199995 0.00730157
v 0.00900161 0.02199995 0.00599998
v 0.00870454 0.02199995 0.00469834
v 0.0078721 0.02199995 0.00365442
v 0.0066691 0.02199995 0.00307518
v 0.00326097 0.02329999 0.00722015
v 0.00329864 0.02329999 0.00730157
v 0.00399423 0.02329999 0.00822943
v 0.00413114 0.02329999 0.00834548
v 0.00507456 0.02329999 0.00885314
v 0.00533408 0.02329999 0.00892478
v 0.00631523 0.02329999 0.00898355
v 0.0066691 0.02329999 0.00892478
v 0.0075016 0.02329999 0.00859803
v 0.0078721 0.02329999 0.00834548
v 0.00842869 0.02329999 0.00776333
v 0.00870454 0.02329999 0.00730157
v 0.00893605 0.02329999 0.00662368
v 0.00900161 0.02329999 0.00599998
v 0.00893605 0.02329999 0.00537616
v 0.00870454 0.02329999 0.00469834
v 0.00842869 0.02329999 0.00423664
v 0.0078721 0.02329999 0.00365442
v 0.0075016 0.02329999 0.00340182
v 0.0066691 0.02329999 0.00307518
v 0.00631523 0.02329999 0.00301641
v 0.00533408 0.02329999 0.00307518
v 0.00507456 0.02329999 0.00314683
v 0.00413114 0.02329999 0.00365442
v 0.00399423 0.02329999 0.00377053
v 0.00329864 0.02329999 0.00469834
v 0.00326097 0.02329999 0.00477976
v 0.00300163 0.02329999 0.00599998
v -0.00666588 -0.02199995 0.00307518
v -0.00533074 -0.02199995 0.00307518
v -0.00412786 -0.02199995 0.00365442
v -0.00329536 -0.02199995 0.00469834
v -0.00299829 -0.02199995 0.00599998
v -0.00329536 -0.02199995 0.00730157
v -0.00412786 -0.02199995 0.00834548
v -0.00533074 -0.02199995 0.00892478
v -0.00666588 -0.02199995 0.00892478
v -0.00786877 -0.02199995 0.00834548
v -0.0087012 -0.02199995 0.00730157
v -0.00899833 -0.02199995 0.00599998
v -0.0087012 -0.02199995 0.00469834
v -0.00786877 -0.02199995 0.00365442
v -0.00325763 -0.02329999 0.00722015
v -0.00329536 -0.02329999 0.00730157
v -0.00399095 -0.02329999 0.00822943
v -0.00412786 -0.02329999 0.00834548
v -0.00507128 -0.02329999 0.00885314
v -0.00533074 -0.02329999 0.00892478
v -0.00631189 -0.02329999 0.00898355
v -0.00666588 -0.02329999 0.00892478
v -0.00749826 -0.02329999 0.00859803
v -0.00786877 -0.02329999 0.00834548
v -0.00842535 -0.02329999 0.00776333
v -0.0087012 -0.02329999 0.00730157
v -0.00893277 -0.02329999 0.00662368
v -0.00899833 -0.02329999 0.00599998
v -0.00893277 -0.02329999 0.00537616
v -0.0087012 -0.02329999 0.00469834
v -0.00842535 -0.02329999 0.00423664
v -0.00786877 -0.02329999 0.00365442
v -0.00749826 -0.02329999 0.00340182
v -0.00666588 -0.02329999 0.00307518
v -0.00631189 -0.02329999 0.00301641
v -0.00533074 -0.02329999 0.00307518
v -0.00507128 -0.02329999 0.00314683
v -0.00412786 -0.02329999 0.00365442
v -0.00399095 -0.02329999 0.00377053
v -0.00329536 -0.02329999 0.00469834
v -0.00325763 -0.02329999 0.00477976
v -0.00299829 -0.02329999 0.00599998
v 0.00533408 -0.02199995 0.00307518
v 0.0066691 -0.02199995 0.00307518
v 0.0078721 -0.02199995 0.00365442
v 0.00870454 -0.02199995 0.00469834
v 0.00900161 -0.02199995 0.00599998
v 0.00870454 -0.02199995 0.00730157
v 0.0078721 -0.02199995 0.00834548
v 0.0066691 -0.02199995 0.00892478
v 0.00533408 -0.02199995 0.00892478
v 0.00413114 -0.02199995 0.00834548
v 0.00329864 -0.02199995 0.00730157
v 0.00300163 -0.02199995 0.00599998
v 0.00329864 -0.02199995 0.00469834
v 0.00413114 -0.02199995 0.00365442
v 0.00874227 -0.02329999 0.00722015
v 0.00870454 -0.02329999 0.00730157
v 0.00800902 -0.02329999 0.00822943
v 0.0078721 -0.02329999 0.00834548
v 0.00692868 -0.02329999 0.00885314
v 0.0066691 -0.02329999 0.00892478
v 0.00568795 -0.02329999 0.00898355
v 0.00533408 -0.02329999 0.00892478
v 0.00450158 -0.02329999 0.00859803
v 0.00413114 -0.02329999 0.00834548
v 0.00357455 -0.02329999 0.00776333
v 0.00329864 -0.02329999 0.00730157
v 0.0030672 -0.02329999 0.00662368
v 0.00300163 -0.02329999 0.00599998
v 0.0030672 -0.02329999 0.00537616
v 0.00329864 -0.02329999 0.00469834
v 0.00357455 -0.02329999 0.00423664
v 0.00413114 -0.02329999 0.00365442
v 0.00450158 -0.02329999 0.00340182
v 0.00533408 -0.02329999 0.00307518
v 0.00568795 -0.02329999 0.00301641
v 0.0066691 -0.02329999 0.00307518
v 0.00692868 -0.02329999 0.00314683
v 0.0078721 -0.02329999 0.00365442
v 0.00800902 -0.02329999 0.00377053
v 0.00870454 -0.02329999 0.00469834
v 0.00874227 -0.02329999 0.00477976
v 0.00900161 -0.02329999 0.00599998
v -0.00219834 -0.02349996 0.0115
v 0.00235158 -0.02349996 0.0115
v 0.00235158 -0.02349996 -0.00814998
v -0.00549734 -0.02349996 -0.02297538
v -0.00569832 -0.02349996 -0.02372539
v -0.0063284 -0.02349996 -0.02349996
v 0.01294839 -0.02349996 -0.01898545
v 0.01497477 -0.02349996 -0.02406769
v 0.00693172 -0.02349996 -0.02349996
v 0.00365609 -0.02349996 0.00412947
v 0.00469994 -0.02349996 0.00329709
v 0.0049516 -0.02349996 -0.00814998
v 0.00600165 -0.02349996 0.00299996
v 0.00730324 -0.02349996 0.00329709
v 0.00693172 -0.02349996 -0.00814998
v 0.00834709 -0.02349996 0.00412947
v 0.00834709 -0.02349996 0.00787044
v 0.01008141 -0.02349996 0.00839054
v 0.00892639 -0.02349996 0.00666755
v 0.01030158 -0.02349996 0.00699997
v 0.00892639 -0.02349996 0.00533241
v 0.01030158 -0.02349996 -0.00285101
v 0.00730324 -0.02349996 0.00870287
v 0.00844663 -0.02349996 0.01064056
v 0.00944221 -0.02349996 0.00964498
v 0.00365609 -0.02349996 0.00787044
v 0.00469994 -0.02349996 0.00870287
v 0.0049516 -0.02349996 0.0115
v 0.00600165 -0.02349996 0.00899994
v 0.00580162 -0.02349996 0.0115
v 0.00719219 -0.02349996 0.0112797
v 0.00307685 -0.02349996 0.00666755
v 0.00307685 -0.02349996 0.00533241
v -0.00967842 -0.02349996 -0.03339993
v -0.016339 -0.02349996 -0.03328758
v -0.01647621 -0.02349996 -0.03014558
v -0.01601475 -0.02349996 -0.02703464
v -0.01013082 -0.02349996 -0.02684998
v -0.00950855 -0.02349996 -0.02747213
v -0.01497137 -0.02349996 -0.02406769
v -0.01013082 -0.02349996 -0.02515
v -0.01035857 -0.02349996 -0.02599996
v -0.00780857 -0.02349996 -0.02747213
v -0.00718635 -0.02349996 -0.02684998
v -0.0063284 -0.02349996 -0.02646267
v -0.00695854 -0.02349996 -0.02599996
v -0.00718635 -0.02349996 -0.02515
v -0.00780857 -0.02349996 -0.02452766
v -0.00967842 -0.02349996 -0.02349996
v -0.00865859 -0.02349996 -0.02429991
v -0.00950855 -0.02349996 -0.02452766
v -0.00695854 -0.02349996 -0.03599995
v -0.00718635 -0.02349996 -0.03514999
v -0.0063284 -0.02349996 -0.03339993
v -0.00967842 -0.02349996 -0.03849995
v -0.00865859 -0.02349996 -0.03769993
v -0.0063284 -0.02349996 -0.03849995
v -0.00780857 -0.02349996 -0.03747218
v -0.00718635 -0.02349996 -0.03684991
v -0.00780857 -0.02349996 -0.03452765
v -0.00865859 -0.02349996 -0.02769988
v -0.00865859 -0.02349996 -0.03429991
v -0.00950855 -0.02349996 -0.03452765
v -0.01013082 -0.02349996 -0.03514999
v -0.01560813 -0.02349996 -0.03634637
v -0.01035857 -0.02349996 -0.03599995
v -0.01431012 -0.02349996 -0.03921109
v -0.01013082 -0.02349996 -0.03684991
v -0.00950855 -0.02349996 -0.03747218
v 0.0049516 -0.02349996 -0.03339993
v 0.00690156 -0.02349996 -0.03099989
v 0.00693172 -0.02349996 -0.03339993
v 0.00710255 -0.02349996 -0.03174996
v 0.00765163 -0.02349996 -0.03229904
v 0.00840163 -0.02349996 -0.0324999
v 0.00915164 -0.02349996 -0.03229904
v 0.01632577 -0.02349996 -0.03340244
v 0.00970066 -0.02349996 -0.03174996
v 0.01634228 -0.02349996 -0.03328758
v 0.00990164 -0.02349996 -0.03099989
v 0.00781184 -0.02349996 -0.02747213
v 0.00866187 -0.02349996 -0.02769988
v 0.00840163 -0.02349996 -0.02949994
v 0.00970066 -0.02349996 -0.03024995
v 0.01601809 -0.02349996 -0.02703464
v 0.01647949 -0.02349996 -0.03014558
v 0.00915164 -0.02349996 -0.02970093
v 0.00951189 -0.02349996 -0.02747213
v 0.01586109 -0.02349996 -0.02644711
v 0.00718963 -0.02349996 -0.02684998
v 0.00693172 -0.02349996 -0.02646267
v 0.00696188 -0.02349996 -0.02599996
v 0.00718963 -0.02349996 -0.02515
v 0.0101341 -0.02349996 -0.02684998
v 0.01036185 -0.02349996 -0.02599996
v 0.0101341 -0.02349996 -0.02515
v 0.00951189 -0.02349996 -0.02452766
v 0.00866187 -0.02349996 -0.02429991
v 0.00781184 -0.02349996 -0.02452766
v 0.010598 -0.02349996 -0.00831449
v 0.01148366 -0.02349996 -0.01371365
v -0.00307345 -0.02349996 0.00666755
v -0.00307345 -0.02349996 0.00533241
v -0.00219834 -0.02349996 -0.00814998
v -0.00365281 -0.02349996 0.00412947
v -0.00967842 -0.02349996 -0.00814998
v -0.0072999 -0.02349996 0.00329709
v -0.0063284 -0.02349996 -0.00814998
v -0.00599831 -0.02349996 0.00299996
v -0.00469667 -0.02349996 0.00329709
v -0.0072999 -0.02349996 0.00870287
v -0.00834381 -0.02349996 0.00787044
v -0.00943887 -0.02349996 0.00964498
v -0.00892311 -0.02349996 0.00666755
v -0.00892311 -0.02349996 0.00533241
v -0.00834381 -0.02349996 0.00412947
v -0.00365281 -0.02349996 0.00787044
v -0.00469667 -0.02349996 0.00870287
v -0.00579828 -0.02349996 0.0115
v -0.00599831 -0.02349996 0.00899994
v -0.00718892 -0.02349996 0.0112797
v -0.00844336 -0.02349996 0.01064056
v -0.01148045 -0.02349996 -0.01371365
v -0.01059466 -0.02349996 -0.00831449
v -0.01029831 -0.02349996 -0.00285101
v -0.01029831 -0.02349996 0.00699997
v -0.01007807 -0.02349996 0.00839054
v -0.01294499 -0.02349996 -0.01898545
v -0.00219834 -0.02349996 -0.03849995
v -0.00757712 -0.02349996 -0.04565638
v -0.01022028 -0.02349996 -0.0439521
v -0.01249212 -0.02349996 -0.04177737
v -0.00147051 -0.02349996 -0.04014992
v -0.00169832 -0.02349996 -0.04099988
v -0.00465864 -0.02349996 -0.04682815
v 0.00235158 -0.02349996 -0.03849995
v 0.00085165 -0.02349996 -0.03952771
v 1.65E-06 -0.02349996 -0.03929996
v -0.00084835 -0.02349996 -0.03952771
v -0.00147051 -0.02349996 -0.04184997
v -0.00084835 -0.02349996 -0.04247224
v -0.00157076 -0.02349996 -0.04742485
v 1.65E-06 -0.02349996 -0.04269999
v 0.0015741 -0.02349996 -0.04742485
v 0.00085165 -0.02349996 -0.04247224
v 0.00466198 -0.02349996 -0.04682815
v 0.00147384 -0.02349996 -0.04184997
v 0.00170165 -0.02349996 -0.04099988
v 0.00147384 -0.02349996 -0.04014992
v 0.0049516 -0.02349996 -0.03849995
v 0.00693172 -0.02349996 -0.03849995
v 0.00758046 -0.02349996 -0.04565638
v 0.01431339 -0.02349996 -0.03921109
v 0.01249545 -0.02349996 -0.04177737
v 0.01022362 -0.02349996 -0.0439521
v 0.00696188 -0.02349996 -0.03599995
v 0.00718963 -0.02349996 -0.03684991
v 0.00866187 -0.02349996 -0.03429991
v 0.00781184 -0.02349996 -0.03452765
v 0.00718963 -0.02349996 -0.03514999
v 0.00781184 -0.02349996 -0.03747218
v 0.00866187 -0.02349996 -0.03769993
v 0.00951189 -0.02349996 -0.03452765
v 0.00951189 -0.02349996 -0.03747218
v 0.0101341 -0.02349996 -0.03684991
v 0.01561141 -0.02349996 -0.03634637
v 0.01036185 -0.02349996 -0.03599995
v 0.0101341 -0.02349996 -0.03514999
v 0.00765163 -0.02349996 -0.02970093
v 0.00710255 -0.02349996 -0.03024995
v -0.00289929 -0.02349996 -0.02447533
v -0.0026983 -0.02349996 -0.02372539
v -0.00219834 -0.02349996 -0.02349996
v -0.00289929 -0.02349996 -0.02297538
v -0.00344825 -0.02349996 -0.02242624
v -0.00419825 -0.02349996 -0.02222532
v -0.00494832 -0.02349996 -0.02242624
v -0.00549734 -0.02349996 -0.02447533
v -0.00494832 -0.02349996 -0.02502441
v -0.00419825 -0.02349996 -0.02522534
v -0.00219834 -0.02349996 -0.02646267
v -0.00344825 -0.02349996 -0.02502441
v 0.0049516 -0.02349996 -0.02349996
v 0.00235158 -0.02349996 -0.02349996
v -0.00169832 -0.02349996 -0.0209999
v -0.00147051 -0.02349996 -0.02184993
v 0.00085165 -0.02349996 -0.01952773
v 1.65E-06 -0.02349996 -0.01929998
v -0.00084835 -0.02349996 -0.01952773
v -0.00147051 -0.02349996 -0.02015
v 0.00085165 -0.02349996 -0.0224722
v 1.65E-06 -0.02349996 -0.02269995
v -0.00084835 -0.02349996 -0.0224722
v 0.00147384 -0.02349996 -0.02184993
v 0.00170165 -0.02349996 -0.0209999
v 0.00147384 -0.02349996 -0.02015
v 0.0049516 -0.02349996 -0.02646267
v 0.00235158 -0.02349996 -0.02646267
v -0.00219834 -0.02349996 -0.03339993
v 0.00235158 -0.02349996 -0.03339993
v -0.00579828 -0.02399992 0.01199996
v -0.00579828 -0.02549993 0.01199996
v 0.00580162 -0.02399992 0.01199996
v 0.00580162 -0.02549993 0.01199996
v 0.01080161 -0.02399992 0.00699997
v 0.01080161 -0.02549993 0.00699997
v 0.01080161 -0.02399992 -0.00285101
v 0.01080161 -0.02549993 -0.00285101
v 0.01542848 -0.02399992 -0.02385771
v 0.01542848 -0.02549993 -0.02385771
v 0.01650339 -0.02399992 -0.02691441
v 0.01626551 -0.02549993 -0.02605158
v 0.0169788 -0.02549993 -0.03011965
v 0.0169788 -0.02399992 -0.03011965
v 0.01679217 -0.02549993 -0.02833986
v 0.01650339 -0.02549993 -0.02691441
v 0.01699852 -0.02549993 -0.0306788
v 0.01688069 -0.02549993 -0.03302401
v 0.01683741 -0.02399992 -0.0333569
v 0.01683741 -0.02549993 -0.0333569
v 0.01608443 -0.02399992 -0.03650844
v 0.01644074 -0.02549993 -0.03533053
v 0.01474714 -0.02549993 -0.03945988
v 0.01474714 -0.02399992 -0.03945988
v 0.01568722 -0.02549993 -0.03755444
v 0.01608443 -0.02549993 -0.03650844
v 0.01463449 -0.02549993 -0.0396533
v 0.0133025 -0.02549993 -0.04158705
v 0.01287406 -0.02399992 -0.04210394
v 0.01287406 -0.02549993 -0.04210394
v 0.01053345 -0.02399992 -0.04434466
v 0.01171678 -0.02549993 -0.0433188
v 0.01053345 -0.02549993 -0.04434466
v 0.0099076 -0.02549993 -0.04481554
v 0.00790936 -0.02549993 -0.04604882
v 0.00781018 -0.02399992 -0.04610049
v 0.00781018 -0.02549993 -0.04610049
v 0.00480312 -0.02399992 -0.04730772
v 0.00576031 -0.02549993 -0.04699492
v 0.00162172 -0.02549993 -0.04792261
v 0.00162172 -0.02399992 -0.04792261
v 0.0035013 -0.02549993 -0.04763585
v 0.00480312 -0.02549993 -0.04730772
v 0.00117564 -0.02549993 -0.04795932
v -0.0011723 -0.02549993 -0.04795932
v -0.00161838 -0.02399992 -0.04792261
v -0.00161838 -0.02549993 -0.04792261
v -0.00479978 -0.02399992 -0.04730772
v -0.00349808 -0.02549993 -0.04763585
v -0.00780678 -0.02549993 -0.04610049
v -0.00780678 -0.02399992 -0.04610049
v -0.00575697 -0.02549993 -0.04699492
v -0.00479978 -0.02549993 -0.04730772
v -0.00790608 -0.02549993 -0.04604882
v -0.00990427 -0.02549993 -0.04481554
v -0.01053011 -0.02399992 -0.04434466
v -0.01287072 -0.02549993 -0.04210394
v -0.01287072 -0.02399992 -0.04210394
v -0.0117135 -0.02549993 -0.0433188
v -0.01053011 -0.02549993 -0.04434466
v -0.01329916 -0.02549993 -0.04158705
v -0.01463115 -0.02549993 -0.0396533
v -0.0147438 -0.02399992 -0.03945988
v -0.0147438 -0.02549993 -0.03945988
v -0.01608115 -0.02399992 -0.03650844
v -0.01568388 -0.02549993 -0.03755444
v -0.01683408 -0.02549993 -0.0333569
v -0.01683408 -0.02399992 -0.0333569
v -0.01643747 -0.02549993 -0.03533053
v -0.01608115 -0.02549993 -0.03650844
v -0.01687741 -0.02549993 -0.03302401
v -0.01699531 -0.02549993 -0.0306788
v -0.01697552 -0.02399992 -0.03011965
v -0.01697552 -0.02549993 -0.03011965
v -0.01650011 -0.02399992 -0.02691441
v -0.01678884 -0.02549993 -0.02833986
v -0.0154252 -0.02549993 -0.02385771
v -0.0154252 -0.02399992 -0.02385771
v -0.01626217 -0.02549993 -0.02605158
v -0.01650011 -0.02549993 -0.02691441
v -0.01079827 -0.02399992 -0.00285101
v -0.01079827 -0.02549993 -0.00285101
v -0.01079827 -0.02399992 0.00699997
v -0.01079827 -0.02549993 0.00699997
v 0.00874215 -0.02749997 -0.04319024
v 0.01033854 -0.02749997 -0.04186958
v 0.00433177 -0.02749997 -0.04185998
v -0.00432837 -0.02749997 -0.03099989
v -0.00729191 -0.02749997 -0.02906948
v -0.00865859 -0.02749997 -0.02935999
v -0.00432837 -0.02749997 -0.02685993
v -0.005463 -0.02749997 -0.02703827
v -0.00616163 -0.02749997 -0.02824825
v -0.01185411 -0.02749997 -0.02703827
v -0.01350837 -0.02749997 -0.02685993
v -0.01115548 -0.02749997 -0.02824825
v -0.01350837 -0.02749997 -0.03099989
v -0.0100252 -0.02749997 -0.02906948
v -0.00935715 -0.02749997 -0.02271342
v -0.00795996 -0.02749997 -0.02271342
v -0.00432837 -0.02749997 -0.02013999
v -0.01063346 -0.02749997 -0.02328169
v -0.01215595 -0.02749997 -0.02123379
v -0.01156836 -0.02749997 -0.02431994
v -0.01361024 -0.02749997 -0.02469789
v -0.01200014 -0.02749997 -0.02564877
v -0.00668359 -0.02749997 -0.02328169
v -0.00574869 -0.02749997 -0.02431994
v -0.00531691 -0.02749997 -0.02564877
v 0.00136828 -0.02749997 -0.0440694
v 0.00308967 -0.02749997 -0.04567867
v 0.00249857 -0.02749997 -0.04324817
v 0.00508279 -0.02749997 -0.04511308
v 0.00319719 -0.02749997 -0.04203826
v -0.00432837 -0.02749997 -0.04185998
v -0.00507945 -0.02749997 -0.04511308
v -0.00249523 -0.02749997 -0.04324817
v -0.00136495 -0.02749997 -0.0440694
v -0.00308627 -0.02749997 -0.04567867
v 1.65E-06 -0.02749997 -0.04435998
v -0.0010342 -0.02749997 -0.04596418
v 0.00103754 -0.02749997 -0.04596418
v -0.00319386 -0.02749997 -0.04203826
v -0.00333983 -0.02749997 -0.04064869
v -0.00290817 -0.02749997 -0.03931999
v -0.00197327 -0.02749997 -0.03828161
v -0.00069693 -0.02749997 -0.03771334
v 0.00070024 -0.02749997 -0.03771334
v 0.00433177 -0.02749997 -0.03099989
v 0.00197661 -0.02749997 -0.03828161
v 0.00291145 -0.02749997 -0.03931999
v 0.00334316 -0.02749997 -0.04064869
v 0.00866187 -0.02749997 -0.02935999
v 0.00729519 -0.02749997 -0.02906948
v 0.00616491 -0.02749997 -0.02824825
v 0.00433177 -0.02749997 -0.02685993
v 0.01002854 -0.02749997 -0.02906948
v 0.01499897 -0.02749997 -0.03071659
v 0.01115882 -0.02749997 -0.02824825
v 0.01481688 -0.02749997 -0.02865272
v 0.01185745 -0.02749997 -0.02703827
v 0.01435208 -0.02749997 -0.02663367
v 0.01200348 -0.02749997 -0.02564877
v 0.01361358 -0.02749997 -0.02469789
v 0.00546628 -0.02749997 -0.02703827
v 0.00532031 -0.02749997 -0.02564877
v 0.00433177 -0.02749997 -0.02013999
v 0.00575203 -0.02749997 -0.02431994
v 0.00668687 -0.02749997 -0.02328169
v 0.0079633 -0.02749997 -0.02271342
v 0.00936049 -0.02749997 -0.02271342
v 0.01215928 -0.02749997 -0.02123379
v 0.0106368 -0.02749997 -0.02328169
v 0.01157164 -0.02749997 -0.02431994
v 0.00319719 -0.02749997 -0.02203828
v 0.00249857 -0.02749997 -0.02324825
v 0.00136828 -0.02749997 -0.02406942
v 1.65E-06 -0.02749997 -0.02436
v -0.00136495 -0.02749997 -0.02406942
v 0.00334316 -0.02749997 -0.02064871
v 0.00291145 -0.02749997 -0.01931995
v -0.00280279 -0.02749997 0.00496167
v 0.00280607 -0.02749997 0.00496167
v -0.0026567 -0.02749997 0.00635111
v 0.00266004 -0.02749997 0.00635111
v -0.00308847 -0.02749997 0.00767994
v -0.00249523 -0.02749997 -0.02324825
v -0.00319386 -0.02749997 -0.02203828
v -0.00333983 -0.02749997 -0.02064871
v -0.0046317 -0.02749997 0.00293046
v -0.00290817 -0.02749997 -0.01931995
v -0.0035013 -0.02749997 0.0037517
v 0.00350457 -0.02749997 0.0037517
v -0.00197327 -0.02749997 -0.01828163
v -0.00069693 -0.02749997 -0.01771336
v 0.00070024 -0.02749997 -0.01771336
v 0.00463498 -0.02749997 0.00293046
v 0.00197661 -0.02749997 -0.01828163
v 0.00880164 -0.02749997 -0.00285101
v 0.00880164 -0.02749997 0.00414264
v 0.00849861 -0.02749997 0.0037517
v 0.01095896 -0.02749997 -0.01767379
v 0.01001882 -0.02749997 -0.01403629
v 0.0093438 -0.02749997 -0.01034051
v 0.00893736 -0.02749997 -0.00660562
v 0.00600165 -0.02749997 0.00263995
v 0.00736821 -0.02749997 0.00293046
v 0.00668687 -0.02749997 -0.03328168
v 0.0079633 -0.02749997 -0.03271341
v 0.00616491 -0.02749997 -0.03824824
v 0.00546628 -0.02749997 -0.0370382
v 0.00532031 -0.02749997 -0.03564876
v 0.00575203 -0.02749997 -0.03431993
v 0.00936049 -0.02749997 -0.03271341
v 0.0106368 -0.02749997 -0.03328168
v 0.01489496 -0.02749997 -0.03278589
v 0.01157164 -0.02749997 -0.03431993
v 0.01450669 -0.02749997 -0.03482103
v 0.01200348 -0.02749997 -0.03564876
v 0.0138418 -0.02749997 -0.03678327
v 0.01185745 -0.02749997 -0.0370382
v 0.01291292 -0.02749997 -0.03863525
v 0.01115882 -0.02749997 -0.03824824
v 0.0117377 -0.02749997 -0.04034143
v 0.01002854 -0.02749997 -0.03906947
v 0.00866187 -0.02749997 -0.03935992
v 0.00729519 -0.02749997 -0.03906947
v 0.00697905 -0.02749997 -0.04427838
v -0.0103352 -0.02749997 -0.04186958
v -0.00873888 -0.02749997 -0.04319024
v -0.00697571 -0.02749997 -0.04427838
v -0.00795996 -0.02749997 -0.03271341
v -0.00668359 -0.02749997 -0.03328168
v -0.005463 -0.02749997 -0.0370382
v -0.00531691 -0.02749997 -0.03564876
v -0.00574869 -0.02749997 -0.03431993
v -0.00616163 -0.02749997 -0.03824824
v -0.00729191 -0.02749997 -0.03906947
v -0.00865859 -0.02749997 -0.03935992
v -0.0100252 -0.02749997 -0.03906947
v -0.00935715 -0.02749997 -0.03271341
v -0.01200014 -0.02749997 -0.03564876
v -0.01156836 -0.02749997 -0.03431993
v -0.01063346 -0.02749997 -0.03328168
v -0.01185411 -0.02749997 -0.0370382
v -0.01383852 -0.02749997 -0.03678327
v -0.01115548 -0.02749997 -0.03824824
v -0.01290965 -0.02749997 -0.03863525
v -0.01173436 -0.02749997 -0.04034143
v -0.01499563 -0.02749997 -0.03071659
v -0.01489162 -0.02749997 -0.03278589
v -0.01450341 -0.02749997 -0.03482103
v -0.0143488 -0.02749997 -0.02663367
v -0.01481354 -0.02749997 -0.02865272
v -0.01095569 -0.02749997 -0.01767379
v -0.0087983 -0.02749997 -0.00285101
v -0.00893402 -0.02749997 -0.00660562
v -0.00934046 -0.02749997 -0.01034051
v -0.01001548 -0.02749997 -0.01403629
v -0.00599831 -0.02749997 0.00263995
v -0.00736487 -0.02749997 0.00293046
v -0.00849527 -0.02749997 0.0037517
v -0.0087983 -0.02749997 0.00414264
v -0.00850123 -0.02749997 0.00830162
v -0.00855791 -0.02749997 0.00817668
v -0.00797325 -0.02749997 0.00871825
v -0.00646585 -0.02749997 0.00992477
v -0.00669682 -0.02749997 0.00928652
v -0.00579828 -0.02749997 0.00999999
v -0.00529969 -0.02749997 0.00928652
v -0.00432837 -0.02749997 0.00999999
v -0.00402337 -0.02749997 0.00871825
v 0.00433177 -0.02749997 0.00999999
v 0.00309169 -0.02749997 0.00767994
v -0.00709999 -0.02749997 0.00970286
v -0.00766879 -0.02749997 0.00934547
v -0.00814384 -0.02749997 0.00887042
v 0.00402665 -0.02749997 0.00871825
v 0.00530302 -0.02749997 0.00928652
v 0.00580162 -0.02749997 0.00999999
v 0.00670016 -0.02749997 0.00928652
v 0.00646919 -0.02749997 0.00992477
v 0.00710326 -0.02749997 0.00970286
v 0.00856119 -0.02749997 0.00817668
v 0.00850451 -0.02749997 0.00830162
v 0.00797659 -0.02749997 0.00871825
v 0.00814712 -0.02749997 0.00887042
v 0.00767207 -0.02749997 0.00934547
v -0.00796711 -0.02583998 -0.02755302
v -0.00780857 -0.02583998 -0.02747213
v -0.00739515 -0.02583998 -0.02713745
v -0.00718635 -0.02583998 -0.02684998
v -0.00704175 -0.02583998 -0.02652525
v -0.00695854 -0.02583998 -0.02599996
v -0.0069679 -0.02583998 -0.02582228
v -0.00718635 -0.02583998 -0.02515
v -0.00765932 -0.02583998 -0.02462464
v -0.00780857 -0.02583998 -0.02452766
v -0.00830513 -0.02583998 -0.02433711
v -0.00865859 -0.02583998 -0.02429991
v -0.00901204 -0.02583998 -0.02433711
v -0.00950855 -0.02583998 -0.02452766
v -0.0096578 -0.02583998 -0.02462464
v -0.01013082 -0.02583998 -0.02515
v -0.01034927 -0.02583998 -0.02582228
v -0.01035857 -0.02583998 -0.02599996
v -0.01027536 -0.02583998 -0.02652525
v -0.01013082 -0.02583998 -0.02684998
v -0.00992191 -0.02583998 -0.02713745
v -0.00950855 -0.02583998 -0.02747213
v -0.00935 -0.02583998 -0.02755302
v -0.00865859 -0.02583998 -0.02769988
v -0.00796711 -0.02583998 -0.03755301
v -0.00780857 -0.02583998 -0.03747218
v -0.00739515 -0.02583998 -0.03713744
v -0.00718635 -0.02583998 -0.03684991
v -0.00704175 -0.02583998 -0.03652524
v -0.00695854 -0.02583998 -0.03599995
v -0.0069679 -0.02583998 -0.03582227
v -0.00718635 -0.02583998 -0.03514999
v -0.00765932 -0.02583998 -0.03462457
v -0.00780857 -0.02583998 -0.03452765
v -0.00830513 -0.02583998 -0.0343371
v -0.00865859 -0.02583998 -0.03429991
v -0.00901204 -0.02583998 -0.0343371
v -0.00950855 -0.02583998 -0.03452765
v -0.0096578 -0.02583998 -0.03462457
v -0.01013082 -0.02583998 -0.03514999
v -0.01034927 -0.02583998 -0.03582227
v -0.01035857 -0.02583998 -0.03599995
v -0.01027536 -0.02583998 -0.03652524
v -0.01013082 -0.02583998 -0.03684991
v -0.00992191 -0.02583998 -0.03713744
v -0.00950855 -0.02583998 -0.03747218
v -0.00935 -0.02583998 -0.03755301
v -0.00865859 -0.02583998 -0.03769993
v 0.00069311 -0.02583998 -0.04255294
v 0.00085165 -0.02583998 -0.04247224
v 0.00126499 -0.02583998 -0.0421375
v 0.00147384 -0.02583998 -0.04184997
v 0.00161838 -0.02583998 -0.0415253
v 0.00170165 -0.02583998 -0.04099988
v 0.0016923 -0.02583998 -0.0408222
v 0.00147384 -0.02583998 -0.04014992
v 0.00100088 -0.02583998 -0.03962463
v 0.00085165 -0.02583998 -0.03952771
v 0.0003551 -0.02583998 -0.03933703
v 1.65E-06 -0.02583998 -0.03929996
v -0.0003518 -0.02583998 -0.03933703
v -0.00084835 -0.02583998 -0.03952771
v -0.00099758 -0.02583998 -0.03962463
v -0.00147051 -0.02583998 -0.04014992
v -0.00168896 -0.02583998 -0.0408222
v -0.00169832 -0.02583998 -0.04099988
v -0.00161511 -0.02583998 -0.0415253
v -0.00147051 -0.02583998 -0.04184997
v -0.00126159 -0.02583998 -0.0421375
v -0.00084835 -0.02583998 -0.04247224
v -0.0006898 -0.02583998 -0.04255294
v 1.65E-06 -0.02583998 -0.04269999
v 0.00935334 -0.02583998 -0.03755301
v 0.00951189 -0.02583998 -0.03747218
v 0.00992525 -0.02583998 -0.03713744
v 0.0101341 -0.02583998 -0.03684991
v 0.0102787 -0.02583998 -0.03652524
v 0.01036185 -0.02583998 -0.03599995
v 0.01035255 -0.02583998 -0.03582227
v 0.0101341 -0.02583998 -0.03514999
v 0.00966114 -0.02583998 -0.03462457
v 0.00951189 -0.02583998 -0.03452765
v 0.00901532 -0.02583998 -0.0343371
v 0.00866187 -0.02583998 -0.03429991
v 0.00830841 -0.02583998 -0.0343371
v 0.00781184 -0.02583998 -0.03452765
v 0.00766259 -0.02583998 -0.03462457
v 0.00718963 -0.02583998 -0.03514999
v 0.00697118 -0.02583998 -0.03582227
v 0.00696188 -0.02583998 -0.03599995
v 0.00704509 -0.02583998 -0.03652524
v 0.00718963 -0.02583998 -0.03684991
v 0.00739849 -0.02583998 -0.03713744
v 0.00781184 -0.02583998 -0.03747218
v 0.00797045 -0.02583998 -0.03755301
v 0.00866187 -0.02583998 -0.03769993
v 0.00935334 -0.02583998 -0.02755302
v 0.00951189 -0.02583998 -0.02747213
v 0.00992525 -0.02583998 -0.02713745
v 0.0101341 -0.02583998 -0.02684998
v 0.0102787 -0.02583998 -0.02652525
v 0.01036185 -0.02583998 -0.02599996
v 0.01035255 -0.02583998 -0.02582228
v 0.0101341 -0.02583998 -0.02515
v 0.00966114 -0.02583998 -0.02462464
v 0.00951189 -0.02583998 -0.02452766
v 0.00901532 -0.02583998 -0.02433711
v 0.00866187 -0.02583998 -0.02429991
v 0.00830841 -0.02583998 -0.02433711
v 0.00781184 -0.02583998 -0.02452766
v 0.00766259 -0.02583998 -0.02462464
v 0.00718963 -0.02583998 -0.02515
v 0.00697118 -0.02583998 -0.02582228
v 0.00696188 -0.02583998 -0.02599996
v 0.00704509 -0.02583998 -0.02652525
v 0.00718963 -0.02583998 -0.02684998
v 0.00739849 -0.02583998 -0.02713745
v 0.00781184 -0.02583998 -0.02747213
v 0.00797045 -0.02583998 -0.02755302
v 0.00866187 -0.02583998 -0.02769988
v 0.00069311 -0.02583998 -0.02255296
v 0.00085165 -0.02583998 -0.0224722
v 0.00126499 -0.02583998 -0.02213752
v 0.00147384 -0.02583998 -0.02184993
v 0.00161838 -0.02583998 -0.02152532
v 0.00170165 -0.02583998 -0.0209999
v 0.0016923 -0.02583998 -0.02082222
v 0.00147384 -0.02583998 -0.02015
v 0.00100088 -0.02583998 -0.01962465
v 0.00085165 -0.02583998 -0.01952773
v 0.0003551 -0.02583998 -0.01933705
v 1.65E-06 -0.02583998 -0.01929998
v -0.0003518 -0.02583998 -0.01933705
v -0.00084835 -0.02583998 -0.01952773
v -0.00099758 -0.02583998 -0.01962465
v -0.00147051 -0.02583998 -0.02015
v -0.00168896 -0.02583998 -0.02082222
v -0.00169832 -0.02583998 -0.0209999
v -0.00161511 -0.02583998 -0.02152532
v -0.00147051 -0.02583998 -0.02184993
v -0.00126159 -0.02583998 -0.02213752
v -0.00084835 -0.02583998 -0.0224722
v -0.0006898 -0.02583998 -0.02255296
v 1.65E-06 -0.02583998 -0.02269995
v -0.00530678 -0.02583998 0.00444686
v -0.00514823 -0.02219992 0.00452769
v -0.00599831 -0.02219992 0.0043
v -0.00514823 -0.02583998 0.00452769
v -0.00473493 -0.02583998 0.00486237
v -0.00452602 -0.02219992 0.00514996
v -0.00452602 -0.02583998 0.00514996
v -0.00438154 -0.02583998 0.00547463
v -0.00429833 -0.02219992 0.00599998
v -0.00429833 -0.02583998 0.00599998
v -0.00430757 -0.02583998 0.0061776
v -0.00452602 -0.02219992 0.00684988
v -0.00452602 -0.02583998 0.00684988
v -0.0049991 -0.02583998 0.00737524
v -0.00514823 -0.02219992 0.00747222
v -0.00514823 -0.02583998 0.00747222
v -0.0056448 -0.02583998 0.00766277
v -0.00599831 -0.02219992 0.00769997
v -0.00599831 -0.02583998 0.00769997
v -0.00635171 -0.02583998 0.00766277
v -0.00684834 -0.02219992 0.00747222
v -0.00684834 -0.02583998 0.00747222
v -0.00699747 -0.02583998 0.00737524
v -0.00747055 -0.02219992 0.00684988
v -0.00747055 -0.02583998 0.00684988
v -0.007689 -0.02583998 0.0061776
v -0.00769824 -0.02219992 0.00599998
v -0.00769824 -0.02583998 0.00599998
v -0.00761509 -0.02583998 0.00547463
v -0.00747055 -0.02219992 0.00514996
v -0.00747055 -0.02583998 0.00514996
v -0.00726169 -0.02583998 0.00486237
v -0.00684834 -0.02219992 0.00452769
v -0.00684834 -0.02583998 0.00452769
v -0.00668973 -0.02583998 0.00444686
v -0.00599831 -0.02583998 0.0043
v -0.00916213 -0.02746659 0.00497198
v -0.00928086 -0.0274409 0.00565189
v -0.0092811 -0.02744084 0.00634497
v -0.00916964 -0.02746522 0.00699997
v -0.00890148 -0.02749222 0.007676
v 0.00669306 -0.02583998 0.00444686
v 0.00685155 -0.02219992 0.00452769
v 0.00600165 -0.02219992 0.0043
v 0.00685155 -0.02583998 0.00452769
v 0.00726491 -0.02583998 0.00486237
v 0.00747389 -0.02219992 0.00514996
v 0.00747389 -0.02583998 0.00514996
v 0.00761843 -0.02583998 0.00547463
v 0.00770164 -0.02219992 0.00599998
v 0.00770164 -0.02583998 0.00599998
v 0.00769234 -0.02583998 0.0061776
v 0.00747389 -0.02219992 0.00684988
v 0.00747389 -0.02583998 0.00684988
v 0.0070008 -0.02583998 0.00737524
v 0.00685155 -0.02219992 0.00747222
v 0.00685155 -0.02583998 0.00747222
v 0.00635505 -0.02583998 0.00766277
v 0.00600165 -0.02219992 0.00769997
v 0.00600165 -0.02583998 0.00769997
v 0.00564814 -0.02583998 0.00766277
v 0.00515163 -0.02219992 0.00747222
v 0.00515163 -0.02583998 0.00747222
v 0.00500238 -0.02583998 0.00737524
v 0.0045293 -0.02219992 0.00684988
v 0.0045293 -0.02583998 0.00684988
v 0.00431096 -0.02583998 0.0061776
v 0.00430155 -0.02219992 0.00599998
v 0.00430155 -0.02583998 0.00599998
v 0.00438476 -0.02583998 0.00547463
v 0.0045293 -0.02219992 0.00514996
v 0.0045293 -0.02583998 0.00514996
v 0.00473827 -0.02583998 0.00486237
v 0.00515163 -0.02219992 0.00452769
v 0.00515163 -0.02583998 0.00452769
v 0.00531012 -0.02583998 0.00444686
v 0.00600165 -0.02583998 0.0043
v 0.00928438 -0.02744084 0.00634497
v 0.00917292 -0.02746522 0.00699997
v 0.00890476 -0.02749222 0.007676
v 0.00928432 -0.02744084 0.00565386
v 0.00916546 -0.02746659 0.00497198
v 0.01109504 -0.02399992 -0.00826037
v 0.01093208 -0.02549993 -0.0064612
v 0.01109504 -0.02549993 -0.00826037
v 0.01132291 -0.02549993 -0.0100525
v 0.01197201 -0.02399992 -0.01360619
v 0.01197201 -0.02549993 -0.01360619
v 0.01342219 -0.02399992 -0.01882565
v 0.01287603 -0.02549993 -0.01710373
v 0.01403015 -0.02549993 -0.02052682
v 0.01342219 -0.02549993 -0.01882565
v -0.01341885 -0.02399992 -0.01882565
v -0.01402688 -0.02549993 -0.02052682
v -0.01341885 -0.02549993 -0.01882565
v -0.01287263 -0.02549993 -0.01710373
v -0.01196873 -0.02399992 -0.01360619
v -0.01196873 -0.02549993 -0.01360619
v -0.0110917 -0.02399992 -0.00826037
v -0.01131957 -0.02549993 -0.0100525
v -0.01092875 -0.02549993 -0.0064612
v -0.0110917 -0.02549993 -0.00826037
v -0.01067292 -0.02549993 0.00811255
v -0.01055353 -0.02399992 0.00854504
v -0.01055353 -0.02549993 0.00854504
v -0.01030308 -0.02549993 0.0091694
v -0.00984341 -0.02399992 0.0099389
v -0.00970745 -0.02549993 0.01011741
v -0.00891578 -0.02549993 0.01090914
v -0.00873727 -0.02399992 0.01104497
v -0.00796771 -0.02549993 0.01150476
v -0.00734341 -0.02399992 0.01175522
v -0.00691092 -0.02549993 0.01187455
v -0.00734341 -0.02549993 0.01175522
v 0.00691426 -0.02549993 0.01187455
v 0.00734663 -0.02399992 0.01175522
v 0.00734663 -0.02549993 0.01175522
v 0.00797105 -0.02549993 0.01150476
v 0.00874054 -0.02399992 0.01104497
v 0.00891906 -0.02549993 0.01090914
v 0.00971079 -0.02549993 0.01011741
v 0.00984669 -0.02399992 0.0099389
v 0.01030641 -0.02549993 0.0091694
v 0.01055687 -0.02399992 0.00854504
v 0.01067626 -0.02549993 0.00811255
v 0.01055687 -0.02549993 0.00854504
v -0.00579828 -0.02649992 0.01173204
v -0.00579828 -0.02626532 0.01184773
v -0.006877 -0.02626532 0.0117262
v -0.0091908 -0.02734774 0.00863373
v -0.00946927 -0.02734774 0.00783783
v -0.00956368 -0.02734774 0.00699997
v -0.00790167 -0.02626532 0.01136761
v -0.00882083 -0.02626532 0.01079005
v -0.00958842 -0.02626532 0.01002252
v -0.01016592 -0.02626532 0.00910336
v -0.01052451 -0.02626532 0.00807869
v -0.00579828 -0.02723205 0.01099991
v -0.00579828 -0.02691411 0.01141417
v -0.0067805 -0.02691411 0.01130354
v -0.00771356 -0.02691411 0.01097697
v -0.00855052 -0.02691411 0.01045107
v -0.00924951 -0.02691411 0.00975221
v -0.0097754 -0.02691411 0.00891524
v -0.01010185 -0.02691411 0.00798225
v -0.0066362 -0.02734774 0.0106709
v -0.00579828 -0.02734774 0.01076531
v -0.0106461 -0.02626532 0.00699997
v -0.01053035 -0.02649992 0.00699997
v -0.01021254 -0.02691411 0.00699997
v -0.00979835 -0.02723205 0.00699997
v -0.00743198 -0.02734774 0.01039236
v -0.00814599 -0.02734774 0.00994384
v -0.00874221 -0.02734774 0.00934762
v -0.00956368 -0.02734774 -0.00285101
v -0.00979835 -0.02723205 -0.00285101
v -0.0106461 -0.02626532 -0.00285101
v -0.01053035 -0.02649992 -0.00285101
v -0.01021254 -0.02691411 -0.00285101
v 0.00580162 -0.02734774 0.01076531
v 0.00580162 -0.02723205 0.01099991
v 0.00580162 -0.02626532 0.01184773
v 0.00580162 -0.02649992 0.01173204
v 0.00580162 -0.02691411 0.01141417
v -0.00969738 -0.02734774 -0.00655031
v -0.01430475 -0.02734774 -0.02437645
v -0.01287198 -0.02734774 -0.02096331
v -0.01489359 -0.02691411 -0.02410382
v -0.01347893 -0.02691411 -0.02073395
v -0.01528704 -0.02626532 -0.0239216
v -0.01388448 -0.02626532 -0.02058058
v -0.01168924 -0.02734774 -0.01745557
v -0.01076292 -0.02734774 -0.01387166
v -0.01231122 -0.02691411 -0.01727068
v -0.01139658 -0.02691411 -0.01373219
v -0.01272678 -0.02626532 -0.01714712
v -0.01182001 -0.02626532 -0.01363891
v -0.01009786 -0.02734774 -0.0102303
v -0.01073998 -0.02691411 -0.01013684
v -0.01116895 -0.02626532 -0.01007431
v -0.01034456 -0.02691411 -0.00650352
v -0.01077693 -0.02626532 -0.00647217
v 0.01053369 -0.02649992 0.00699997
v 0.01064938 -0.02626532 0.00699997
v 0.01052778 -0.02626532 0.00807869
v 0.01016926 -0.02626532 0.00910336
v 0.00959176 -0.02626532 0.01002252
v 0.00882417 -0.02626532 0.01079005
v 0.00790501 -0.02626532 0.01136761
v 0.00688028 -0.02626532 0.0117262
v 0.00980163 -0.02723205 0.00699997
v 0.01021575 -0.02691411 0.00699997
v 0.01010519 -0.02691411 0.00798225
v 0.00977868 -0.02691411 0.00891524
v 0.00925279 -0.02691411 0.00975221
v 0.00855386 -0.02691411 0.01045107
v 0.00771689 -0.02691411 0.01097697
v 0.00678384 -0.02691411 0.01130354
v 0.00947261 -0.02734774 0.00783783
v 0.00956696 -0.02734774 0.00699997
v 0.00919408 -0.02734774 0.00863373
v 0.00874549 -0.02734774 0.00934762
v 0.00814927 -0.02734774 0.00994384
v 0.00743538 -0.02734774 0.01039236
v 0.00663948 -0.02734774 0.0106709
v -0.01508092 -0.02734774 -0.02641087
v -0.01570177 -0.02691411 -0.02622205
v -0.01611649 -0.02626532 -0.0260958
v -0.01684308 -0.02626532 -0.03068166
v -0.01663845 -0.02626532 -0.02836364
v -0.01672625 -0.02626532 -0.03300589
v -0.01629024 -0.02626532 -0.03529173
v -0.01554346 -0.02626532 -0.03749573
v -0.01450014 -0.02626532 -0.03957581
v -0.01318001 -0.02626532 -0.04149222
v -0.0116086 -0.02626532 -0.04320847
v -0.00981557 -0.02626532 -0.04469192
v -0.00783527 -0.02626532 -0.04591405
v -0.00570542 -0.02626532 -0.04685163
v -0.00346672 -0.02626532 -0.04748684
v -0.00116187 -0.02626532 -0.04780751
v 0.00116509 -0.02626532 -0.04780751
v 0.00347006 -0.02626532 -0.04748684
v 0.00570875 -0.02626532 -0.04685163
v 0.00783855 -0.02626532 -0.04591405
v 0.00981885 -0.02626532 -0.04469192
v 0.01161181 -0.02626532 -0.04320847
v 0.01318341 -0.02626532 -0.04149222
v 0.01450335 -0.02626532 -0.03957581
v 0.01554673 -0.02626532 -0.03749573
v 0.01629358 -0.02626532 -0.03529173
v 0.01672953 -0.02626532 -0.03300589
v 0.01684629 -0.02626532 -0.03068166
v 0.01664185 -0.02626532 -0.02836364
v 0.01611977 -0.02626532 -0.0260958
v 0.01529026 -0.02626532 -0.0239216
v -0.01621025 -0.02691411 -0.02843153
v -0.01640963 -0.02691411 -0.03068989
v -0.01629579 -0.02691411 -0.03295421
v -0.01587098 -0.02691411 -0.03518128
v -0.01514345 -0.02691411 -0.0373286
v -0.01412689 -0.02691411 -0.03935503
v -0.0128408 -0.02691411 -0.04122227
v -0.0113098 -0.02691411 -0.04289436
v -0.00956291 -0.02691411 -0.04433947
v -0.00763351 -0.02691411 -0.0455302
v -0.00555855 -0.02691411 -0.04644376
v -0.0033775 -0.02691411 -0.04706251
v -0.00113189 -0.02691411 -0.04737502
v 0.00113523 -0.02691411 -0.04737502
v 0.00338078 -0.02691411 -0.04706251
v 0.00556189 -0.02691411 -0.04644376
v 0.00763684 -0.02691411 -0.0455302
v 0.00956625 -0.02691411 -0.04433947
v 0.01131314 -0.02691411 -0.04289436
v 0.0128442 -0.02691411 -0.04122227
v 0.01413023 -0.02691411 -0.03935503
v 0.01514679 -0.02691411 -0.0373286
v 0.01587432 -0.02691411 -0.03518128
v 0.016299 -0.02691411 -0.03295421
v 0.01641291 -0.02691411 -0.03068989
v 0.01621365 -0.02691411 -0.02843153
v 0.01570498 -0.02691411 -0.02622205
v 0.01489686 -0.02691411 -0.02410382
v -0.01556944 -0.02734774 -0.02853304
v -0.01576083 -0.02734774 -0.03070217
v -0.01565152 -0.02734774 -0.03287696
v -0.01524353 -0.02734774 -0.035016
v -0.01454478 -0.02734774 -0.03707844
v -0.01356846 -0.02734774 -0.03902477
v -0.01233321 -0.02734774 -0.04081815
v -0.01086258 -0.02734774 -0.0424242
v -0.00918484 -0.02734774 -0.04381227
v -0.00733173 -0.02734774 -0.04495584
v -0.00533879 -0.02734774 -0.04583323
v -0.00324392 -0.02734774 -0.0464276
v -0.00108713 -0.02734774 -0.04672765
v 0.00109041 -0.02734774 -0.04672765
v 0.0032472 -0.02734774 -0.0464276
v 0.00534207 -0.02734774 -0.04583323
v 0.00733501 -0.02734774 -0.04495584
v 0.00918818 -0.02734774 -0.04381227
v 0.01086592 -0.02734774 -0.0424242
v 0.01233655 -0.02734774 -0.04081815
v 0.01357167 -0.02734774 -0.03902477
v 0.01454806 -0.02734774 -0.03707844
v 0.01524686 -0.02734774 -0.035016
v 0.01565486 -0.02734774 -0.03287696
v 0.01576411 -0.02734774 -0.03070217
v 0.01557272 -0.02734774 -0.02853304
v 0.01508426 -0.02734774 -0.02641087
v 0.01430809 -0.02734774 -0.02437645
v 0.00980163 -0.02723205 -0.00285101
v 0.00956696 -0.02734774 -0.00285101
v 0.01021575 -0.02691411 -0.00285101
v 0.01053369 -0.02649992 -0.00285101
v 0.01064938 -0.02626532 -0.00285101
v 0.00970072 -0.02734774 -0.00655031
v 0.01078027 -0.02626532 -0.00647217
v 0.01034784 -0.02691411 -0.00650352
v 0.01010113 -0.02734774 -0.0102303
v 0.01076626 -0.02734774 -0.01387166
v 0.01074326 -0.02691411 -0.01013684
v 0.01139998 -0.02691411 -0.01373219
v 0.01117229 -0.02626532 -0.01007431
v 0.01182329 -0.02626532 -0.01363891
v 0.01169264 -0.02734774 -0.01745557
v 0.01231449 -0.02691411 -0.01727068
v 0.01273012 -0.02626532 -0.01714712
v 0.01287519 -0.02734774 -0.02096331
v 0.01348221 -0.02691411 -0.02073395
v 0.01388776 -0.02626532 -0.02058058
v -0.00326848 -0.02219992 0.00537694
v -0.00380915 -0.02219992 0.00425416
v -0.00478345 -0.02219992 0.00347728
v -0.00599831 -0.02219992 0.00319993
v -0.00721318 -0.02219992 0.00347728
v -0.00818747 -0.02219992 0.00425416
v -0.00872809 -0.02219992 0.00537694
v -0.00872809 -0.02219992 0.00662297
v -0.00818747 -0.02219992 0.00774568
v -0.00721318 -0.02219992 0.00852269
v -0.00599831 -0.02219992 0.00879997
v -0.00478345 -0.02219992 0.00852269
v -0.00380915 -0.02219992 0.00774568
v -0.00326848 -0.02219992 0.00662297
v -0.00469667 -0.02239996 0.00329709
v -0.00365281 -0.02239996 0.00412947
v -0.00307345 -0.02239996 0.00533241
v -0.00307345 -0.02239996 0.00666755
v -0.00365281 -0.02239996 0.00787044
v -0.00469667 -0.02239996 0.00870287
v -0.00599831 -0.02239996 0.00899994
v -0.0072999 -0.02239996 0.00870287
v -0.00834381 -0.02239996 0.00787044
v -0.00892311 -0.02239996 0.00666755
v -0.00892311 -0.02239996 0.00533241
v -0.00834381 -0.02239996 0.00412947
v -0.0072999 -0.02239996 0.00329709
v -0.00599831 -0.02239996 0.00299996
v 0.00873142 -0.02219992 0.00537694
v 0.00819075 -0.02219992 0.00425416
v 0.00721651 -0.02219992 0.00347728
v 0.00600165 -0.02219992 0.00319993
v 0.00478667 -0.02219992 0.00347728
v 0.00381243 -0.02219992 0.00425416
v 0.00327182 -0.02219992 0.00537694
v 0.00327182 -0.02219992 0.00662297
v 0.00381243 -0.02219992 0.00774568
v 0.00478667 -0.02219992 0.00852269
v 0.00600165 -0.02219992 0.00879997
v 0.00721651 -0.02219992 0.00852269
v 0.00819075 -0.02219992 0.00774568
v 0.00873142 -0.02219992 0.00662297
v 0.00730324 -0.02239996 0.00329709
v 0.00834709 -0.02239996 0.00412947
v 0.00892639 -0.02239996 0.00533241
v 0.00892639 -0.02239996 0.00666755
v 0.00834709 -0.02239996 0.00787044
v 0.00730324 -0.02239996 0.00870287
v 0.00600165 -0.02239996 0.00899994
v 0.00469994 -0.02239996 0.00870287
v 0.00365609 -0.02239996 0.00787044
v 0.00307685 -0.02239996 0.00666755
v 0.00307685 -0.02239996 0.00533241
v 0.00365609 -0.02239996 0.00412947
v 0.00469994 -0.02239996 0.00329709
v 0.00600165 -0.02239996 0.00299996
v 0.00915164 -0.02239996 -0.03229904
v 0.00970066 -0.02239996 -0.03174996
v 0.00990164 -0.02239996 -0.03099989
v 0.00970066 -0.02239996 -0.03024995
v 0.00915164 -0.02239996 -0.02970093
v 0.00840163 -0.02239996 -0.02949994
v 0.00765163 -0.02239996 -0.02970093
v 0.00710255 -0.02239996 -0.03024995
v 0.00690156 -0.02239996 -0.03099989
v 0.00710255 -0.02239996 -0.03174996
v 0.00765163 -0.02239996 -0.03229904
v 0.00840163 -0.02239996 -0.0324999
v 0.00727576 -0.02219992 -0.03034991
v 0.00775158 -0.02219992 -0.02987414
v 0.00840163 -0.02219992 -0.03099989
v 0.00840163 -0.02219992 -0.02969998
v 0.00905162 -0.02219992 -0.02987414
v 0.00775158 -0.02219992 -0.03212583
v 0.00727576 -0.02219992 -0.03164988
v 0.0071016 -0.02219992 -0.03099989
v 0.00952744 -0.02219992 -0.03164988
v 0.00905162 -0.02219992 -0.03212583
v 0.00840163 -0.02219992 -0.03229993
v 0.00952744 -0.02219992 -0.03034991
v 0.00970161 -0.02219992 -0.03099989
v -0.00344825 -0.02239996 -0.02502441
v -0.00289929 -0.02239996 -0.02447533
v -0.0026983 -0.02239996 -0.02372539
v -0.00289929 -0.02239996 -0.02297538
v -0.00344825 -0.02239996 -0.02242624
v -0.00419825 -0.02239996 -0.02222532
v -0.00494832 -0.02239996 -0.02242624
v -0.00549734 -0.02239996 -0.02297538
v -0.00569832 -0.02239996 -0.02372539
v -0.00549734 -0.02239996 -0.02447533
v -0.00494832 -0.02239996 -0.02502441
v -0.00419825 -0.02239996 -0.02522534
v -0.00532412 -0.02219992 -0.02307534
v -0.0048483 -0.02219992 -0.02259945
v -0.00419825 -0.02219992 -0.02372539
v -0.00419825 -0.02219992 -0.02242535
v -0.00354832 -0.02219992 -0.02259945
v -0.0048483 -0.02219992 -0.0248512
v -0.00532412 -0.02219992 -0.02437531
v -0.00549829 -0.02219992 -0.02372539
v -0.0030725 -0.02219992 -0.02437531
v -0.00354832 -0.02219992 -0.0248512
v -0.00419825 -0.02219992 -0.0250253
v -0.0030725 -0.02219992 -0.02307534
v -0.00289834 -0.02219992 -0.02372539
v 0.00834709 0.02349996 0.00412947
v 0.00730324 0.02349996 0.00329709
v 0.01030158 0.02349996 -0.01101601
v 0.00892639 0.02349996 0.00533241
v 0.01030158 0.02349996 0.00699997
v 0.00892639 0.02349996 0.00666755
v 0.01008141 0.02349996 0.00839054
v 0.00834709 0.02349996 0.00787044
v 0.00944221 0.02349996 0.00964498
v 0.00730324 0.02349996 0.00870287
v 0.00844663 0.02349996 0.01064056
v 0.00719219 0.02349996 0.0112797
v 0.00600165 0.02349996 0.00899994
v 0.00580162 0.02349996 0.0115
v 0.00469994 0.02349996 0.00870287
v 0.01142913 0.02349996 -0.02162748
v 0.00636905 0.02349996 -0.02809208
v 0.01282662 0.02349996 -0.02678453
v 0.00693035 0.02349996 -0.03000378
v 1.65E-06 0.02349996 -0.03799992
v 0.00134116 0.02349996 -0.04443329
v 0.00197375 0.02349996 -0.03771638
v 0.0039674 0.02349996 -0.04390436
v 0.00378609 0.02349996 -0.03688871
v -0.00528854 0.02349996 -0.03558403
v -0.0086509 0.02349996 -0.04136258
v -0.00378275 0.02349996 -0.03688871
v -0.0064342 0.02349996 -0.04286712
v -0.00197041 0.02349996 -0.03771638
v -0.00396413 0.02349996 -0.04390436
v -0.00133783 0.02349996 -0.04443329
v -0.01029831 0.02349996 -0.01101601
v -0.00892311 0.02349996 0.00533241
v -0.01029831 0.02349996 0.00699997
v -0.00892311 0.02349996 0.00666755
v -0.01007807 0.02349996 0.00839054
v -0.00834381 0.02349996 0.00787044
v -0.00943887 0.02349996 0.00964498
v -0.00844336 0.02349996 0.01064056
v -0.0072999 0.02349996 0.00870287
v -0.00718892 0.02349996 0.0112797
v -0.00599831 0.02349996 0.00899994
v -0.00579828 0.02349996 0.0115
v -0.00469667 0.02349996 0.00870287
v -0.00365281 0.02349996 0.00787044
v -0.00307345 0.02349996 0.00666755
v 0.00365609 0.02349996 0.00787044
v -0.00636572 0.02349996 -0.02809208
v -0.00528854 0.02349996 -0.02641594
v 0.00469994 0.02349996 0.00329709
v -0.00378275 0.02349996 -0.02511113
v 0.00600165 0.02349996 0.00299996
v 0.00529188 0.02349996 -0.02641594
v 0.00378609 0.02349996 -0.02511113
v -0.00599831 0.02349996 0.00299996
v 0.00365609 0.02349996 0.00412947
v -0.00469667 0.02349996 0.00329709
v -0.00365281 0.02349996 0.00412947
v 0.00636905 0.02349996 -0.03390789
v 0.01298046 0.02349996 -0.03471463
v 0.00693035 0.02349996 -0.03199619
v 0.01345849 0.02349996 -0.03207868
v 0.01340645 0.02349996 -0.02940011
v -0.00692707 0.02349996 -0.03199619
v -0.01297718 0.02349996 -0.03471463
v -0.00636572 0.02349996 -0.03390789
v -0.01198804 0.02349996 -0.0372045
v -0.01052671 0.02349996 -0.03944993
v -0.01058089 0.02349996 -0.01635158
v -0.00692707 0.02349996 -0.03000378
v -0.01142579 0.02349996 -0.02162748
v -0.00197041 0.02349996 -0.02428346
v 1.65E-06 0.02349996 -0.02399992
v 0.00197375 0.02349996 -0.02428346
v 0.01058429 0.02349996 -0.01635158
v -0.0072999 0.02349996 0.00329709
v -0.00834381 0.02349996 0.00412947
v -0.00307345 0.02349996 0.00533241
v 0.00307685 0.02349996 0.00533241
v 0.00307685 0.02349996 0.00666755
v 0.00643754 0.02349996 -0.04286712
v 0.00865418 0.02349996 -0.04136258
v 0.00529188 0.02349996 -0.03558403
v 0.01053011 0.02349996 -0.03944993
v 0.01199138 0.02349996 -0.0372045
v -0.01282334 0.02349996 -0.02678453
v -0.01340311 0.02349996 -0.02940011
v -0.01345515 0.02349996 -0.03207868
v 0.00580162 0.02399992 0.01199996
v 0.00580162 0.02549993 0.01199996
v -0.00579828 0.02399992 0.01199996
v -0.00579828 0.02549993 0.01199996
v 0.01080161 0.02399992 -0.01101601
v 0.01080161 0.02549993 -0.01101601
v 0.01080161 0.02399992 0.00699997
v 0.01080161 0.02549993 0.00699997
v -0.01351517 0.02549993 -0.03464609
v -0.01345789 0.02549993 -0.03485226
v -0.01345789 0.02399992 -0.03485226
v 0.01071614 0.02549993 -0.04001092
v 0.01091998 0.02549993 -0.03976285
v 0.01091998 0.02399992 -0.03976285
v 0.01330161 0.02549993 -0.02662849
v 0.01330161 0.02399992 -0.02662849
v 0.0137943 0.02549993 -0.02859961
v 0.01390296 0.02399992 -0.02934086
v 0.01390296 0.02549993 -0.02934086
v 0.01346117 0.02549993 -0.03485226
v 0.01351851 0.02549993 -0.03464609
v 0.01346117 0.02399992 -0.03485226
v 0.01390385 0.02549993 -0.03265106
v 0.01395684 0.02399992 -0.03211855
v 0.01395684 0.02549993 -0.03211855
v 0.01399648 0.02549993 -0.03062134
v 0.01284831 0.02549993 -0.03656423
v 0.01243537 0.02399992 -0.03743422
v 0.01243537 0.02549993 -0.03743422
v 0.01190763 0.02549993 -0.03836506
v 0.00929904 0.02549993 -0.04146695
v 0.00897467 0.02399992 -0.04174631
v 0.00897467 0.02549993 -0.04174631
v 0.00768602 0.02549993 -0.04270249
v 0.0066759 0.02399992 -0.04330658
v 0.0066759 0.02549993 -0.04330658
v 0.00591123 0.02549993 -0.04369151
v 0.00411427 0.02399992 -0.04438227
v 0.00401187 0.02549993 -0.04441326
v 0.00202805 0.02549993 -0.04485255
v 0.00139076 0.02399992 -0.04493087
v 0.00139076 0.02549993 -0.04493087
v 1.65E-06 0.02549993 -0.04499989
v -0.00138742 0.02399992 -0.04493087
v -0.00138742 0.02549993 -0.04493087
v -0.00202471 0.02549993 -0.04485255
v -0.00411093 0.02399992 -0.04438227
v -0.00400859 0.02549993 -0.04441326
v -0.00590789 0.02549993 -0.04369151
v -0.00667256 0.02399992 -0.04330658
v -0.00667256 0.02549993 -0.04330658
v -0.01091665 0.02549993 -0.03976285
v -0.01071292 0.02549993 -0.04001092
v -0.01091665 0.02399992 -0.03976285
v -0.00929576 0.02549993 -0.04146695
v -0.00897133 0.02399992 -0.04174631
v -0.00897133 0.02549993 -0.04174631
v -0.00768268 0.02549993 -0.04270249
v -0.01190429 0.02549993 -0.03836506
v -0.01243209 0.02399992 -0.03743422
v -0.01243209 0.02549993 -0.03743422
v -0.01284503 0.02549993 -0.03656423
v -0.01390057 0.02549993 -0.03265106
v -0.0139535 0.02399992 -0.03211855
v -0.0139535 0.02549993 -0.03211855
v -0.0139932 0.02549993 -0.03062134
v -0.01389968 0.02399992 -0.02934086
v -0.01389968 0.02549993 -0.02934086
v -0.01379102 0.02549993 -0.02859961
v -0.01329833 0.02399992 -0.02662849
v -0.01329833 0.02549993 -0.02662849
v -0.01079827 0.02399992 0.00699997
v -0.01079827 0.02549993 0.00699997
v -0.01079827 0.02399992 -0.01101601
v -0.01079827 0.02549993 -0.01101601
v 0.00880164 0.02749997 0.00414264
v 0.00880164 0.02749997 -0.01101601
v 0.00849861 0.02749997 0.0037517
v 0.00736821 0.02749997 0.00293046
v -0.01139825 0.02749997 -0.02725297
v -0.01046735 0.02749997 -0.02408486
v -0.00658494 0.02749997 -0.0410307
v 0.00280607 0.02749997 0.00496167
v 0.00350457 0.02749997 0.0037517
v -0.00280279 0.02749997 0.00496167
v -0.00506359 0.02749997 -0.04187852
v 0.00463498 0.02749997 0.00293046
v 0.00890648 0.02749997 -0.01431638
v 0.00658828 0.02749997 -0.0410307
v 0.0092206 0.02749997 -0.01760345
v 0.00974268 0.02749997 -0.02086395
v -0.0097394 0.02749997 -0.02086395
v -0.00921726 0.02749997 -0.01760345
v -0.00890314 0.02749997 -0.01431638
v 0.00850451 0.02749997 0.00830162
v 0.00856119 0.02749997 0.00817668
v 0.00797659 0.02749997 0.00871825
v 0.00173855 0.02749997 -0.04287362
v 1.65E-06 0.02749997 -0.04299998
v 0.00580162 0.02749997 0.00999999
v -0.00402337 0.02749997 0.00871825
v -0.00579828 0.02749997 0.00999999
v -0.00529969 0.02749997 0.00928652
v -0.00646585 0.02749997 0.00992477
v -0.00669682 0.02749997 0.00928652
v -0.00709999 0.02749997 0.00970286
v 0.00343901 0.02749997 -0.04249709
v 0.00646919 0.02749997 0.00992477
v 0.00710326 0.02749997 0.00970286
v 0.00670016 0.02749997 0.00928652
v 0.00767207 0.02749997 0.00934547
v 0.00814712 0.02749997 0.00887042
v 0.00600165 0.02749997 0.00263995
v 0.00506693 0.02749997 -0.04187852
v -0.0087983 0.02749997 0.00414264
v -0.00849527 0.02749997 0.0037517
v -0.0087983 0.02749997 -0.01101601
v -0.00736487 0.02749997 0.00293046
v -0.00599831 0.02749997 0.00263995
v -0.0046317 0.02749997 0.00293046
v -0.0035013 0.02749997 0.0037517
v -0.00173527 0.02749997 -0.04287362
v -0.00343567 0.02749997 -0.04249709
v 0.01047062 0.02749997 -0.02408486
v 0.01140165 0.02749997 -0.02725297
v 0.00797087 0.02749997 -0.03997164
v 0.01182395 0.02749997 -0.02894258
v 0.01199722 0.02749997 -0.03067547
v -0.01182061 0.02749997 -0.02894258
v -0.00796753 0.02749997 -0.03997164
v -0.00918221 0.02749997 -0.03872364
v -0.01020354 0.02749997 -0.03731298
v -0.01100981 0.02749997 -0.03576934
v -0.01199394 0.02749997 -0.03067547
v -0.01158422 0.02749997 -0.03412514
v -0.01191455 0.02749997 -0.03241527
v -0.00855791 0.02749997 0.00817668
v -0.00850123 0.02749997 0.00830162
v -0.00797325 0.02749997 0.00871825
v -0.00814384 0.02749997 0.00887042
v -0.00766879 0.02749997 0.00934547
v 0.01191782 0.02749997 -0.03241527
v 0.0115875 0.02749997 -0.03412514
v 0.00918555 0.02749997 -0.03872364
v 0.01101315 0.02749997 -0.03576934
v 0.01020675 0.02749997 -0.03731298
v 0.00530302 0.02749997 0.00928652
v 0.00402665 0.02749997 0.00871825
v 0.00309169 0.02749997 0.00767994
v 0.00266004 0.02749997 0.00635111
v -0.0026567 0.02749997 0.00635111
v -0.00308847 0.02749997 0.00767994
v -0.01240319 0.02549993 -0.02358222
v -0.01191461 0.02399992 -0.02152246
v -0.01191461 0.02549993 -0.02152246
v -0.01170319 0.02549993 -0.02048528
v -0.01120114 0.02549993 -0.01735007
v -0.01107811 0.02399992 -0.01629877
v -0.01107811 0.02549993 -0.01629877
v -0.01089906 0.02549993 -0.01418948
v 0.01090246 0.02549993 -0.01418948
v 0.01108145 0.02399992 -0.01629877
v 0.01108145 0.02549993 -0.01629877
v 0.01120448 0.02549993 -0.01735007
v 0.01170647 0.02549993 -0.02048528
v 0.01191788 0.02399992 -0.02152246
v 0.01191788 0.02549993 -0.02152246
v 0.0124064 0.02549993 -0.02358222
v 0.00531012 0.02583998 0.00444686
v 0.00515163 0.02219992 0.00452769
v 0.00600165 0.02219992 0.0043
v 0.00515163 0.02583998 0.00452769
v 0.00473827 0.02583998 0.00486237
v 0.0045293 0.02219992 0.00514996
v 0.0045293 0.02583998 0.00514996
v 0.00438476 0.02583998 0.00547463
v 0.00430155 0.02219992 0.00599998
v 0.00430155 0.02583998 0.00599998
v 0.00431096 0.02583998 0.0061776
v 0.0045293 0.02219992 0.00684988
v 0.0045293 0.02583998 0.00684988
v 0.00500238 0.02583998 0.00737524
v 0.00515163 0.02219992 0.00747222
v 0.00515163 0.02583998 0.00747222
v 0.00564814 0.02583998 0.00766277
v 0.00600165 0.02219992 0.00769997
v 0.00600165 0.02583998 0.00769997
v 0.00635505 0.02583998 0.00766277
v 0.00685155 0.02219992 0.00747222
v 0.00685155 0.02583998 0.00747222
v 0.0070008 0.02583998 0.00737524
v 0.00747389 0.02219992 0.00684988
v 0.00747389 0.02583998 0.00684988
v 0.00769234 0.02583998 0.0061776
v 0.00770164 0.02219992 0.00599998
v 0.00770164 0.02583998 0.00599998
v 0.00761843 0.02583998 0.00547463
v 0.00747389 0.02219992 0.00514996
v 0.00747389 0.02583998 0.00514996
v 0.00726491 0.02583998 0.00486237
v 0.00685155 0.02219992 0.00452769
v 0.00685155 0.02583998 0.00452769
v 0.00669306 0.02583998 0.00444686
v 0.00600165 0.02583998 0.0043
v 0.00928414 0.0274409 0.00565189
v 0.00928438 0.02744084 0.00634497
v 0.00917292 0.02746522 0.00699997
v 0.00890476 0.02749222 0.007676
v 0.00916546 0.02746659 0.00497198
v 0.00901747 0.02748829 0.00454527
v -0.00668973 0.02583998 0.00444686
v -0.00684834 0.02219992 0.00452769
v -0.00599831 0.02219992 0.0043
v -0.00684834 0.02583998 0.00452769
v -0.00726169 0.02583998 0.00486237
v -0.00747055 0.02219992 0.00514996
v -0.00747055 0.02583998 0.00514996
v -0.00761509 0.02583998 0.00547463
v -0.00769824 0.02219992 0.00599998
v -0.00769824 0.02583998 0.00599998
v -0.007689 0.02583998 0.0061776
v -0.00747055 0.02219992 0.00684988
v -0.00747055 0.02583998 0.00684988
v -0.00699747 0.02583998 0.00737524
v -0.00684834 0.02219992 0.00747222
v -0.00684834 0.02583998 0.00747222
v -0.00635171 0.02583998 0.00766277
v -0.00599831 0.02219992 0.00769997
v -0.00599831 0.02583998 0.00769997
v -0.0056448 0.02583998 0.00766277
v -0.00514823 0.02219992 0.00747222
v -0.00514823 0.02583998 0.00747222
v -0.0049991 0.02583998 0.00737524
v -0.00452602 0.02219992 0.00684988
v -0.00452602 0.02583998 0.00684988
v -0.00430757 0.02583998 0.0061776
v -0.00429833 0.02219992 0.00599998
v -0.00429833 0.02583998 0.00599998
v -0.00438154 0.02583998 0.00547463
v -0.00452602 0.02219992 0.00514996
v -0.00452602 0.02583998 0.00514996
v -0.00473493 0.02583998 0.00486237
v -0.00514823 0.02219992 0.00452769
v -0.00514823 0.02583998 0.00452769
v -0.00530678 0.02583998 0.00444686
v -0.00599831 0.02583998 0.0043
v -0.0092811 0.02744084 0.00634497
v -0.00916964 0.02746522 0.00699997
v -0.00928098 0.02744084 0.00565386
v -0.00916213 0.02746659 0.00497198
v -0.00901341 0.02748835 0.0045436
v -0.00890148 0.02749222 0.007676
v -0.00197041 0.023 -0.03771638
v -0.00378275 0.023 -0.03688871
v -0.00528854 0.023 -0.03558403
v -0.00636572 0.023 -0.03390789
v -0.00692707 0.023 -0.03199619
v -0.00692707 0.023 -0.03000378
v -0.00636572 0.023 -0.02809208
v -0.00528854 0.023 -0.02641594
v -0.00378275 0.023 -0.02511113
v -0.00197041 0.023 -0.02428346
v 1.65E-06 0.023 -0.02399992
v 0.00197375 0.023 -0.02428346
v 0.00378609 0.023 -0.02511113
v 0.00529188 0.023 -0.02641594
v 0.00636905 0.023 -0.02809208
v 0.00693035 0.023 -0.03000378
v 0.00693035 0.023 -0.03199619
v 0.00636905 0.023 -0.03390789
v 0.00529188 0.023 -0.03558403
v 0.00378609 0.023 -0.03688871
v 0.00197375 0.023 -0.03771638
v 1.65E-06 0.023 -0.03799992
v 0.00600165 0.023 -0.03099989
v 0.00570798 0.023 -0.02914583
v 0.00485569 0.023 -0.02747327
v 0.0035283 0.023 -0.02614587
v 0.00185573 0.023 -0.02529358
v 1.65E-06 0.023 -0.02499997
v -0.00185239 0.023 -0.02529358
v -0.00352496 0.023 -0.02614587
v -0.00485241 0.023 -0.02747327
v -0.00570464 0.023 -0.02914583
v -0.00599831 0.023 -0.03099989
v -0.00570464 0.023 -0.03285408
v -0.00485241 0.023 -0.0345267
v -0.00352496 0.023 -0.0358541
v -0.00185239 0.023 -0.03670626
v 1.65E-06 0.023 -0.037
v 0.00185573 0.023 -0.03670626
v 0.0035283 0.023 -0.0358541
v 0.00485569 0.023 -0.0345267
v 0.00570798 0.023 -0.03285408
v -0.00185239 0.01999998 -0.03670626
v -0.00352496 0.01999998 -0.0358541
v -0.00485241 0.01999998 -0.0345267
v -0.00570464 0.01999998 -0.03285408
v -0.00599831 0.01999998 -0.03099989
v -0.00570464 0.01999998 -0.02914583
v -0.00485241 0.01999998 -0.02747327
v -0.00352496 0.01999998 -0.02614587
v -0.00185239 0.01999998 -0.02529358
v 1.65E-06 0.01999998 -0.02499997
v 0.00185573 0.01999998 -0.02529358
v 0.0035283 0.01999998 -0.02614587
v 0.00485569 0.01999998 -0.02747327
v 0.00570798 0.01999998 -0.02914583
v 0.00600165 0.01999998 -0.03099989
v 0.00570798 0.01999998 -0.03285408
v 0.00485569 0.01999998 -0.0345267
v 0.0035283 0.01999998 -0.0358541
v 0.00185573 0.01999998 -0.03670626
v 1.65E-06 0.01999998 -0.037
v 1.65E-06 0.01949989 -0.02549993
v -0.00169784 0.01949989 -0.02576917
v 1.65E-06 0.01949989 -0.03099989
v 0.00170118 0.01949989 -0.02576917
v 0.00523245 0.01949989 -0.02930039
v 0.00445121 0.01949989 -0.02776718
v 0.00323445 0.01949989 -0.02655041
v 0.00445121 0.01949989 -0.03423279
v 0.00523245 0.01949989 -0.03269958
v 0.00550157 0.01949989 -0.03099989
v 1.65E-06 0.01949989 -0.03649991
v 0.00170118 0.01949989 -0.0362308
v 0.00323445 0.01949989 -0.03544956
v -0.00444794 0.01949989 -0.03423279
v -0.00323111 0.01949989 -0.03544956
v -0.00169784 0.01949989 -0.0362308
v -0.00522912 0.01949989 -0.02930039
v -0.00549829 0.01949989 -0.03099989
v -0.00522912 0.01949989 -0.03269958
v -0.00323111 0.01949989 -0.02655041
v -0.00444794 0.01949989 -0.02776718
v -0.01067292 0.02549993 0.00811255
v -0.01055353 0.02399992 0.00854504
v -0.00984341 0.02399992 0.0099389
v -0.01030308 0.02549993 0.0091694
v -0.01055353 0.02549993 0.00854504
v -0.00873727 0.02549993 0.01104497
v -0.00891578 0.02549993 0.01090914
v -0.00873727 0.02399992 0.01104497
v -0.00970745 0.02549993 0.01011741
v -0.00984341 0.02549993 0.0099389
v -0.00796771 0.02549993 0.01150476
v -0.00734341 0.02399992 0.01175522
v -0.00734341 0.02549993 0.01175522
v -0.00691092 0.02549993 0.01187455
v 0.00691426 0.02549993 0.01187455
v 0.00734663 0.02399992 0.01175522
v 0.00874054 0.02399992 0.01104497
v 0.00797105 0.02549993 0.01150476
v 0.00734663 0.02549993 0.01175522
v 0.00984669 0.02549993 0.0099389
v 0.00971079 0.02549993 0.01011741
v 0.00984669 0.02399992 0.0099389
v 0.00891906 0.02549993 0.01090914
v 0.00874054 0.02549993 0.01104497
v 0.01030641 0.02549993 0.0091694
v 0.01055687 0.02399992 0.00854504
v 0.01055687 0.02549993 0.00854504
v 0.01067626 0.02549993 0.00811255
v -0.01198548 0.0274021 -0.02705997
v -0.01106554 0.0274021 -0.02392953
v -0.01251506 0.02711796 -0.02688586
v -0.0116052 0.02711796 -0.0237894
v -0.0129354 0.02667552 -0.02674776
v -0.01203346 0.02667552 -0.02367818
v -0.01320528 0.02611804 -0.02665907
v -0.01160705 0.02611804 -0.02050375
v -0.01230835 0.02611804 -0.02360671
v -0.01110398 0.02611804 -0.01736253
v -0.01080143 0.02611804 -0.01419568
v -0.01070046 0.02611804 -0.01101601
v -0.01051795 0.02667552 -0.01421368
v -0.01082223 0.02667552 -0.01739853
v -0.0113281 0.02667552 -0.02055758
v -0.01089364 0.02711796 -0.02064132
v -0.0103833 0.02711796 -0.01745456
v -0.01007634 0.02711796 -0.01424175
v -0.01053035 0.02649992 -0.01101601
v -0.01041626 0.02667552 -0.01101601
v -0.00997388 0.02711796 -0.01101601
v -0.00979835 0.02723205 -0.01101601
v -0.01034623 0.0274021 -0.020747
v -0.0098303 0.0274021 -0.01752519
v -0.00951993 0.0274021 -0.01427716
v -0.00941634 0.0274021 -0.01101601
v -0.00979835 0.02723205 0.00699997
v -0.00941634 0.0274021 0.00699997
v -0.00997388 0.02711796 0.00699997
v -0.01041626 0.02667552 0.00699997
v -0.01053035 0.02649992 0.00699997
v -0.01070046 0.02611804 0.00699997
v 0.01389867 0.02611804 -0.03062403
v 0.01275855 0.02611804 -0.03652524
v 0.01182436 0.02611804 -0.03831356
v 0.01064121 0.02611804 -0.03994786
v 0.00763232 0.02611804 -0.04262065
v 1.65E-06 0.02611804 -0.04490202
v -0.00762898 0.02611804 -0.04262065
v -0.01182115 0.02611804 -0.03831356
v -0.0134207 0.02611804 -0.03462058
v -0.01389533 0.02611804 -0.03062403
v -0.01242947 0.0274021 -0.02883654
v -0.01261168 0.0274021 -0.03065878
v -0.01297879 0.02711796 -0.028741
v -0.01316905 0.02711796 -0.0306437
v -0.01341468 0.02667552 -0.02866512
v -0.01361131 0.02667552 -0.03063172
v -0.01369458 0.02611804 -0.02861636
v -0.01157695 0.0274021 -0.03601497
v -0.01072913 0.0274021 -0.03763806
v -0.01208853 0.02711796 -0.03623652
v -0.01120316 0.02711796 -0.03793144
v -0.01249456 0.02667552 -0.03641235
v -0.01157957 0.02667552 -0.03816413
v -0.01275527 0.02611804 -0.03652524
v -0.00837797 0.0274021 -0.04043376
v -0.00692415 0.0274021 -0.04154729
v -0.00874823 0.02711796 -0.04085052
v -0.00723022 0.02711796 -0.04201334
v -0.00904208 0.02667552 -0.04118132
v -0.00747311 0.02667552 -0.04238325
v -0.00923073 0.02611804 -0.04139375
v -0.00182468 0.0274021 -0.0434851
v 1.65E-06 0.0274021 -0.04361802
v -0.00190544 0.02711796 -0.0440368
v 1.65E-06 0.02711796 -0.04417556
v -0.00196952 0.02667552 -0.0444746
v 1.65E-06 0.02667552 -0.04461801
v -0.00201064 0.02611804 -0.04475563
v 0.00532788 0.0274021 -0.04243868
v 0.00692749 0.0274021 -0.04154729
v 0.0055632 0.02711796 -0.04294419
v 0.00723356 0.02711796 -0.04201334
v 0.00575 0.02667552 -0.04334533
v 0.00747639 0.02667552 -0.04238325
v 0.00586986 0.02611804 -0.04360282
v 0.01253151 0.0274021 -0.03248804
v 0.01261502 0.0274021 -0.03065878
v 0.01308518 0.02711796 -0.03255391
v 0.01317232 0.02711796 -0.0306437
v 0.01352459 0.02667552 -0.03260606
v 0.01361471 0.02667552 -0.03063172
v 0.0138067 0.02611804 -0.03263956
v -0.01380342 0.02611804 -0.03263956
v -0.01352131 0.02667552 -0.03260606
v -0.0130819 0.02711796 -0.03255391
v -0.0125283 0.0274021 -0.03248804
v -0.01218092 0.0274021 -0.03428614
v -0.01271921 0.02711796 -0.03443127
v -0.0131464 0.02667552 -0.03454661
v -0.01063793 0.02611804 -0.03994786
v -0.01042056 0.02667552 -0.03976505
v -0.01008188 0.02711796 -0.03948026
v -0.00965524 0.0274021 -0.03912138
v -0.00586659 0.02611804 -0.04360282
v -0.0057466 0.02667552 -0.04334533
v -0.00555992 0.02711796 -0.04294419
v -0.00532454 0.0274021 -0.04243868
v -0.0036127 0.0274021 -0.04308927
v -0.00377238 0.02711796 -0.04362338
v -0.00389916 0.02667552 -0.04404729
v -0.00398052 0.02611804 -0.04431951
v 0.00201386 0.02611804 -0.04475563
v 0.00197273 0.02667552 -0.0444746
v 0.00190878 0.02711796 -0.0440368
v 0.00182807 0.0274021 -0.0434851
v 0.00361598 0.0274021 -0.04308927
v 0.00377566 0.02711796 -0.04362338
v 0.00390244 0.02667552 -0.04404729
v 0.00398385 0.02611804 -0.04431951
v 0.00923401 0.02611804 -0.04139375
v 0.00904536 0.02667552 -0.04118132
v 0.00875151 0.02711796 -0.04085052
v 0.00838131 0.0274021 -0.04043376
v 0.00965858 0.0274021 -0.03912138
v 0.01008516 0.02711796 -0.03948026
v 0.01042383 0.02667552 -0.03976505
v 0.01158285 0.02667552 -0.03816413
v 0.0112065 0.02711796 -0.03793144
v 0.01073241 0.0274021 -0.03763806
v 0.0124979 0.02667552 -0.03641235
v 0.01209181 0.02711796 -0.03623652
v 0.01158022 0.0274021 -0.03601497
v 0.01342391 0.02611804 -0.03462058
v 0.01314967 0.02667552 -0.03454661
v 0.01272255 0.02711796 -0.03443127
v 0.01218426 0.0274021 -0.03428614
v 0.01369786 0.02611804 -0.02861636
v 0.01341795 0.02667552 -0.02866512
v 0.01298213 0.02711796 -0.028741
v 0.01243281 0.0274021 -0.02883654
v 0.01198869 0.0274021 -0.02705997
v 0.01251834 0.02711796 -0.02688586
v 0.01293867 0.02667552 -0.02674776
v 0.01320856 0.02611804 -0.02665907
v -0.01021498 0.02611804 0.0091269
v -0.00963092 0.02611804 0.01005631
v -0.00792527 0.02611804 0.01141661
v -0.00932562 0.0274021 0.00780505
v -0.00579828 0.0274021 0.01061803
v -0.00660336 0.0274021 0.01052731
v -0.00579828 0.02723205 0.01099991
v -0.00672746 0.02711796 0.01107078
v -0.00986922 0.02711796 0.00792915
v -0.01030051 0.02667552 0.00802755
v -0.00688916 0.02611804 0.01177912
v -0.00579828 0.02649992 0.01173204
v -0.00682586 0.02667552 0.01150214
v -0.00579828 0.02667552 0.01161795
v -0.00579828 0.02711796 0.01117557
v -0.00736815 0.0274021 0.01025962
v -0.00761002 0.02711796 0.01076197
v -0.00780195 0.02667552 0.01116067
v -0.00579828 0.02611804 0.01190209
v -0.00885475 0.02611804 0.01083254
v -0.0086776 0.02667552 0.01061052
v -0.00840175 0.02711796 0.01026451
v -0.00805414 0.0274021 0.00982869
v -0.008627 0.0274021 0.00925577
v -0.00906289 0.02711796 0.00960338
v -0.00940883 0.02667552 0.00987929
v -0.00995904 0.02667552 0.00900364
v -0.00956041 0.02711796 0.00881171
v -0.00905806 0.0274021 0.00856978
v -0.01057744 0.02611804 0.00809079
v 0.01231169 0.02611804 -0.02360671
v 0.01110732 0.02611804 -0.01736253
v 0.01070374 0.02611804 -0.01101601
v 0.01080477 0.02611804 -0.01419568
v 0.01053369 0.02649992 -0.01101601
v 0.01052123 0.02667552 -0.01421368
v 0.01007968 0.02711796 -0.01424175
v 0.00997722 0.02711796 -0.01101601
v 0.0104196 0.02667552 -0.01101601
v 0.00952327 0.0274021 -0.01427716
v 0.00941968 0.0274021 -0.01101601
v 0.00980163 0.02723205 -0.01101601
v 0.00983363 0.0274021 -0.01752519
v 0.01038664 0.02711796 -0.01745456
v 0.01082557 0.02667552 -0.01739853
v 0.01161032 0.02611804 -0.02050375
v 0.01133137 0.02667552 -0.02055758
v 0.01089698 0.02711796 -0.02064132
v 0.01034951 0.0274021 -0.020747
v 0.0120368 0.02667552 -0.02367818
v 0.01160854 0.02711796 -0.0237894
v 0.01106888 0.0274021 -0.02392953
v 0.00580162 0.0274021 0.01061803
v 0.00580162 0.02723205 0.01099991
v 0.00580162 0.02711796 0.01117557
v 0.00580162 0.02667552 0.01161795
v 0.00580162 0.02649992 0.01173204
v 0.00580162 0.02611804 0.01190209
v 0.00980163 0.02723205 0.00699997
v 0.00941968 0.0274021 0.00699997
v 0.00997722 0.02711796 0.00699997
v 0.0104196 0.02667552 0.00699997
v 0.01053369 0.02649992 0.00699997
v 0.01070374 0.02611804 0.00699997
v 0.00792855 0.02611804 0.01141661
v 0.00885802 0.02611804 0.01083254
v 0.01021826 0.02611804 0.0091269
v 0.0066067 0.0274021 0.01052731
v 0.00906134 0.0274021 0.00856978
v 0.00932896 0.0274021 0.00780505
v 0.0098725 0.02711796 0.00792915
v 0.00673074 0.02711796 0.01107078
v 0.0068292 0.02667552 0.01150214
v 0.01058077 0.02611804 0.00809079
v 0.01030385 0.02667552 0.00802755
v 0.00956368 0.02711796 0.00881171
v 0.00996232 0.02667552 0.00900364
v 0.00963426 0.02611804 0.01005631
v 0.00941217 0.02667552 0.00987929
v 0.00906622 0.02711796 0.00960338
v 0.00863033 0.0274021 0.00925577
v 0.00805742 0.0274021 0.00982869
v 0.00840503 0.02711796 0.01026451
v 0.00868094 0.02667552 0.01061052
v 0.00780523 0.02667552 0.01116067
v 0.0076133 0.02711796 0.01076197
v 0.00737137 0.0274021 0.01025962
v 0.00689238 0.02611804 0.01177912
v -0.00872809 0.02219992 0.00537694
v -0.00818747 0.02219992 0.00425416
v -0.00721318 0.02219992 0.00347728
v -0.00599831 0.02219992 0.00319993
v -0.00478345 0.02219992 0.00347728
v -0.00380915 0.02219992 0.00425416
v -0.00326848 0.02219992 0.00537694
v -0.00326848 0.02219992 0.00662297
v -0.00380915 0.02219992 0.00774568
v -0.00478345 0.02219992 0.00852269
v -0.00599831 0.02219992 0.00879997
v -0.00721318 0.02219992 0.00852269
v -0.00818747 0.02219992 0.00774568
v -0.00872809 0.02219992 0.00662297
v -0.0072999 0.02239996 0.00329709
v -0.00834381 0.02239996 0.00412947
v -0.00892311 0.02239996 0.00533241
v -0.00892311 0.02239996 0.00666755
v -0.00834381 0.02239996 0.00787044
v -0.0072999 0.02239996 0.00870287
v -0.00599831 0.02239996 0.00899994
v -0.00469667 0.02239996 0.00870287
v -0.00365281 0.02239996 0.00787044
v -0.00307345 0.02239996 0.00666755
v -0.00307345 0.02239996 0.00533241
v -0.00365281 0.02239996 0.00412947
v -0.00469667 0.02239996 0.00329709
v -0.00599831 0.02239996 0.00299996
v 0.00327182 0.02219992 0.00537694
v 0.00381243 0.02219992 0.00425416
v 0.00478667 0.02219992 0.00347728
v 0.00600165 0.02219992 0.00319993
v 0.00721651 0.02219992 0.00347728
v 0.00819075 0.02219992 0.00425416
v 0.00873142 0.02219992 0.00537694
v 0.00873142 0.02219992 0.00662297
v 0.00819075 0.02219992 0.00774568
v 0.00721651 0.02219992 0.00852269
v 0.00600165 0.02219992 0.00879997
v 0.00478667 0.02219992 0.00852269
v 0.00381243 0.02219992 0.00774568
v 0.00327182 0.02219992 0.00662297
v 0.00469994 0.02239996 0.00329709
v 0.00365609 0.02239996 0.00412947
v 0.00307685 0.02239996 0.00533241
v 0.00307685 0.02239996 0.00666755
v 0.00365609 0.02239996 0.00787044
v 0.00469994 0.02239996 0.00870287
v 0.00600165 0.02239996 0.00899994
v 0.00730324 0.02239996 0.00870287
v 0.00834709 0.02239996 0.00787044
v 0.00892639 0.02239996 0.00666755
v 0.00892639 0.02239996 0.00533241
v 0.00834709 0.02239996 0.00412947
v 0.00730324 0.02239996 0.00329709
v 0.00600165 0.02239996 0.00299996
vn -0.92339 0 -0.38386
vn -0.96587 0.00963 -0.25883
vn -0.79289 0 -0.60937
vn -0.70707 0.00993 -0.70707
vn -0.60806 0 -0.79389
vn -0.36415 0 -0.93134
vn -0.25877 0.01022 -0.96589
vn -0.11118 2E-05 -0.9938
vn 0.70711 0 -0.70711
vn 0.79042 0.02236 -0.61215
vn 0.60828 0 -0.79372
vn 0.25876 0 -0.96594
vn 0.37632 0.02122 -0.92625
vn 0.12939 -3E-05 -0.99159
vn 0.96585 0.01179 0.25883
vn 0.99141 0 0.13083
vn 0.96592 0 -0.25884
vn 0.99102 0.02322 -0.13171
vn 0.92374 0 -0.38301
vn 0.70706 0.0115 0.70706
vn 0.79284 0 0.60943
vn 0.92373 0 0.38304
vn 0.25883 0.01101 0.96586
vn 0.38205 0 0.92414
vn 0.6082 0 0.79378
vn -0.25885 0.01023 0.96586
vn -0.11084 0 0.99384
vn 0.12984 0 0.99153
vn -0.70707 0.00993 0.70707
vn -0.60792 0 0.794
vn -0.36429 0 0.93129
vn -0.99127 0 -0.13187
vn -0.99139 0 0.13097
vn -0.96587 0.00964 0.25883
vn -0.9238 0 0.38287
vn -0.79279 0 0.6095
vn -0.60831 0 -0.7937
vn -0.70706 0.0115 -0.70706
vn -0.382 0 -0.92416
vn -0.25874 0.011 -0.96588
vn -0.12967 0 -0.99156
vn 0.13025 0 -0.99148
vn 0.25874 0.01043 -0.96589
vn 0.38247 0 -0.92397
vn 0.60531 0 -0.79599
vn 0.70707 0.00992 -0.70707
vn 0.78634 0.00055 -0.61779
vn 0.9209 -0.00052 -0.38981
vn 0.96587 0.00963 -0.25883
vn 0.99133 0 -0.13137
vn 0.99136 0 0.13119
vn 0.96587 0.00964 0.25883
vn 0.92359 0 0.38339
vn 0.79056 0 0.61239
vn 0.70707 0.00992 0.70707
vn 0.60519 0 0.79608
vn 0.38257 0 0.92393
vn 0.25883 0.01043 0.96587
vn 0.13051 0 0.99145
vn -0.70711 0 0.70711
vn -0.79043 0.02236 0.61214
vn -0.60809 0 0.79387
vn -0.25884 0 0.96592
vn -0.37638 0.02122 0.92622
vn -0.12987 0 0.99153
vn -0.79292 0 -0.60932
vn -0.92358 0 -0.3834
vn -0.96588 0.01179 -0.25874
vn -0.99135 0 -0.13125
vn -0.96594 0 0.25876
vn -0.99106 0.02327 0.13136
vn -0.92383 0 0.38281
vn 0.60822 0 -0.79377
vn 0.70706 -0.01151 -0.70706
vn 0.46484 0 -0.88539
vn 0.25875 -0.00584 -0.96593
vn 0.21951 0 -0.97561
vn -0.13027 0 -0.99148
vn -0.25877 -0.01043 -0.96588
vn -0.38247 0 -0.92397
vn -0.60806 0 -0.79389
vn -0.70707 -0.00992 -0.70707
vn -0.79274 0 -0.60956
vn -0.92359 0 -0.38339
vn -0.96587 -0.00964 -0.25883
vn -0.99136 0 -0.13119
vn -0.99136 0 0.13119
vn -0.96587 -0.00964 0.25883
vn -0.92359 0 0.38339
vn -0.79279 0 0.6095
vn -0.70707 -0.00993 0.70707
vn -0.60792 0 0.794
vn -0.38257 0 0.92393
vn -0.25885 -0.01042 0.96586
vn -0.13053 0 0.99144
vn 0.70711 0 0.70711
vn 0.79043 -0.02236 0.61214
vn 0.60787 2E-05 0.79404
vn 0.25884 -4E-05 0.96592
vn 0.45598 -0.03603 0.88926
vn 0.21961 0 0.97559
vn 0.79301 0 -0.60921
vn 0.92358 0 -0.3834
vn 0.96585 -0.01178 -0.25883
vn 0.99133 0 -0.13143
vn 0.96592 0 0.25884
vn 0.99106 -0.02328 0.13136
vn 0.92389 0 0.38265
vn 0.92339 0 -0.38386
vn 0.96587 -0.00963 -0.25883
vn 0.7928 0 -0.60948
vn 0.70707 -0.00992 -0.70707
vn 0.60814 0 -0.79383
vn 0.3824 0 -0.924
vn 0.25874 -0.01043 -0.96589
vn 0.13027 0 -0.99148
vn -0.70711 0 -0.70711
vn -0.79042 -0.02236 -0.61215
vn -0.60828 0 -0.79372
vn -0.25876 0 -0.96594
vn -0.37626 -0.02121 -0.92627
vn -0.12973 0 -0.99155
vn -0.96588 -0.01178 0.25874
vn -0.99141 0 0.13083
vn -0.96594 0 -0.25876
vn -0.99104 -0.02323 -0.13153
vn -0.92374 0 -0.38301
vn -0.70706 -0.0115 0.70706
vn -0.79284 0 0.60943
vn -0.9238 0 0.38288
vn -0.25883 -0.01101 0.96586
vn -0.38198 0 0.92417
vn -0.6082 0 0.79378
vn 0.25883 -0.01043 0.96587
vn 0.13029 0 0.99148
vn 0.70707 -0.00992 0.70707
vn 0.60801 0 0.79393
vn 0.38249 0 0.92396
vn 0.99127 0 -0.13187
vn 0.99136 0 0.13115
vn 0.96587 -0.00963 0.25883
vn 0.92368 0 0.38316
vn 0.7927 0 0.60961
vn 0 0 1
vn -0 0 1
vn 0 0 1
vn 0 0 1
vn -0 0 1
vn 0 0 1
vn 0 0 1
vn -0 0 1
vn 0 0 1
vn 0 0 1
vn -0 0 1
vn -0 0 1
vn -0 0 1
vn 0 0 1
vn -0 0 1
vn 0 0 1
vn -0 0 1
vn -0 0 1
vn -0 0 1
vn 0 0 1
vn -0 0 1
vn 0 0 1
vn -0 0 1
vn 0.95425 -0.29902 0
vn 0.63109 -0.77571 -6E-05
vn 0.65824 -0.75262 -0.01666
vn 0.64505 -0.76408 -0.00952
vn 0.62774 -0.77841 -0.00376
vn 0.61365 -0.78958 -0.00115
vn 0.60046 -0.79966 0
vn 0.5965 -0.8026 -0.00353
vn 0.5965 -0.8026 -0.00353
vn 0.5957 -0.8032 0.00018
vn 0.59175 -0.80612 -0.00119
vn 0.59175 -0.80612 -0.00119
vn 0.59366 -0.80471 0.00072
vn 0.59366 -0.80471 0.00072
vn 0.59366 -0.80471 0.00072
vn 0.59113 -0.80657 5E-05
vn 0.5936 -0.80476 0.00271
vn 0.59077 -0.80684 0.00141
vn 0.59278 -0.80535 0.00506
vn 0.59295 -0.80522 0.00525
vn 0.6641 -0.74765 0
vn 0.65571 -0.755 0.00523
vn 0.65062 -0.7594 -0.00151
vn 0.59494 -0.80374 0.00705
vn 0.6022 -0.79759 0.0347
vn 0.60366 -0.79636 0.03756
vn 0.59462 -0.80384 0.01629
vn 0.60191 -0.79818 0.02486
vn 0.59308 -0.80509 0.00965
vn 0.99639 -0.08382 0.01343
vn 0.99909 -0.04255 0
vn 0.99909 0.04255 0
vn 0.99639 0.08382 0.01343
vn 0.95664 0.29125 -0.00199
vn 0.97596 0.21795 0.00271
vn 0.97769 0.21004 0
vn 0.99201 0.12615 0
vn 0.59623 0.80267 0.01505
vn 0.59709 0.80187 0.02202
vn 0.60366 0.79636 0.03756
vn 0.60323 0.79757 -0.00024
vn 0.59583 0.80311 0
vn 0.59586 0.80309 -0.00029
vn 0.5926 0.8055 1E-05
vn 0.59301 0.80519 -1E-05
vn 0.59301 0.80519 -1E-05
vn 0.59301 0.80519 -1E-05
vn 0.59125 0.80649 0.00028
vn 0.59206 0.80589 0.00116
vn 0.5911 0.8066 0.00201
vn 0.59289 0.80527 0.00526
vn 0.59294 0.80523 0.00512
vn 0.59307 0.80509 0.00964
vn 0.61571 0.78797 -0.00133
vn 0.62947 0.77701 -0.00433
vn 0.63108 0.7757 -0.00486
vn 0.77455 -0.63252 -0.00022
vn 0.78153 -0.62387 1E-05
vn 0.76095 -0.6488 -0.00228
vn 0.74277 -0.66949 -0.00875
vn 0.75262 -0.65845 -0.0028
vn 0.71869 -0.69533 0.00067
vn 0.69479 -0.7192 -0.00262
vn 0.69505 -0.71896 -0.00272
vn 0.67558 -0.73728 3E-05
vn 0.82065 -0.57121 -0.01566
vn 0.82945 -0.55852 -0.00877
vn 0.78863 -0.61487 -2E-05
vn 0.80588 -0.59208 -0.00179
vn 0.85257 -0.52238 0.01549
vn 0.67575 -0.73713 -0.00027
vn 0.69102 -0.72161 0.04209
vn 0.68506 -0.67236 0.28039
vn 0.72339 -0.68431 0.09179
vn 0.74222 -0.67012 0.00638
vn 0.76984 -0.63817 -0.00906
vn 0.7643 -0.64479 0.01012
vn 0.77598 -0.63076 -4E-05
vn 0.81818 -0.57497 0.00024
vn 0.81056 -0.58518 0.02359
vn 0.86054 -0.50263 -0.08265
vn 0.82959 -0.55794 0.02199
vn 0.83516 -0.54991 0.01073
vn 0.75877 0.65135 -0.00277
vn 0.76986 0.63819 0.00531
vn 0.77588 0.63088 0
vn 0.74226 0.67008 0.00636
vn 0.72336 0.68431 0.092
vn 0.68506 0.67236 0.28039
vn 0.69191 0.71959 0.05876
vn 0.69191 0.71959 0.05876
vn 0.67775 0.73529 -0.00042
vn 0.65572 0.75501 0.0002
vn 0.66 0.75119 0.01099
vn 0.66 0.75119 0.01099
vn 0.66 0.75119 0.01099
vn 0.59339 0.80164 -0.07251
vn 0.61116 0.78822 0.07199
vn 0.60218 0.79761 0.03467
vn 0.85434 0.51941 -0.01743
vn 0.84185 0.53971 -3E-05
vn 0.83518 0.54988 0.01069
vn 0.82962 0.5579 0.02193
vn 0.78836 0.61522 0
vn 0.81814 0.57494 0.00957
vn 0.86055 0.50263 -0.08259
vn 0.6538 0.75667 0
vn 0.67576 0.73712 0
vn 0.69479 0.7192 -0.00268
vn 0.69505 0.71896 -0.00259
vn 0.75261 0.65844 0.00556
vn 0.7204 0.69321 -0.02184
vn 0.74281 0.66945 -0.00872
vn 0.76096 0.6488 -0.00227
vn 0.776 0.63073 0
vn 0.80588 0.59208 0
vn 0.79401 0.60788 -0.00586
vn 0.85257 0.52238 0.01549
vn 0.84187 -0.53968 -5E-05
vn 0.84183 -0.53974 0
vn 0.90086 -0.43411 0
vn 0.89401 -0.44803 0.00322
vn 0.93407 -0.35707 -0.00267
vn 0.92842 -0.37153 0
vn 0.95425 -0.29902 0
vn 0.95664 -0.29125 -0.00199
vn 0.97596 -0.21795 0.00271
vn 0.97769 -0.21004 0
vn 0.99201 -0.12615 0
vn 0.95425 0.29902 0
vn 0.95425 0.29902 0
vn 0.93408 0.35707 0
vn 0.92842 0.37153 -0.00175
vn 0.90086 0.43411 0.00231
vn 0.89402 0.44803 0
vn 0.84027 0.54216 0
vn 0.82063 0.57125 -0.01569
vn -0.96959 -0.24136 0.04061
vn -0.95775 -0.28761 0
vn -0.99371 -0.11196 0
vn -0.99371 -0.11195 0
vn -0.99774 0.06726 0
vn -0.99774 0.06726 0
vn -0.97556 0.21971 0
vn -0.96957 0.24432 0.01549
vn -0.7155 -0.69861 0.00209
vn -0.66194 -0.74949 0.01045
vn -0.67462 -0.73804 0.01335
vn -0.69558 -0.71779 0.03065
vn -0.67709 -0.73568 0.01818
vn -0.6497 -0.76016 0.00587
vn -0.6406 -0.76786 0.00336
vn -0.63276 -0.77435 0.00169
vn -0.63763 -0.77033 -0.00495
vn -0.64615 -0.76315 -0.00951
vn -0.65731 -0.7534 -0.01824
vn -0.65044 -0.75949 -0.01051
vn -0.68254 -0.73085 -0.00044
vn -0.69889 -0.71523 0.00035
vn -0.71595 -0.69813 -0.00469
vn -0.71573 -0.69836 -0.00484
vn -0.73071 -0.68268 -4E-05
vn -0.77359 -0.63369 3E-05
vn -0.75709 -0.6528 -0.02563
vn -0.82581 -0.56078 0.0597
vn -0.78427 -0.61939 -0.0358
vn -0.79354 -0.60817 -0.02051
vn -0.79937 -0.6008 0.00687
vn -0.78724 -0.61644 0.01618
vn -0.77627 -0.62988 0.02556
vn -0.79561 -0.60579 0.00589
vn -0.7442 -0.66796 0
vn -0.73078 -0.68262 0
vn 0.75568 -0.65454 0.0229
vn 0.76739 -0.64101 0.01467
vn 0.7767 -0.62981 0.0092
vn 0.78958 -0.61363 -0.00483
vn 0.78147 -0.62382 -0.01236
vn 0.77318 -0.63381 -0.02185
vn 0.76257 -0.64584 -0.03724
vn 0.76957 -0.6381 -0.02409
vn 0.73162 -0.6817 -0.00344
vn 0.70922 -0.70499 0.00203
vn 0.62381 -0.78148 -0.01228
vn 0.71526 -0.69886 0
vn 0.69883 -0.71529 0
vn 0.64577 -0.76334 -0.017
vn 0.66469 -0.74506 -0.05537
vn 0.57318 -0.81585 0.07649
vn 0.64594 -0.76248 -0.03729
vn 0.63379 -0.7732 -0.02175
vn 0.61772 -0.78639 0.00427
vn 0.62971 -0.77678 0.00915
vn 0.64105 -0.76736 0.01469
vn 0.65453 -0.75569 0.02288
vn 0.67136 -0.74027 0.03576
vn 0.64086 -0.76762 0.00789
vn 0.69888 -0.71524 0
vn 0.76764 -0.64088 0
vn 0.71926 -0.69249 0.05594
vn 0.74025 -0.67138 0.03577
vn 0.69344 0.72051 -0.00328
vn 0.77035 0.6376 -0.00494
vn 0.76311 0.64619 -0.00953
vn 0.69877 0.71535 -0.00102
vn 0.71516 0.69896 0.00059
vn 0.7552 0.65543 -0.00949
vn 0.74008 0.67163 -0.03468
vn 0.75342 0.65729 -0.01822
vn 0.77445 0.63264 0.00166
vn 0.76791 0.64055 0.00335
vn 0.76007 0.64982 0.0059
vn 0.71586 0.69821 0.00692
vn 0.73802 0.67458 0.01652
vn 0.7357 0.67706 0.01817
vn 0.74956 0.66186 0.01041
vn 0.57522 0.81792 0.01131
vn 0.69867 0.71544 0.00209
vn 0.68272 0.73068 0
vn 0.60578 0.79563 -5E-05
vn 0.64519 0.76306 0.03841
vn 0.62992 0.77624 0.02559
vn 0.59628 0.80274 -0.00765
vn 0.60813 0.79357 -0.02047
vn 0.55569 0.83007 0.04672
vn 0.63765 0.77011 -0.01797
vn 0.62854 0.77773 -0.00785
vn 0.66791 0.74424 2E-05
vn 0.68275 0.73065 0
vn -0.39947 0.9163 0.02862
vn -0.41258 0.91075 0.01788
vn -0.42724 0.90411 0.00732
vn -0.42384 0.90571 -0.00695
vn -0.40751 0.91307 -0.0153
vn -0.23244 0.97256 -0.01027
vn -0.2451 0.96937 -0.01558
vn -0.39353 0.91902 -0.02322
vn -0.37749 0.9254 -0.03353
vn -0.45086 0.89233 0.02177
vn -0.34307 0.93925 -0.01024
vn -0.36911 0.92939 0
vn -0.32294 0.94642 0
vn -0.28741 0.9578 -0.00255
vn -0.30631 0.95189 -0.00917
vn -0.20034 0.97955 0.01848
vn -0.27803 0.95999 -0.03339
vn -0.25985 0.96538 -0.02284
vn -0.21443 0.97673 0.00509
vn -0.22803 0.97358 0.01216
vn -0.24011 0.97055 0.01949
vn -0.25475 0.96653 0.03017
vn -0.24428 0.96948 0.021
vn -0.28844 0.95748 0.00618
vn -0.30717 0.95165 0.00176
vn -0.32299 0.9464 0
vn -0.41357 0.91047 0
vn -0.36197 0.92975 0.06733
vn -0.38387 0.92236 0.04341
vn 0.23481 0.97204 0.00235
vn 0.26639 0.96376 0.01396
vn 0.25375 0.96724 0.0083
vn 0.24412 0.96973 0.00497
vn 0.24412 0.96973 0.00497
vn 0.35595 0.93451 0.00081
vn 0.34199 0.9397 0.00326
vn 0.32521 0.94561 0.00837
vn 0.28751 0.95746 0.02478
vn 0.30271 0.95233 0.03797
vn 0.28197 0.95915 0.02293
vn 0.24636 0.96917 -0.00398
vn 0.24636 0.96917 -0.00398
vn 0.25616 0.96661 -0.00633
vn 0.26903 0.96308 -0.01021
vn 0.23512 0.97196 0.00257
vn 0.29054 0.95686 -0.00089
vn 0.30693 0.95173 -0.00323
vn 0.32133 0.94695 -0.00652
vn 0.32493 0.94572 -0.0055
vn 0.34153 0.93987 -0.00221
vn 0.35568 0.93461 -0.00057
vn 0.36712 0.93017 0
vn 0.40196 0.91566 0
vn 0.38508 0.92287 -0.00462
vn 0.48236 0.87579 0.0179
vn 0.45737 0.88928 0
vn 0.58909 0.80807 0
vn 0.6164 0.78727 0.01616
vn 0.47493 0.8799 -0.01502
vn 0.44688 0.89453 0.01042
vn 0.45399 0.891 0.00337
vn 0.37589 0.92667 1E-05
vn 0.36717 0.93015 -2E-05
vn -0.22386 -0.97407 0.0327
vn -0.20957 -0.97758 0.02034
vn -0.19336 -0.98109 0.0081
vn -0.20059 -0.97968 0
vn -0.25355 -0.96513 0.06504
vn -0.24057 -0.96936 0.04962
vn -0.21567 -0.97631 -0.01772
vn -0.39251 -0.91971 -0.00808
vn -0.38127 -0.92438 -0.01231
vn -0.23106 -0.97257 -0.02692
vn -0.24845 -0.96787 -0.03878
vn -0.17832 -0.98386 0.01515
vn -0.28351 -0.95896 -0.00361
vn -0.26589 -0.964 0
vn -0.3017 -0.9534 0
vn -0.34815 -0.93742 -0.00649
vn -0.32626 -0.94513 -0.01667
vn -0.43069 -0.9022 0.02342
vn -0.35058 -0.93613 -0.02736
vn -0.36766 -0.92978 -0.01837
vn -0.40789 -0.91302 0.00426
vn -0.39597 -0.91821 0.00977
vn -0.38515 -0.92272 0.01566
vn -0.37162 -0.92806 0.02458
vn -0.35449 -0.93428 0.0382
vn -0.3722 -0.92791 0.02133
vn -0.32487 -0.94575 0.00498
vn -0.3017 -0.9534 0
vn 0.38975 -0.92092 0.00142
vn 0.25051 -0.96812 0.0001
vn 0.25051 -0.96812 0.0001
vn 0.25051 -0.96812 0.0001
vn 0.36182 -0.9322 0.0096
vn 0.37353 -0.9276 0.00533
vn 0.38225 -0.92405 0.00298
vn 0.25469 -0.96702 0.00029
vn 0.25469 -0.96702 0.00029
vn 0.25469 -0.96702 0.00029
vn 0.26267 -0.96489 0.00096
vn 0.27428 -0.96164 0.00286
vn 0.28821 -0.95754 0.00663
vn 0.30578 -0.952 0.01373
vn 0.33016 -0.94354 0.02699
vn 0.32751 -0.9444 0.02899
vn 0.34689 -0.93776 0.01689
vn 0.61384 -0.78942 -0.00492
vn 0.60585 -0.79558 0
vn 0.50195 -0.8649 0
vn 0.49351 -0.86974 0.00311
vn 0.42243 -0.90639 0
vn 0.39765 -0.91754 0
vn 0.27474 -0.96152 -0.00197
vn 0.2632 -0.96474 -0.00069
vn 0.25519 -0.96689 -0.00021
vn 0.38785 -0.92172 -0.00128
vn 0.38095 -0.92459 -0.00231
vn 0.37201 -0.92822 -0.00397
vn 0.36005 -0.93291 -0.00692
vn 0.34494 -0.93855 -0.01179
vn 0.34246 -0.93944 -0.0128
vn 0.32521 -0.94561 -0.00741
vn 0.25685 -0.96642 0.00809
vn 0.30629 -0.95189 -0.00906
vn 0.28908 -0.95729 -0.00453
vn 0.25062 -0.96809 -7E-05
vn 0.25062 -0.96809 -7E-05
vn 0.25062 -0.96809 -7E-05
vn 0.24697 -0.96902 0
vn 0.1724 -0.98503 0
vn 0.15643 -0.98768 0.00476
vn 0.08342 -0.99651 0
vn -0.00303 -1 0
vn -0.02245 -0.99973 0.00546
vn -0.09268 -0.9957 0
vn -0.18141 -0.98341 0
vn -0.19691 -0.98039 -0.00765
vn -0.40535 -0.91415 -0.00386
vn -0.41812 -0.90839 0
vn -0.50718 -0.86184 0
vn -0.53202 -0.8467 0.00705
vn -0.58239 -0.81291 0
vn -0.62355 -0.78178 0
vn -0.63032 -0.77633 -0.00213
vn -0.80277 -0.59624 -0.00762
vn -0.80896 -0.58786 0
vn -0.87274 -0.48819 0
vn -0.89098 -0.45398 0.0079
vn -0.913 -0.40797 0
vn -0.94484 -0.32753 0
vn -0.94484 -0.32753 0
vn -0.95195 0.30625 0
vn -0.95195 0.30625 0
vn -0.92192 0.38738 0
vn -0.91046 0.41355 0.00699
vn -0.76685 0.64183 -0
vn -0.64607 0.76328 0.00045
vn -0.64205 0.76666 5E-05
vn -0.74539 0.66663 0.00218
vn -0.75559 0.65504 0.00057
vn -0.76287 0.64655 6E-05
vn -0.66668 0.74534 0.0022
vn -0.68085 0.7324 0.00582
vn -0.67465 0.73813 0.00337
vn -0.69888 0.71524 0
vn -0.73812 0.67467 0
vn -0.71635 0.69763 0.01254
vn -0.73232 0.68093 0.00584
vn -0.76747 0.64108 -0
vn -0.76747 0.64108 0
vn -0.76747 0.64108 0
vn -0.78763 0.61615 0
vn -0.82198 0.56947 0.00736
vn -0.83968 0.54308 0
vn -0.88347 0.46849 0
vn -0.7665 0.64224 -0
vn -0.7665 0.64224 -0
vn -0.7665 0.64224 -0
vn -0.76297 0.64643 -0.00011
vn -0.75594 0.65464 -0.00106
vn -0.74647 0.66541 -0.00419
vn -0.73398 0.67906 -0.01199
vn -0.73135 0.68185 -0.0146
vn -0.64665 0.76279 -0.00013
vn -0.6545 0.75606 -0.00104
vn -0.71567 0.69842 -0.0046
vn -0.69886 0.71525 0.00036
vn -0.66732 0.74477 -0.00119
vn -0.67895 0.73408 -0.01193
vn -0.66551 0.74638 -0.00424
vn -0.64223 0.76651 -2E-05
vn -0.64086 0.76766 -0
vn -0.64086 0.76766 0
vn -0.64086 0.76766 -0
vn -0.60051 0.79962 0
vn -0.52601 0.84968 0.03693
vn -0.43841 0.89877 0
vn -0.56949 0.822 0
vn -0.56949 0.822 0
vn -0.64547 0.76378 0
vn -0.65497 0.75565 0.00056
vn -0.21732 0.97609 -0.00468
vn -0.20343 0.97909 0
vn -0.11498 0.99337 0
vn -0.06726 0.9977 0.00802
vn -0.02545 0.99968 0
vn 0.06101 0.99814 0
vn 0.11195 0.99368 0.0079
vn 0.15026 0.98865 0
vn 0.22534 0.97428 0
vn 0.23662 0.9716 -0.00202
vn 0.77643 0.6302 -0.00208
vn 0.78176 0.62358 0
vn 0.80908 0.5877 0
vn 0.84672 0.53201 0.00605
vn 0.85848 0.51284 0
vn 0.89958 0.43676 0
vn 0.9281 0.37229 0.00543
vn 0.93512 0.35432 0
vn 0.96222 0.27226 0
vn 0.97966 0.2006 0.00473
vn 0.98277 0.18483 0
vn 0.99507 0.09914 0
vn 0.99974 0.02244 0.00394
vn 0.99995 0.00962 0
vn 0.99704 -0.07691 0
vn 0.98768 -0.15644 0.00307
vn 0.98614 -0.16591 0
vn 0.96806 -0.25073 0
vn 0.94388 -0.33028 0.00213
vn 0.94175 -0.33631 0
vn 0.90909 -0.41659 0
vn 0.86974 -0.4935 0.0011
vn 0.86821 -0.4962 2E-05
vn 0.79467 -0.60704 -1E-05
vn 0.80586 -0.59205 0.00837
vn -0.6311 0.7757 -7E-05
vn -0.65815 0.7527 -0.0166
vn -0.64509 0.76405 -0.00954
vn -0.6277 0.77845 -0.00374
vn -0.61365 0.78958 -0.00115
vn -0.60053 0.7996 0
vn -0.59615 0.80286 -0.0038
vn -0.5957 0.80321 0.00023
vn -0.59165 0.80619 -0.0012
vn -0.59165 0.80619 -0.0012
vn -0.59165 0.80619 -0.0012
vn -0.59365 0.80473 0.00072
vn -0.59365 0.80473 0.00072
vn -0.59365 0.80473 0.00072
vn -0.59093 0.80672 0
vn -0.5934 0.8049 0.00265
vn -0.59072 0.80688 0.00143
vn -0.59271 0.8054 0.00503
vn -0.59291 0.80525 0.00526
vn -0.57289 0.81939 -0.01973
vn -0.60368 0.79634 0.03758
vn -0.59464 0.80382 0.01634
vn -0.60186 0.79822 0.02482
vn -0.59304 0.80511 0.00963
vn -0.66405 0.74769 0.00011
vn -0.63497 0.77233 0.01798
vn -0.6366 0.77077 0.02567
vn -0.62496 0.78063 0.00715
vn -0.63507 -0.77246 0.00078
vn -0.64285 -0.76386 0.05711
vn -0.6366 -0.77076 0.02569
vn -0.57153 -0.81745 -0.07161
vn -0.60218 -0.79761 0.03467
vn -0.60367 -0.79634 0.03758
vn -0.59709 -0.80187 0.02201
vn -0.59623 -0.80267 0.01506
vn -0.59306 -0.8051 0.00964
vn -0.59293 -0.80524 0.00511
vn -0.59286 -0.80529 0.00532
vn -0.59102 -0.80665 0.00199
vn -0.59201 -0.80593 0.00111
vn -0.59125 -0.80649 0.00028
vn -0.59261 -0.80549 2E-05
vn -0.59303 -0.80518 6E-05
vn -0.59303 -0.80518 6E-05
vn -0.59303 -0.80518 6E-05
vn -0.59584 -0.8031 -0.00023
vn -0.5958 -0.80313 0
vn -0.60336 -0.79747 -0.00025
vn -0.61572 -0.78797 -0.00133
vn -0.62939 -0.77708 -0.0043
vn -0.64511 -0.76403 -0.00955
vn -0.6311 -0.7757 -0.00209
vn -0.77605 -0.63067 -4E-05
vn -0.76432 -0.64476 0.01014
vn -0.75474 -0.65475 0.04083
vn -0.74349 -0.66864 0.01159
vn -0.718 -0.696 -0.00764
vn -0.718 -0.696 -0.00764
vn -0.69351 -0.71186 0.11089
vn -0.69105 -0.72157 0.04241
vn -0.67571 -0.73717 -0.00016
vn -0.85437 -0.51938 -0.01745
vn -0.84186 -0.53969 -3E-05
vn -0.83514 -0.54994 0.01077
vn -0.82962 -0.5579 0.02193
vn -0.78849 -0.61505 4E-05
vn -0.80779 -0.58944 0.00617
vn -0.85316 -0.51891 -0.05336
vn -0.66411 -0.74763 -1E-05
vn -0.67558 -0.73729 2E-05
vn -0.69479 -0.71921 -0.00269
vn -0.69509 -0.71892 -0.00258
vn -0.75261 -0.65844 0.00557
vn -0.72036 -0.69325 -0.02187
vn -0.74285 -0.6694 -0.00871
vn -0.76095 -0.64881 -0.00228
vn -0.77604 -0.63069 0
vn -0.80588 -0.59208 -2E-05
vn -0.79407 -0.6078 -0.00585
vn -0.85257 -0.52238 0.01549
vn -0.77449 0.63259 -0.00023
vn -0.78152 0.62388 0
vn -0.76094 0.64882 -0.00228
vn -0.74281 0.66945 -0.00873
vn -0.75262 0.65845 -0.00281
vn -0.71864 0.69538 0.00067
vn -0.69479 0.71921 -0.00262
vn -0.69509 0.71891 -0.00273
vn -0.67558 0.73729 2E-05
vn -0.8206 0.57129 -0.01571
vn -0.82945 0.55851 -0.00877
vn -0.78872 0.61475 -3E-05
vn -0.80588 0.59208 -0.00179
vn -0.85257 0.52238 0.01549
vn -0.67571 0.73717 -0.00016
vn -0.691 0.72162 0.04227
vn -0.6935 0.71192 0.11056
vn -0.6935 0.71192 0.11056
vn -0.71808 0.69592 -0.00742
vn -0.75521 0.65515 0.02074
vn -0.752 0.65733 0.04914
vn -0.76433 0.64474 0.01008
vn -0.77598 0.63076 -4E-05
vn -0.8078 0.58945 0.00017
vn -0.80142 0.59794 0.01372
vn -0.85316 0.51891 -0.05338
vn -0.82963 0.55789 0.02192
vn -0.83515 0.54992 0.01074
vn -0.82057 -0.57132 -0.01573
vn -0.84028 -0.54215 0
vn -0.89401 -0.44806 0
vn -0.89504 -0.44599 0.00034
vn -0.92842 -0.37153 -0.00038
vn -0.92929 -0.36936 0
vn -0.95665 -0.29125 0
vn -0.95705 -0.28991 0.00021
vn -0.97769 -0.21004 -0.00022
vn -0.97798 -0.20868 0
vn -0.99201 -0.12615 0
vn -0.99207 -0.12567 8E-05
vn -0.9991 -0.04252 -7E-05
vn -0.99911 -0.04208 0
vn -0.9991 0.04252 0
vn -0.99911 0.04208 -7E-05
vn -0.99201 0.12615 8E-05
vn -0.99207 0.12567 0
vn -0.97769 0.21004 0
vn -0.97798 0.20868 -0.00023
vn -0.95665 0.29125 0.00022
vn -0.95705 0.28991 0
vn -0.92842 0.37153 0
vn -0.92929 0.36936 -0.0004
vn -0.894 0.44806 0.00036
vn -0.89504 0.44599 0
vn -0.84184 0.53972 0
vn -0.84182 0.53975 3E-05
vn 0 0 -1
vn 0.87288 0.13744 0.46818
vn 0.82394 0.17458 0.53912
vn 0.77227 0.22707 0.59333
vn 0.73159 0.25834 0.6309
vn 0.68112 0.32502 0.65608
vn 0.63666 0.36218 0.68081
vn 0.55104 0.44621 0.70516
vn 0.55105 0.44619 0.70516
vn 0.44624 0.55098 0.70518
vn 0.44624 0.55099 0.70518
vn 0.34396 0.6533 0.67445
vn 0.32422 0.68086 0.65674
vn 0.24576 0.74847 0.61595
vn 0.22724 0.77206 0.59354
vn 0.16369 0.83361 0.52753
vn 0.13889 0.87308 0.46737
vn 0.09334 0.90385 0.41754
vn 0.04075 0.95654 0.28874
vn 0.03684 0.97575 0.21576
vn 0.00824 0.98897 0.1479
vn -0.00274 1 9E-05
vn -0.01215 0.99922 0.03767
vn -0.01215 0.99922 0.03767
vn 0.01784 0.98908 -0.14628
vn 1E-05 0.99379 -0.11128
vn 0.04067 0.95656 -0.28868
vn 0.04052 0.95664 -0.28843
vn 0.09353 0.90373 -0.41775
vn 0.09272 0.90423 -0.41686
vn 0.16427 0.83314 -0.52811
vn 0.1895 0.81555 -0.54678
vn 0.24623 0.7482 -0.61609
vn 0.27242 0.72688 -0.63043
vn 0.34388 0.65333 -0.67447
vn 0.4027 0.60836 -0.68391
vn 0.44643 0.55082 -0.70519
vn 0.54227 0.45585 -0.70579
vn 0.60806 0.40232 -0.6844
vn 0.62962 0.37294 -0.68154
vn 0.89577 0.09984 0.43317
vn 0.95658 0.0407 0.28862
vn 0.97575 0.03686 0.21576
vn 0.98901 0.00822 0.14765
vn 0.99931 2E-05 0.03723
vn 0.99931 2E-05 0.03723
vn 0.99931 2E-05 0.03723
vn 0.99998 -0.00604 -9E-05
vn 0.99386 0.01193 -0.10996
vn 0.98903 0.00823 -0.14748
vn 0.95665 0.04061 -0.28841
vn 0.95655 0.04063 -0.28874
vn 0.90427 0.0931 -0.41668
vn 0.90409 0.09318 -0.41707
vn 0.81351 0.18027 -0.55291
vn 0.83483 0.17107 -0.52325
vn 0.72375 0.26421 -0.63748
vn 0.749 0.24827 -0.6143
vn 0.6871 0.31257 -0.65589
vn -0.67685 0.72442 0.13074
vn -0.74139 0.5562 0.37548
vn -0.6725 0.67249 0.30903
vn -0.56115 0.56115 0.60846
vn -0.58825 0.45828 0.66629
vn -0.40326 0.45648 0.7931
vn -0.38537 0.38486 0.83867
vn -0.27046 0.27198 0.92351
vn -0.27712 0.22943 0.93304
vn -0.07289 0.11141 0.9911
vn -0.07388 0.07388 0.99453
vn 0.09237 -0.09237 0.99143
vn 0.09777 -0.0499 0.99396
vn 0.24251 -0.29989 0.92264
vn 0.25343 -0.25342 0.93357
vn 0.43051 -0.4305 0.7933
vn 0.44842 -0.31858 0.83512
vn 0.45183 -0.66301 0.59688
vn 0.52546 -0.52557 0.66908
vn 0.65322 -0.65336 0.38266
vn 0.61045 -0.72973 0.30798
vn 0.72447 -0.67674 0.13103
vn 0.70606 -0.70623 0.05211
vn 0.70095 -0.70111 -0.13081
vn 0.67827 -0.71798 -0.15635
vn 0.66892 -0.63689 -0.3833
vn 0.6459 -0.64604 -0.40676
vn 0.56095 -0.56107 -0.60871
vn 0.59346 -0.55018 -0.58746
vn 0.40535 -0.45675 -0.79188
vn 0.44498 -0.44497 -0.77717
vn 0.27054 -0.27052 -0.92392
vn 0.39035 -0.24831 -0.88655
vn 0.39035 -0.24831 -0.88655
vn -0.01922 -0.20378 -0.97883
vn -0.01922 -0.20378 -0.97883
vn 0.14703 -0.14703 -0.97814
vn -0.0927 0.09271 -0.99137
vn -0.21705 0.07554 -0.97323
vn -0.2422 0.29774 -0.92341
vn -0.32112 0.32113 -0.89093
vn -0.4306 0.43061 -0.7932
vn -0.46621 0.42328 -0.77684
vn -0.54345 0.57757 -0.60916
vn -0.57209 0.57208 -0.58774
vn -0.65329 0.6533 -0.38263
vn -0.62566 0.66575 -0.4066
vn -0.7248 0.6766 -0.12992
vn -0.69841 0.6984 -0.15642
vn -0.70614 0.70614 0.05234
vn -0.14495 0.86374 0.48265
vn -0.13888 0.87308 0.46739
vn -0.68113 0.32506 0.65605
vn -0.63714 0.36166 0.68063
vn -0.55107 0.44618 0.70515
vn -0.55102 0.44623 0.70517
vn -0.44625 0.55101 0.70516
vn -0.44617 0.55107 0.70516
vn -0.31654 0.67723 0.66421
vn -0.35023 0.65578 0.6688
vn -0.21826 0.76936 0.60037
vn -0.24828 0.74892 0.61439
vn -0.17461 0.82389 0.53918
vn -0.87304 0.13893 0.46743
vn -0.83388 0.16341 0.5272
vn -0.77227 0.22707 0.59333
vn -0.74847 0.24576 0.61595
vn -0.6879 0.31666 0.65309
vn -0.97577 0.03684 0.21568
vn -0.95654 0.04075 0.28874
vn -0.90404 0.09318 0.41716
vn -0.72688 0.27241 -0.63043
vn -0.74844 0.24591 -0.61592
vn -0.81557 0.18957 -0.54673
vn -0.83389 0.16332 -0.52721
vn -0.90426 0.09298 -0.41674
vn -0.90414 0.09316 -0.41695
vn -0.95664 0.0405 -0.28844
vn -0.95656 0.04064 -0.28868
vn -0.99379 -2E-05 -0.11129
vn -0.98908 0.01781 -0.14628
vn -0.99922 -0.01214 0.03768
vn -1 -0.00272 0
vn -0.98897 0.00827 0.14789
vn -0.60833 0.40274 -0.68391
vn -0.63815 0.36449 -0.67817
vn -0.68704 0.31263 -0.65593
vn -0.40271 0.60837 -0.6839
vn -0.44639 0.55086 -0.70519
vn -0.5508 0.44646 -0.70519
vn -0.09239 0.90501 0.41524
vn -0.0407 0.95658 0.28861
vn -0.03686 0.97575 0.21576
vn -0.00822 0.98901 0.14765
vn 1E-05 0.99932 0.03689
vn 0.00604 0.99998 -9E-05
vn -0.01193 0.99386 -0.10996
vn -0.00823 0.98903 -0.14748
vn -0.04061 0.95665 -0.28841
vn -0.04063 0.95655 -0.28874
vn -0.0931 0.90427 -0.41669
vn -0.09318 0.90409 -0.41707
vn -0.18032 0.81345 -0.55298
vn -0.17109 0.83484 -0.52324
vn -0.26423 0.72376 -0.63746
vn -0.24832 0.74896 -0.61433
vn -0.34379 0.65344 -0.67441
vn -0.72441 -0.67685 0.13075
vn -0.55622 -0.74137 0.37549
vn -0.67251 -0.67249 0.30903
vn -0.56098 -0.56096 0.6088
vn -0.45846 -0.5881 0.66629
vn -0.45609 -0.4023 0.79381
vn -0.38512 -0.38511 0.83867
vn -0.27071 -0.2707 0.92382
vn -0.2294 -0.27715 0.93304
vn -0.11139 -0.0729 0.9911
vn -0.07387 -0.07389 0.99453
vn 0.09237 0.09239 0.99143
vn 0.05032 0.09756 0.99396
vn 0.05032 0.09756 0.99396
vn 0.29985 0.24255 0.92264
vn 0.25339 0.25345 0.93357
vn 0.43041 0.43053 0.79334
vn 0.31853 0.44842 0.83514
vn 0.66306 0.45183 0.59683
vn 0.52552 0.52552 0.66908
vn 0.65324 0.65324 0.38282
vn 0.72979 0.61038 0.30798
vn 0.67677 0.72446 0.13095
vn 0.70623 0.70606 0.05211
vn 0.70112 0.70096 -0.13072
vn 0.71804 0.67821 -0.15636
vn 0.63687 0.66885 -0.38345
vn 0.64597 0.64596 -0.40677
vn 0.56104 0.56105 -0.60865
vn 0.55018 0.59346 -0.58747
vn 0.45673 0.40531 -0.79191
vn 0.44491 0.44504 -0.77717
vn 0.27051 0.27059 -0.92391
vn 0.24827 0.39047 -0.88651
vn 0.20369 -0.01887 -0.97885
vn 0.14702 0.14705 -0.97814
vn -0.09269 -0.09272 -0.99137
vn -0.07553 -0.21705 -0.97323
vn -0.29774 -0.2422 -0.92341
vn -0.32113 -0.32112 -0.89093
vn -0.43041 -0.43039 -0.79342
vn -0.42303 -0.46645 -0.77684
vn -0.57766 -0.54296 -0.60951
vn -0.5721 -0.57208 -0.58774
vn -0.6533 -0.65328 -0.38264
vn -0.66576 -0.62566 -0.4066
vn -0.6766 -0.7248 -0.12994
vn -0.69839 -0.69841 -0.15642
vn -0.70612 -0.70615 0.05235
vn -0.82388 -0.17465 0.53919
vn -0.87285 -0.13749 0.46822
vn -0.74893 -0.24829 0.61438
vn -0.76928 -0.21836 0.60043
vn -0.76928 -0.21836 0.60043
vn -0.76928 -0.21836 0.60043
vn -0.68786 -0.31673 0.6531
vn -0.68113 -0.32507 0.65604
vn -0.63708 -0.36172 0.68065
vn -0.55108 -0.44618 0.70515
vn -0.55107 -0.44619 0.70515
vn -0.44622 -0.55101 0.70517
vn -0.44624 -0.55099 0.70518
vn -0.34398 -0.65328 0.67446
vn -0.32423 -0.68086 0.65674
vn -0.24576 -0.74847 0.61594
vn -0.22724 -0.77206 0.59353
vn -0.16339 -0.83388 0.52721
vn -0.13889 -0.87308 0.46738
vn -0.09318 -0.90405 0.41716
vn -0.04075 -0.95654 0.28874
vn -0.03684 -0.97575 0.21576
vn -0.00824 -0.98897 0.1479
vn 0.00274 -1 9E-05
vn 0.01214 -0.99922 0.03766
vn 0.01214 -0.99922 0.03766
vn 0.01214 -0.99922 0.03766
vn -0.01784 -0.98908 -0.14627
vn -1E-05 -0.99379 -0.11128
vn -0.04067 -0.95656 -0.28867
vn -0.04052 -0.95664 -0.28844
vn -0.09322 -0.90411 -0.41701
vn -0.09298 -0.90426 -0.41674
vn -0.16333 -0.83388 -0.52722
vn -0.18958 -0.81555 -0.54675
vn -0.2459 -0.74846 -0.61591
vn -0.27242 -0.72688 -0.63043
vn -0.34386 -0.65336 -0.67445
vn -0.40271 -0.60836 -0.6839
vn -0.44646 -0.5508 -0.70519
vn -0.55086 -0.44639 -0.70518
vn -0.60833 -0.40274 -0.68391
vn -0.63823 -0.36441 -0.67813
vn -0.89577 -0.09984 0.43317
vn -0.95661 -0.04067 0.28853
vn -0.97577 -0.03682 0.21568
vn -0.98899 -0.00826 0.14775
vn -0.99931 -4E-05 0.03723
vn -0.99998 0.00604 -9E-05
vn -0.99386 -0.01193 -0.10996
vn -0.98902 -0.00823 -0.14757
vn -0.95664 -0.04058 -0.28842
vn -0.95657 -0.0406 -0.28868
vn -0.90427 -0.09309 -0.41668
vn -0.90409 -0.09318 -0.41706
vn -0.81346 -0.18031 -0.55297
vn -0.83484 -0.17109 -0.52324
vn -0.72375 -0.26422 -0.63747
vn -0.74896 -0.24831 -0.61433
vn -0.68704 -0.31263 -0.65593
vn 0.67682 -0.72443 0.13084
vn 0.74132 -0.55629 0.37548
vn 0.67248 -0.67248 0.30909
vn 0.56096 -0.56096 0.60881
vn 0.58809 -0.45852 0.66626
vn 0.40225 -0.45614 0.79381
vn 0.38506 -0.38516 0.83868
vn 0.27066 -0.27074 0.92382
vn 0.27712 -0.22943 0.93304
vn 0.07289 -0.1114 0.9911
vn 0.07387 -0.07389 0.99453
vn -0.09236 0.09239 0.99143
vn -0.09777 0.0499 0.99396
vn -0.24251 0.29989 0.92263
vn -0.25342 0.25341 0.93357
vn -0.43048 0.43046 0.79334
vn -0.44837 0.31864 0.83512
vn -0.45177 0.66311 0.59681
vn -0.5255 0.52548 0.66912
vn -0.65328 0.65325 0.38275
vn -0.61042 0.72977 0.30793
vn -0.72445 0.67677 0.13095
vn -0.70612 0.70615 0.05235
vn -0.70103 0.70105 -0.13073
vn -0.67828 0.71797 -0.15636
vn -0.66892 0.63683 -0.38338
vn -0.64598 0.64596 -0.40676
vn -0.56103 0.561 -0.6087
vn -0.59352 0.55011 -0.58746
vn -0.40539 0.45671 -0.79188
vn -0.44495 0.44494 -0.77721
vn -0.27056 0.27054 -0.92391
vn -0.39073 0.24823 -0.8864
vn 0.01922 0.20378 -0.97883
vn 0.01922 0.20378 -0.97883
vn -0.14701 0.14705 -0.97814
vn 0.09268 -0.09271 -0.99137
vn 0.21705 -0.07554 -0.97323
vn 0.24221 -0.29746 -0.9235
vn 0.32108 -0.32117 -0.89093
vn 0.43031 -0.43042 -0.79346
vn 0.46651 -0.42301 -0.7768
vn 0.54304 -0.57764 -0.60946
vn 0.57209 -0.57209 -0.58774
vn 0.65329 -0.6533 -0.38263
vn 0.62566 -0.66575 -0.4066
vn 0.72478 -0.6766 -0.13003
vn 0.69848 -0.69832 -0.15642
vn 0.70623 -0.70606 0.05211
vn 0.14481 -0.8639 0.4824
vn 0.13888 -0.87308 0.46738
vn 0.68114 -0.32504 0.65605
vn 0.63714 -0.36165 0.68063
vn 0.55106 -0.4462 0.70516
vn 0.55098 -0.44625 0.70518
vn 0.44625 -0.55101 0.70516
vn 0.44619 -0.55104 0.70517
vn 0.31654 -0.67723 0.66421
vn 0.35021 -0.6558 0.6688
vn 0.21826 -0.76936 0.60038
vn 0.24827 -0.74892 0.6144
vn 0.17462 -0.82388 0.53919
vn 0.87308 -0.13889 0.46738
vn 0.83392 -0.16337 0.52715
vn 0.77227 -0.22706 0.59333
vn 0.74843 -0.24579 0.61599
vn 0.68799 -0.31654 0.65304
vn 0.97575 -0.03687 0.21575
vn 0.95651 -0.04078 0.28882
vn 0.90405 -0.09318 0.41715
vn 0.72688 -0.27241 -0.63043
vn 0.74844 -0.24591 -0.61592
vn 0.81562 -0.18952 -0.54667
vn 0.83393 -0.16329 -0.52716
vn 0.90426 -0.09298 -0.41674
vn 0.90411 -0.09322 -0.41701
vn 0.95664 -0.04053 -0.28844
vn 0.95656 -0.04067 -0.28868
vn 0.99379 -1E-05 -0.11128
vn 0.98908 -0.01784 -0.14628
vn 0.99922 0.01214 0.03766
vn 0.99922 0.01214 0.03766
vn 1 0.00274 9E-05
vn 0.98898 -0.00824 0.14781
vn 0.60833 -0.40274 -0.68391
vn 0.63816 -0.36448 -0.67816
vn 0.68704 -0.31263 -0.65593
vn 0.40271 -0.60837 -0.6839
vn 0.44639 -0.55086 -0.70519
vn 0.55079 -0.44647 -0.70519
vn 0.09238 -0.90501 0.41524
vn 0.0407 -0.95658 0.28862
vn 0.03686 -0.97575 0.21576
vn 0.00822 -0.98901 0.14765
vn -1E-05 -0.99932 0.03689
vn -0.00604 -0.99998 -9E-05
vn 0.01193 -0.99386 -0.10996
vn 0.00823 -0.98903 -0.14748
vn 0.04061 -0.95665 -0.28841
vn 0.04063 -0.95655 -0.28873
vn 0.0931 -0.90427 -0.41668
vn 0.09319 -0.90408 -0.41708
vn 0.18031 -0.81346 -0.55296
vn 0.17109 -0.83484 -0.52324
vn 0.26422 -0.72375 -0.63747
vn 0.2483 -0.74897 -0.61432
vn 0.34379 -0.65344 -0.67441
vn 0.72443 0.67681 0.13084
vn 0.55607 0.74146 0.37553
vn 0.55607 0.74146 0.37553
vn 0.67241 0.67255 0.30908
vn 0.56087 0.56099 0.60887
vn 0.45852 0.58809 0.66627
vn 0.45614 0.40231 0.79377
vn 0.38512 0.38511 0.83867
vn 0.27068 0.27067 0.92383
vn 0.22943 0.27713 0.93304
vn 0.11141 0.07289 0.9911
vn 0.07387 0.07388 0.99453
vn -0.09238 -0.09237 0.99143
vn -0.0499 -0.09778 0.99396
vn -0.3002 -0.24239 0.92257
vn -0.3002 -0.24239 0.92257
vn -0.25342 -0.25343 0.93357
vn -0.43047 -0.43048 0.79334
vn -0.31857 -0.44838 0.83515
vn -0.66312 -0.45175 0.59681
vn -0.5255 -0.52549 0.66912
vn -0.65327 -0.65326 0.38274
vn -0.72978 -0.61041 0.30792
vn -0.67676 -0.72446 0.13094
vn -0.70614 -0.70614 0.05234
vn -0.70104 -0.70104 -0.13071
vn -0.71797 -0.67829 -0.15635
vn -0.63684 -0.66893 -0.38337
vn -0.64597 -0.64596 -0.40677
vn -0.56105 -0.56104 -0.60865
vn -0.55018 -0.59346 -0.58746
vn -0.45673 -0.4053 -0.79191
vn -0.44494 -0.44496 -0.7772
vn -0.27055 -0.27056 -0.92391
vn -0.24823 -0.39075 -0.8864
vn -0.20371 0.01889 -0.97885
vn -0.14704 -0.14704 -0.97814
vn 0.0927 0.09271 -0.99137
vn 0.07554 0.21704 -0.97324
vn 0.29773 0.24216 -0.92343
vn 0.32113 0.32112 -0.89093
vn 0.43041 0.43039 -0.79342
vn 0.42301 0.46651 -0.77681
vn 0.57759 0.54302 -0.60952
vn 0.57202 0.57215 -0.58774
vn 0.65325 0.65339 -0.38254
vn 0.66576 0.62566 -0.4066
vn 0.67661 0.72477 -0.13003
vn 0.69832 0.69849 -0.15642
vn 0.70606 0.70623 0.05211
vn -1 0 0
vn 0 -1 -0
vn 0 -1 0
vn 0 -1 1E-05
vn 0 -1 -0
vn 0 -1 0
vn 0 -1 -0
vn 0 -1 0
vn 0 -1 -0
vn 0 -1 0
vn 0 -1 -0
vn 0 -1 0
vn 0 -1 0
vn 0 -1 -0
vn 0 -1 1E-05
vn 0 -1 -0
vn 0 -1 0
vn 0 -1 -0
vn 0 -1 0
vn 0 -1 0
vn 0 -1 0
vn 0 -1 -0
vn 0 -1 0
vn 0 -1 0
vn 0 -1 -0
vn 0 -1 -0
vn 0 -1 -0
vn 1 0 0
vn 0 1 0
vn 0 1 0
vn 0 1 0
vn 0 1 -0
vn 0 1 0
vn 0 1 -0
vn 0 1 0
vn 0 1 -0
vn 0 1 -0
vn 0 1 0
vn 0 1 -0
vn 0 1 -1E-05
vn 0 1 0
vn 0 1 0
vn 0 1 -0
vn 0 1 0
vn 0 1 0
vn 0 1 0
vn 0 1 0
vn 0 1 0
vn 0 1 -0
vn 0 1 -0
vn 0 1 -0
vn 0.51619 0.00985 0.85642
vn 0.99906 0 0.04324
vn 0.99184 0.01086 0.127
vn 0.90929 0.00918 0.41607
vn 0.94196 -0.00125 0.33572
vn 0.98736 0.00526 0.15838
vn 0.96531 0.05289 0.2557
vn 0.97821 0.03168 0.2052
vn 0.7492 0.00703 0.66231
vn 0.79128 1E-05 0.61146
vn 0.88835 -0.0001 0.45917
vn 0.84177 0.06503 0.53591
vn 0.87193 0.03392 0.48845
vn 0.69988 -0.02949 0.71365
vn 0.64549 0.09864 0.75737
vn 0.69362 0.04027 0.71922
vn 0.4341 0.22205 0.87307
vn 0.44231 0.16097 0.8823
vn 0.46571 0.07148 0.88204
vn -0.46571 0.07148 0.88204
vn -0.44229 0.16108 0.88229
vn -0.43414 0.22169 0.87314
vn -0.43414 0.22169 0.87314
vn -0.74921 0.00705 0.6623
vn -0.69358 0.04031 0.71925
vn -0.69984 0.03223 0.71357
vn -0.58953 -0.0051 0.80773
vn -0.51622 0.00981 0.8564
vn -0.9093 0.00918 0.41605
vn -0.87193 0.03393 0.48846
vn -0.88823 0.01527 0.45915
vn -0.82032 -2E-05 0.5719
vn -0.79141 1E-05 0.61128
vn -0.99907 0 0.0431
vn -0.99183 0.01089 0.12713
vn -0.97823 0.03165 0.20508
vn -0.98731 0.01217 0.15834
vn -0.96186 0.00107 0.27356
vn -0.94196 -0.00125 0.33572
vn -0.51622 -0.00981 0.8564
vn -0.99907 0 0.0431
vn -0.99183 -0.01089 0.12713
vn -0.9093 -0.00918 0.41605
vn -0.94196 0.00125 0.33572
vn -0.98737 -0.00526 0.15835
vn -0.96531 -0.0529 0.25569
vn -0.97823 -0.03165 0.20508
vn -0.74921 -0.00705 0.6623
vn -0.79141 -1E-05 0.61128
vn -0.88833 0.0001 0.4592
vn -0.84169 -0.0651 0.53602
vn -0.87193 -0.03393 0.48846
vn -0.6999 0.02954 0.71363
vn -0.64549 -0.09864 0.75737
vn -0.69358 -0.04031 0.71925
vn -0.43414 -0.22169 0.87314
vn -0.44229 -0.16108 0.88229
vn -0.46571 -0.07148 0.88204
vn 0.46571 -0.07148 0.88204
vn 0.44231 -0.16097 0.8823
vn 0.4341 -0.22204 0.87307
vn 0.7492 -0.00703 0.66231
vn 0.69362 -0.04027 0.71922
vn 0.69982 -0.03225 0.71359
vn 0.58955 0.00507 0.80771
vn 0.51619 -0.00985 0.85642
vn 0.90929 -0.00918 0.41607
vn 0.87193 -0.03392 0.48845
vn 0.88824 -0.01526 0.45912
vn 0.82042 2E-05 0.57176
vn 0.79128 -1E-05 0.61146
vn 0.99906 0 0.04324
vn 0.99184 -0.01086 0.127
vn 0.97821 -0.03168 0.2052
vn 0.9873 -0.01217 0.15837
vn 0.96185 -0.00107 0.27356
vn 0.94196 0.00125 0.33572
vn 0.68266 0.7307 0.00747
vn 0.71069 0.7035 0
vn 0.83356 0.55241 -0.00374
vn 0.89235 0.45127 0.00749
vn 0.92487 0.38028 0
vn 0.9629 0.26987 0
vn 0.98783 0.15544 0.00561
vn 0.99316 0.11675 0
vn 0.68237 0.71834 0.1355
vn 0.59627 0.77559 0.20718
vn 0.62822 0.77394 0.07973
vn 0.71511 0.60414 0.3516
vn 0.7626 0.57703 0.29238
vn 0.72432 0.54836 0.41792
vn 0.72432 0.54836 0.41792
vn 0.73602 0.36033 0.57309
vn 0.6382 0.40818 0.65275
vn 0.63158 0.41185 0.65688
vn 0.63019 0.41246 0.65782
vn 0.63019 0.41246 0.65782
vn 0.63019 0.41246 0.65782
vn 0.66716 0.33821 0.66371
vn 0.60123 0.36257 0.71208
vn 0.5458 0.32414 0.77269
vn 0.5458 0.32414 0.77269
vn 0.39482 0.21743 0.89266
vn 0.39663 0.21609 0.89218
vn 0.24305 0.14623 0.95893
vn 0.25342 0.13404 0.95803
vn 0.3774 0.11353 0.91906
vn 0.28368 0.14205 0.94834
vn 0.42917 0.13624 0.89289
vn 0.48998 0.11498 0.86411
vn 0.6689 0.46173 0.58256
vn 0.71716 0.42822 0.54983
vn 0.78946 0.38742 0.47608
vn 0.75693 0.13282 0.63986
vn 0.73858 0.14323 0.65878
vn 0.68698 0.13821 0.71342
vn 0.6686 0.14788 0.72877
vn 0.60995 0.14672 0.77874
vn 0.59489 0.154 0.78892
vn 0.52975 0.15388 0.83408
vn 0.42655 0.197 0.88275
vn 0.54177 0.32311 0.77594
vn 0.85006 0.09542 0.51797
vn 0.83102 0.11699 0.54379
vn 0.79884 0.13702 0.58573
vn 0.64278 0.76324 0.06558
vn 0.64897 0.75893 0.05346
vn 0.6502 0.75667 0.06853
vn 0.66115 0.7491 0.04166
vn 0.6633 0.7464 0.05399
vn 0.66938 0.74213 0.03412
vn 0.66904 0.74198 0.04305
vn 0.67348 0.73875 0.02612
vn 0.6757 0.7364 0.03378
vn 0.67886 0.7341 0.01562
vn 0.68067 0.73231 0.02023
vn 0.83033 0.55463 0.05425
vn 0.83041 0.55452 0.05409
vn 0.82415 0.55912 0.09034
vn 0.82427 0.55897 0.09017
vn 0.81753 0.56402 0.11632
vn 0.81769 0.56386 0.11599
vn 0.80915 0.56977 0.14367
vn 0.8095 0.56936 0.14331
vn 0.79363 0.5804 0.18245
vn 0.7942 0.57977 0.18199
vn 0.77276 0.59409 0.22339
vn 0.77379 0.59298 0.22278
vn 0.72242 0.62362 0.29867
vn 0.69694 0.64782 0.30757
vn 0.69694 0.64782 0.30757
vn 0.69694 0.64782 0.30757
vn 0.93368 0.34666 0.08983
vn 0.93553 0.34298 0.08457
vn 0.92436 0.35116 0.14916
vn 0.92798 0.34476 0.14139
vn 0.91517 0.35447 0.19187
vn 0.91926 0.34942 0.18129
vn 0.90244 0.36092 0.23523
vn 0.90937 0.34987 0.22503
vn 0.8803 0.37007 0.29685
vn 0.88975 0.35595 0.28572
vn 0.85106 0.38176 0.36049
vn 0.86337 0.36382 0.34961
vn 0.81446 0.39513 0.42488
vn 0.68197 0.73136 0.00522
vn 0.68267 0.7307 0.0066
vn 0.83344 0.55231 0.01799
vn 0.83343 0.55233 0.01796
vn 0.9389 0.34287 0.03003
vn 0.92385 0.37986 -0.04699
vn 0.96239 0.26973 0.03247
vn 0.71417 0.55272 0.42949
vn 0.71417 0.55272 0.42949
vn 0.74674 0.54314 0.38389
vn 0.77148 0.41 0.48654
vn 0.82955 0.37487 0.41391
vn 0.81947 0.15019 0.5531
vn 0.86647 0.12153 0.48421
vn 0.89135 0.12999 0.43427
vn 0.90839 0.11852 0.40097
vn 0.92529 0.1264 0.35759
vn 0.94058 0.11565 0.31928
vn 0.95105 0.12412 0.28303
vn 0.9585 0.11897 0.25907
vn 0.96547 0.11932 0.23158
vn 0.97252 0.11389 0.20304
vn 0.9763 0.12097 0.17947
vn 0.98598 0.11371 0.12214
vn 0.98702 0.11895 0.10791
vn 0.99257 0.11466 0.04075
vn 0.99251 0.11667 0.03629
vn -0.99313 0.11682 0.00746
vn -0.98784 0.15545 0
vn -0.93897 0.34397 -0.00375
vn -0.89235 0.45128 0.00748
vn -0.85448 0.51949 0
vn -0.78798 0.6157 0
vn -0.71066 0.70351 0.00561
vn -0.68268 0.73072 0
vn -0.24304 0.14654 0.95888
vn -0.25251 0.13463 0.95818
vn -0.37524 0.10958 0.92043
vn -0.40783 0.09747 0.90784
vn -0.32126 0.17095 0.93143
vn -0.32797 0.16856 0.92953
vn -0.50045 0.13444 0.85526
vn -0.39743 0.21547 0.89198
vn -0.66655 0.33514 0.66588
vn -0.59577 0.3643 0.71578
vn -0.58812 0.31636 0.74433
vn -0.54357 0.3241 0.77426
vn -0.54357 0.3241 0.77426
vn -0.54357 0.3241 0.77426
vn -0.73592 0.35943 0.57378
vn -0.62925 0.41287 0.65847
vn -0.62925 0.41287 0.65847
vn -0.62925 0.41287 0.65847
vn -0.63798 0.40905 0.65243
vn -0.76257 0.57707 0.29235
vn -0.71647 0.60348 0.34996
vn -0.74861 0.53652 0.38951
vn -0.46455 0.18177 0.86669
vn -0.58267 0.12942 0.80234
vn -0.54001 0.1792 0.82236
vn -0.65711 0.12279 0.74372
vn -0.61936 0.17226 0.76598
vn -0.72754 0.1156 0.67625
vn -0.69562 0.16594 0.69898
vn -0.79084 0.11226 0.60163
vn -0.76292 0.15725 0.62707
vn -0.83095 0.11706 0.54389
vn -0.83095 0.11706 0.54389
vn -0.81635 0.13265 0.56211
vn -0.85751 0.1274 0.49845
vn -0.88764 0.1067 0.44801
vn -0.86895 0.14353 0.47364
vn -0.92375 0.10704 0.36773
vn -0.90916 0.13642 0.39348
vn -0.95086 0.10751 0.29037
vn -0.94041 0.13071 0.31392
vn -0.96565 0.11347 0.23375
vn -0.95826 0.12419 0.25751
vn -0.97702 0.10997 0.18261
vn -0.97185 0.12356 0.20062
vn -0.98767 0.11204 0.10931
vn -0.98538 0.11967 0.12126
vn -0.93434 0.34634 0.08396
vn -0.93471 0.34376 0.09027
vn -0.92625 0.35006 0.1397
vn -0.92593 0.34649 0.15033
vn -0.91839 0.35225 0.18021
vn -0.91592 0.35193 0.19294
vn -0.9071 0.35805 0.22129
vn -0.90458 0.35366 0.23802
vn -0.88753 0.36561 0.28041
vn -0.88251 0.36141 0.30094
vn -0.86145 0.37556 0.34185
vn -0.85325 0.37098 0.36651
vn -0.82836 0.38702 0.40501
vn -0.81617 0.38373 0.432
vn -0.78909 0.40021 0.46602
vn -0.77262 0.39791 0.4947
vn -0.68073 0.44532 0.58163
vn -0.73756 0.54199 0.40281
vn -0.83035 0.55462 0.05408
vn -0.83037 0.55457 0.05418
vn -0.82416 0.55914 0.09012
vn -0.8242 0.55902 0.09044
vn -0.81767 0.56392 0.11577
vn -0.81761 0.5639 0.11634
vn -0.80933 0.56963 0.14317
vn -0.80934 0.56948 0.14374
vn -0.79395 0.5802 0.18171
vn -0.79387 0.58001 0.18266
vn -0.77336 0.59372 0.22227
vn -0.77311 0.59345 0.22387
vn -0.71935 0.62516 0.30284
vn -0.68673 0.71491 0.13156
vn -0.99278 0.11429 0.0363
vn -0.99233 0.11672 0.04079
vn -0.93905 0.34265 0.02797
vn -0.93856 0.34381 0.03008
vn -0.83344 0.55232 0.01804
vn -0.85399 0.51918 -0.03395
vn -0.7879 0.61564 0.01434
vn -0.59626 0.77559 0.20719
vn -0.62822 0.77394 0.07978
vn -0.64279 0.76322 0.06561
vn -0.64366 0.76264 0.06394
vn -0.65493 0.75353 0.05719
vn -0.65753 0.75171 0.05078
vn -0.66634 0.74433 0.0442
vn -0.66698 0.74389 0.04212
vn -0.67122 0.74044 0.03484
vn -0.67182 0.74 0.03252
vn -0.67691 0.73556 0.02717
vn -0.67821 0.73461 0.01968
vn -0.68105 0.73206 0.01602
vn -0.68186 0.73146 0.0066
vn -0.68267 0.73071 0.00532
vn -0.68266 -0.7307 0.00746
vn -0.71067 -0.70352 0
vn -0.83356 -0.55241 -0.00374
vn -0.89235 -0.45128 0.00748
vn -0.92484 -0.38037 0
vn -0.96295 -0.26966 0
vn -0.98783 -0.15544 0.0056
vn -0.99315 -0.11682 0
vn -0.68241 -0.7183 0.13548
vn -0.59626 -0.77559 0.20719
vn -0.62822 -0.77394 0.07978
vn -0.71513 -0.60417 0.35153
vn -0.76257 -0.57709 0.29234
vn -0.7244 -0.54812 0.41811
vn -0.73603 -0.36037 0.57306
vn -0.63826 -0.40815 0.65272
vn -0.63159 -0.41185 0.65687
vn -0.63031 -0.41242 0.65774
vn -0.63031 -0.41242 0.65774
vn -0.63031 -0.41242 0.65774
vn -0.66721 -0.33819 0.66367
vn -0.60123 -0.36257 0.71208
vn -0.54585 -0.32418 0.77262
vn -0.54585 -0.32418 0.77262
vn -0.54585 -0.32418 0.77262
vn -0.39541 -0.21684 0.89254
vn -0.24305 -0.14623 0.95893
vn -0.25341 -0.13406 0.95803
vn -0.37741 -0.11355 0.91906
vn -0.2837 -0.14206 0.94833
vn -0.4291 -0.13627 0.89292
vn -0.48998 -0.11498 0.86411
vn -0.66892 -0.46174 0.58253
vn -0.71717 -0.42824 0.5498
vn -0.78942 -0.38748 0.47611
vn -0.75688 -0.13282 0.63992
vn -0.73852 -0.14323 0.65884
vn -0.68698 -0.13821 0.71342
vn -0.6686 -0.14788 0.72877
vn -0.61 -0.14672 0.7787
vn -0.59494 -0.154 0.78888
vn -0.52975 -0.15388 0.83408
vn -0.42647 -0.19704 0.88278
vn -0.54188 -0.32335 0.77577
vn -0.54188 -0.32335 0.77577
vn -0.84999 -0.09554 0.51806
vn -0.83095 -0.11706 0.54389
vn -0.83095 -0.11706 0.54389
vn -0.79884 -0.13702 0.58574
vn -0.64279 -0.76322 0.06561
vn -0.649 -0.75891 0.05347
vn -0.65022 -0.75664 0.06855
vn -0.66117 -0.74907 0.04167
vn -0.66332 -0.74639 0.05395
vn -0.66939 -0.74213 0.03412
vn -0.66904 -0.74198 0.04303
vn -0.67348 -0.73875 0.02613
vn -0.67572 -0.73638 0.03385
vn -0.67889 -0.73407 0.01562
vn -0.68067 -0.73231 0.02018
vn -0.83034 -0.55462 0.05417
vn -0.83038 -0.55456 0.05409
vn -0.82411 -0.55917 0.0904
vn -0.82427 -0.55897 0.09017
vn -0.81754 -0.56401 0.11629
vn -0.81761 -0.56394 0.1161
vn -0.81761 -0.56394 0.1161
vn -0.80919 -0.56972 0.14363
vn -0.8095 -0.56936 0.14331
vn -0.79363 -0.58039 0.18245
vn -0.7942 -0.57977 0.18199
vn -0.77274 -0.59411 0.22343
vn -0.77376 -0.593 0.22283
vn -0.72246 -0.6236 0.29862
vn -0.69707 -0.6477 0.30752
vn -0.93368 -0.34665 0.08983
vn -0.93553 -0.34298 0.08457
vn -0.92436 -0.35116 0.14916
vn -0.92802 -0.34468 0.14131
vn -0.91524 -0.35438 0.19169
vn -0.91926 -0.34942 0.18129
vn -0.90244 -0.36093 0.23523
vn -0.90937 -0.34987 0.22503
vn -0.8803 -0.37007 0.29685
vn -0.88971 -0.35602 0.28578
vn -0.85102 -0.38182 0.36052
vn -0.86341 -0.36376 0.34956
vn -0.81446 -0.3951 0.4249
vn -0.68196 -0.73137 0.00527
vn -0.68267 -0.7307 0.00666
vn -0.83344 -0.55232 0.01806
vn -0.83343 -0.55233 0.01804
vn -0.9389 -0.34288 0.03013
vn -0.92381 -0.37994 -0.04705
vn -0.96244 -0.26952 0.03262
vn -0.71414 -0.55274 0.42953
vn -0.71414 -0.55274 0.42953
vn -0.74677 -0.54314 0.38383
vn -0.77152 -0.40994 0.48652
vn -0.82955 -0.37484 0.41393
vn -0.81947 -0.15019 0.5531
vn -0.86651 -0.12151 0.48414
vn -0.89134 -0.12995 0.43431
vn -0.90835 -0.1185 0.40107
vn -0.92529 -0.12639 0.35757
vn -0.94058 -0.11565 0.31928
vn -0.95105 -0.12412 0.28303
vn -0.9585 -0.11897 0.25907
vn -0.96547 -0.11931 0.23157
vn -0.97255 -0.11387 0.20293
vn -0.97632 -0.12095 0.17934
vn -0.98598 -0.11371 0.12213
vn -0.98701 -0.11889 0.10806
vn -0.99257 -0.1146 0.0409
vn -0.9925 -0.11674 0.03615
vn 0.99313 -0.11674 0.00747
vn 0.98784 -0.15545 0
vn 0.93897 -0.34398 -0.00374
vn 0.89235 -0.45127 0.00749
vn 0.85444 -0.51954 0
vn 0.78806 -0.6156 0
vn 0.71068 -0.70349 0.00561
vn 0.68268 -0.73072 0
vn 0.24304 -0.14654 0.95888
vn 0.25251 -0.13463 0.95818
vn 0.37523 -0.10958 0.92043
vn 0.4079 -0.09745 0.90781
vn 0.32131 -0.17093 0.93142
vn 0.32789 -0.16859 0.92955
vn 0.50046 -0.13446 0.85525
vn 0.39752 -0.21543 0.89195
vn 0.66652 -0.33523 0.66586
vn 0.59583 -0.36435 0.71571
vn 0.58824 -0.31662 0.74413
vn 0.58824 -0.31662 0.74413
vn 0.54334 -0.3242 0.77439
vn 0.54334 -0.3242 0.77439
vn 0.73592 -0.35943 0.57378
vn 0.62971 -0.41267 0.65815
vn 0.62971 -0.41267 0.65815
vn 0.62972 -0.41267 0.65815
vn 0.638 -0.409 0.65244
vn 0.7626 -0.57703 0.29238
vn 0.71646 -0.60346 0.35003
vn 0.74858 -0.53652 0.38957
vn 0.46455 -0.18177 0.86669
vn 0.58263 -0.12944 0.80236
vn 0.54 -0.17918 0.82237
vn 0.6571 -0.12277 0.74374
vn 0.61931 -0.17228 0.76601
vn 0.72759 -0.11557 0.67621
vn 0.69563 -0.16597 0.69896
vn 0.79086 -0.11229 0.60161
vn 0.76297 -0.15722 0.62702
vn 0.83102 -0.11699 0.54379
vn 0.81635 -0.13262 0.56213
vn 0.85742 -0.12743 0.4986
vn 0.85742 -0.12743 0.4986
vn 0.88765 -0.1067 0.448
vn 0.86891 -0.14361 0.47368
vn 0.92375 -0.1071 0.36772
vn 0.90919 -0.1364 0.3934
vn 0.95086 -0.10751 0.29037
vn 0.94041 -0.13071 0.31392
vn 0.96565 -0.11348 0.23375
vn 0.95826 -0.12419 0.25751
vn 0.97699 -0.10999 0.18274
vn 0.97182 -0.12358 0.20073
vn 0.98769 -0.11202 0.10918
vn 0.98537 -0.11974 0.12125
vn 0.93434 -0.34634 0.08397
vn 0.93471 -0.34376 0.09027
vn 0.92623 -0.35007 0.13981
vn 0.92591 -0.34654 0.15031
vn 0.91838 -0.3523 0.1802
vn 0.91598 -0.35194 0.19268
vn 0.9071 -0.35805 0.22129
vn 0.90458 -0.35366 0.23802
vn 0.88756 -0.36558 0.28033
vn 0.88252 -0.36137 0.30096
vn 0.86141 -0.37555 0.34195
vn 0.85328 -0.371 0.36644
vn 0.82836 -0.38705 0.40498
vn 0.81617 -0.38376 0.43197
vn 0.78913 -0.40021 0.46594
vn 0.77258 -0.3979 0.49477
vn 0.68076 -0.44529 0.58163
vn 0.7376 -0.54197 0.40276
vn 0.83035 -0.55462 0.05408
vn 0.83039 -0.55454 0.05426
vn 0.82419 -0.55909 0.09013
vn 0.82422 -0.55901 0.09037
vn 0.81763 -0.56395 0.11595
vn 0.81758 -0.56394 0.11635
vn 0.80931 -0.56966 0.14316
vn 0.80932 -0.5695 0.14379
vn 0.79395 -0.5802 0.18171
vn 0.79387 -0.58001 0.18267
vn 0.77339 -0.5937 0.22222
vn 0.77313 -0.59343 0.22383
vn 0.71932 -0.62517 0.30288
vn 0.68669 -0.71494 0.13157
vn 0.99277 -0.11437 0.03643
vn 0.99234 -0.11665 0.04066
vn 0.93901 -0.34273 0.02815
vn 0.93856 -0.34382 0.02998
vn 0.83345 -0.55231 0.01796
vn 0.85395 -0.51925 -0.03393
vn 0.78798 -0.61553 0.01427
vn 0.59627 -0.77559 0.20718
vn 0.62822 -0.77394 0.07973
vn 0.64278 -0.76324 0.06558
vn 0.64364 -0.76266 0.06392
vn 0.6549 -0.75355 0.05718
vn 0.65749 -0.75175 0.05081
vn 0.66634 -0.74434 0.0442
vn 0.66697 -0.74389 0.04214
vn 0.67122 -0.74044 0.03484
vn 0.67184 -0.73999 0.03246
vn 0.67688 -0.73559 0.02717
vn 0.67817 -0.73464 0.01973
vn 0.68105 -0.73206 0.01602
vn 0.68186 -0.73145 0.00654
vn 0.68267 -0.73071 0.00526
vn 0 0 1
vn -0 0 1
vn 0 0 1
vn 0 0 1
vn 0 0 1
vn 0 0 1
vn -0 0 1
vn -0 0 1
vn 2E-05 0 1
vn -0 0 1
vn 2E-05 0 1
vn 0.99915 -0.04125 0
vn 0.99915 -0.04127 0
vn 0.91338 0.4071 0
vn 0.91338 0.40711 0
vn 0.6371 0.77078 0
vn 0.63748 0.77047 0
vn 0.22825 0.9736 0
vn -0.21232 0.9772 0
vn -0.21232 0.9772 0
vn -0.5992 0.8006 0
vn -0.59919 0.8006 0
vn -0.8775 0.47958 0
vn -0.8775 0.47958 0
vn 0.22825 -0.9736 0
vn 0.63711 -0.77077 0
vn 0.6371 -0.77078 0
vn 0.91338 -0.40711 0
vn 0.91338 -0.4071 0
vn 0.99915 0.04127 0
vn 0.99915 0.04125 0
vn -0.8775 -0.47958 0
vn -0.8775 -0.47958 0
vn -0.59919 -0.8006 0
vn -0.5992 -0.8006 0
vn -0.21232 -0.9772 0
vn -0.21232 -0.9772 0
vn -0.45185 -0.54691 0.70478
vn -0.09256 -0.03342 0.99515
vn -0.14169 -0.08367 0.98637
vn -0.21602 -0.10654 0.97056
vn -0.22263 -0.09752 0.97001
vn -0.44119 -0.24504 0.86331
vn -0.44574 -0.24579 0.86076
vn -0.31883 -0.19809 0.92688
vn -0.20899 -0.07434 0.97509
vn -0.20899 -0.07434 0.97509
vn -0.21781 -0.08652 0.97215
vn -0.21781 -0.08652 0.97215
vn -0.44788 -0.52194 0.72593
vn -0.46305 -0.41579 0.78275
vn -0.44702 -0.4269 0.78608
vn -0.47667 -0.38319 0.79117
vn -0.49456 -0.36245 0.78996
vn -0.44888 -0.3592 0.81822
vn -0.43104 -0.2739 0.85976
vn -0.42896 -0.26368 0.86398
vn -0.43043 -0.24988 0.86735
vn -0.43615 -0.24687 0.86535
vn -0.43615 -0.24687 0.86535
vn -0.43615 -0.24687 0.86535
vn -0.43702 -0.24645 0.86503
vn -0.4053 -0.57967 0.70691
vn -0.47173 0.52839 0.70588
vn -0.40529 0.57965 0.70693
vn -0.40529 0.57967 0.70691
vn -0.39101 0.47559 0.78799
vn -0.4936 0.50668 0.70685
vn -0.55361 0.44186 0.70588
vn -0.46467 0.40311 0.78841
vn -0.57142 0.41696 0.70684
vn -0.61985 0.34281 0.70588
vn -0.52506 0.31935 0.78888
vn -0.63308 0.31546 0.70689
vn -0.66848 0.23407 0.70593
vn -0.57059 0.22679 0.7893
vn -0.67702 0.20508 0.70681
vn -0.69833 0.11871 0.70586
vn -0.59987 0.128 0.78979
vn -0.70177 0.0889 0.70684
vn -0.70832 0 0.70589
vn -0.6123 0.02579 0.79021
vn -0.70676 -0.02977 0.70683
vn -0.70177 -0.0889 0.70684
vn -0.64838 -0.11022 0.75329
vn -0.69184 -0.14762 0.7068
vn -0.67702 -0.20508 0.70681
vn -0.62074 -0.21736 0.75328
vn -0.65733 -0.26126 0.70686
vn -0.63308 -0.31546 0.70689
vn -0.57555 -0.31831 0.75327
vn -0.60439 -0.36761 0.70681
vn -0.57142 -0.41696 0.70684
vn -0.51407 -0.4103 0.75325
vn -0.53435 -0.46356 0.70681
vn -0.4936 -0.50668 0.70685
vn -0.43804 -0.49065 0.75325
vn -0.44925 -0.54644 0.7068
vn -0.40528 -0.57966 0.70692
vn -0.27255 0.12794 0.9536
vn -0.26541 0.12994 0.95534
vn -0.23942 0.12496 0.96284
vn -0.13906 0.08185 0.9869
vn -0.09255 0.0337 0.99514
vn -0.42179 0.22756 0.87767
vn -0.29908 0.18611 0.9359
vn -0.27394 0.12077 0.95413
vn -0.27394 0.12077 0.95413
vn -0.27448 0.12458 0.95349
vn -0.4602 0.54073 0.70415
vn -0.39968 0.53055 0.74751
vn -0.49411 0.447 0.74569
vn -0.42507 0.43907 0.79154
vn -0.49519 0.36167 0.78993
vn -0.41835 0.35381 0.83654
vn -0.46836 0.28803 0.83527
vn -0.38463 0.27809 0.88019
vn -0.41581 0.23132 0.87954
vn -0.41581 0.23132 0.87954
vn -0.41581 0.23132 0.87954
vn -0.41839 0.22743 0.87933
vn 0.27248 -0.12796 0.95362
vn 0.26546 -0.12992 0.95533
vn 0.23938 -0.12494 0.96285
vn 0.13905 -0.08184 0.9869
vn 0.09255 -0.0337 0.99514
vn 0.42176 -0.22753 0.8777
vn 0.29904 -0.18609 0.93592
vn 0.27398 -0.12089 0.95411
vn 0.27446 -0.1245 0.9535
vn 0.4602 -0.54073 0.70415
vn 0.39965 -0.53054 0.74753
vn 0.49407 -0.44699 0.74572
vn 0.42511 -0.43907 0.79151
vn 0.49521 -0.3617 0.7899
vn 0.41834 -0.35383 0.83654
vn 0.46838 -0.28801 0.83527
vn 0.38459 -0.27806 0.88021
vn 0.41597 -0.23108 0.87953
vn 0.41597 -0.23108 0.87953
vn 0.41597 -0.23108 0.87953
vn 0.41841 -0.22741 0.87933
vn 0.42108 -0.56886 0.70646
vn 0.67489 -0.21148 0.70696
vn 0.64289 -0.22245 0.73295
vn 0.42108 -0.56885 0.70648
vn 0.46367 -0.53388 0.7071
vn 0.47599 -0.48281 0.73506
vn 0.50514 -0.49578 0.70642
vn 0.54442 -0.45131 0.70705
vn 0.54233 -0.39821 0.7398
vn 0.579 -0.40689 0.70654
vn 0.61065 -0.35667 0.70703
vn 0.59494 -0.30535 0.74351
vn 0.63745 -0.30717 0.70661
vn 0.66061 -0.25253 0.70699
vn 0.16354 0.69758 0.69759
vn 0.45648 0.55226 0.69759
vn 0.65442 0.29168 0.69761
vn 0.71587 -0.02957 0.69761
vn 0 0.7071 0.70711
vn 0 0.7071 0.70711
vn -0.62759 0.34299 0.69892
vn -0.42855 0.57259 0.69892
vn -0.15186 0.6989 0.69891
vn -0.67321 0.21658 0.70702
vn -0.69974 0.27338 0.66002
vn -0.65248 0.27417 0.70647
vn -0.62481 0.33133 0.70699
vn -0.64474 0.39135 0.65662
vn -0.59423 0.38432 0.70654
vn -0.55706 0.43578 0.70695
vn -0.56954 0.49811 0.65384
vn -0.51756 0.48253 0.7066
vn -0.472 0.52677 0.70692
vn -0.47636 0.59014 0.65178
vn -0.4249 0.56578 0.70665
vn -0.37233 0.60143 0.70686
vn -0.36822 0.66443 0.65035
vn -0.31906 0.63147 0.70671
vn -0.2611 0.65744 0.70682
vn -0.24851 0.71853 0.64958
vn -0.20332 0.67759 0.70677
vn -0.11279 0.69937 0.7058
vn -0.16283 0.79618 0.58274
vn -0.08134 0.7027 0.70682
vn 0.00932 0.70834 0.70581
vn -0.02047 0.8041 0.59415
vn 0.04315 0.70602 0.70687
vn 0.13117 0.69615 0.70581
vn 0.11962 0.78707 0.60515
vn 0.16631 0.68749 0.70689
vn 0.24909 0.66318 0.70579
vn 0.25315 0.74604 0.6159
vn 0.28429 0.6476 0.70696
vn 0.35957 0.61035 0.70582
vn 0.37611 0.68289 0.62627
vn 0.39343 0.5877 0.70698
vn 0.45932 0.53933 0.7058
vn 0.48494 0.60004 0.63623
vn 0.49042 0.50957 0.70699
vn 0.54534 0.45219 0.70578
vn 0.57651 0.50035 0.64597
vn 0.57216 0.41561 0.70704
vn 0.61505 0.35151 0.7058
vn 0.64838 0.38733 0.65542
vn 0.63615 0.30887 0.70704
vn 0.66641 0.24035 0.70578
vn 0.69874 0.26476 0.66457
vn 0.68043 0.19253 0.70707
vn 0.69784 0.12199 0.70579
vn 0.72658 0.13665 0.67336
vn 0.70363 0.07011 0.7071
vn 0.70841 0 0.7058
vn 0.7314 0.00703 0.68191
vn 0.70501 -0.05439 0.70711
vn 0.69783 -0.12199 0.7058
vn 0.71358 -0.12006 0.69021
vn 0.68458 -0.17705 0.70711
vn 0.66641 -0.24035 0.70579
vn 0.67419 -0.24076 0.69821
vn 0.64297 -0.29425 0.70711
vn 0.61507 -0.35152 0.70578
vn 0.61505 -0.35151 0.7058
vn 0.54533 -0.45218 0.7058
vn 0.54535 -0.45219 0.70578
vn 0.50149 -0.49851 0.7071
vn 0.46411 -0.54496 0.69829
vn 0.45748 -0.54076 0.7059
vn 0.40648 -0.57858 0.70713
vn 0.36676 -0.62257 0.6913
vn 0.35548 -0.61252 0.70601
vn 0.2987 -0.6409 0.70713
vn 0.25625 -0.68225 0.68474
vn 0.24253 -0.66532 0.70607
vn 0.18163 -0.68341 0.70708
vn 0.136 -0.72181 0.6786
vn 0.12207 -0.69743 0.70618
vn 0.05899 -0.70466 0.70709
vn 0.00973 -0.7396 0.67297
vn -0.00215 -0.70795 0.70626
vn -0.06554 -0.70411 0.70706
vn -0.1185 -0.73475 0.6679
vn -0.12625 -0.69653 0.70633
vn -0.18803 -0.68172 0.70704
vn -0.24458 -0.70718 0.66339
vn -0.24643 -0.66353 0.7064
vn -0.30467 -0.63821 0.70701
vn -0.36441 -0.65755 0.65942
vn -0.35895 -0.60996 0.70647
vn -0.41189 -0.57492 0.70697
vn -0.47401 -0.58723 0.6561
vn -0.46031 -0.53749 0.70655
vn -0.50637 -0.49377 0.70695
vn -0.56977 -0.49832 0.65349
vn -0.54739 -0.4484 0.70661
vn -0.58515 -0.39735 0.70691
vn -0.64855 -0.39366 0.65147
vn -0.66846 -0.23172 0.70673
vn -0.70771 -0.2765 0.65014
vn -0.6458 -0.28858 0.70687
vn -0.6175 -0.34541 0.70667
vn -0.15186 -0.6989 0.69891
vn -0.42855 -0.57259 0.69892
vn -0.62759 -0.34299 0.69892
vn 0 -0.7071 0.70711
vn 0 -0.7071 0.70711
vn 0.71587 0.02957 0.69761
vn 0.65442 -0.29168 0.69761
vn 0.45648 -0.55226 0.69759
vn 0.16354 -0.69758 0.69759
vn 0.42107 0.56885 0.70647
vn 0.42109 0.56886 0.70646
vn 0.66883 0.23143 0.70647
vn 0.62678 0.19641 0.75404
vn 0.66061 0.25253 0.70699
vn 0.63006 0.32337 0.70602
vn 0.5875 0.2831 0.75809
vn 0.61065 0.35667 0.70703
vn 0.57083 0.41914 0.70603
vn 0.54117 0.38031 0.75
vn 0.54442 0.45131 0.70705
vn 0.4972 0.50432 0.70601
vn 0.47879 0.46991 0.74158
vn 0.46367 0.53388 0.7071
vn 0.45184 0.54692 0.70479
vn 0.21824 0.08774 0.97194
vn 0.09256 0.03342 0.99515
vn 0.14195 0.08382 0.98632
vn 0.14195 0.08382 0.98632
vn 0.21603 0.10652 0.97056
vn 0.22263 0.09752 0.97001
vn 0.44111 0.24503 0.86336
vn 0.44574 0.24579 0.86076
vn 0.31883 0.19809 0.92688
vn 0.20899 0.07433 0.97509
vn 0.20899 0.07433 0.97509
vn 0.21495 0.08264 0.97312
vn 0.44786 0.52191 0.72597
vn 0.46302 0.41581 0.78276
vn 0.44711 0.42685 0.78606
vn 0.47664 0.38316 0.79121
vn 0.49455 0.36248 0.78996
vn 0.44888 0.35923 0.81821
vn 0.43104 0.2739 0.85976
vn 0.42904 0.26412 0.86381
vn 0.42904 0.26412 0.86381
vn 0.43043 0.24988 0.86735
vn 0.43607 0.2469 0.86538
vn 0.43607 0.2469 0.86538
vn 0.43607 0.2469 0.86538
vn 0.43698 0.24643 0.86506
vn 0 -0.70713 -0.70708
vn 0 -0.70714 -0.70708
vn -0.70714 0 -0.70708
vn -0.70714 0 -0.70708
vn 0.70709 0 -0.70713
vn 0.70709 0 -0.70713
vn -0.50559 -0.50051 -0.70276
vn -0.50557 -0.5005 -0.70278
vn -0.63485 -0.32106 -0.70277
vn -0.63486 -0.32106 -0.70276
vn -0.70278 -0.11059 -0.70276
vn -0.7028 -0.11058 -0.70274
vn 0.70275 -0.11058 -0.70279
vn 0.70274 -0.11057 -0.7028
vn 0.63483 -0.32104 -0.7028
vn 0.63482 -0.32103 -0.70281
vn 0.50557 -0.50045 -0.70281
vn 0.50558 -0.50055 -0.70273
vn -0.46684 -0.53281 -0.70581
vn -0.3936 -0.48378 -0.78169
vn -0.49146 -0.50873 -0.70687
vn -0.55036 -0.44601 -0.70582
vn -0.46747 -0.40898 -0.78371
vn -0.57005 -0.41882 -0.70685
vn -0.61798 -0.34631 -0.70581
vn -0.52743 -0.32316 -0.78574
vn -0.63239 -0.31695 -0.70684
vn -0.66771 -0.23658 -0.70582
vn -0.5719 -0.22886 -0.78775
vn -0.67671 -0.20602 -0.70684
vn -0.69813 -0.12002 -0.70584
vn -0.59976 -0.12885 -0.78974
vn -0.70172 -0.08924 -0.70684
vn -0.70835 0 -0.70586
vn -0.61044 -0.02598 -0.79163
vn -0.70675 0.03008 -0.70682
vn -0.70172 0.08924 -0.70684
vn -0.6472 0.11127 -0.75416
vn -0.69165 0.14859 -0.70678
vn -0.67671 0.20602 -0.70684
vn -0.61911 0.21936 -0.75404
vn -0.65682 0.26285 -0.70675
vn -0.63239 0.31695 -0.70684
vn -0.57318 0.3212 -0.75385
vn -0.60326 0.36962 -0.70672
vn -0.57005 0.41882 -0.70685
vn -0.51069 0.41385 -0.75361
vn -0.44653 0.54883 -0.70668
vn -0.43341 0.49466 -0.75331
vn -0.49146 0.50873 -0.70687
vn -0.53249 0.46586 -0.7067
vn 0.46686 0.53283 -0.70578
vn 0.39356 0.48375 -0.78172
vn 0.49144 0.50871 -0.7069
vn 0.55034 0.44599 -0.70585
vn 0.46745 0.40896 -0.78373
vn 0.57003 0.4188 -0.70688
vn 0.61795 0.34629 -0.70585
vn 0.52741 0.32315 -0.78576
vn 0.63241 0.31692 -0.70684
vn 0.66771 0.23659 -0.70582
vn 0.57193 0.22887 -0.78772
vn 0.67675 0.20604 -0.7068
vn 0.69817 0.12003 -0.7058
vn 0.5998 0.12886 -0.78971
vn 0.70177 0.08924 -0.7068
vn 0.7084 0 -0.70582
vn 0.61041 0.026 -0.79166
vn 0.70679 -0.0301 -0.70678
vn 0.70177 -0.08924 -0.7068
vn 0.64723 -0.11128 -0.75413
vn 0.69169 -0.1486 -0.70674
vn 0.67675 -0.20604 -0.7068
vn 0.61913 -0.21938 -0.75402
vn 0.65682 -0.26285 -0.70675
vn 0.63241 -0.31692 -0.70684
vn 0.57315 -0.32119 -0.75388
vn 0.60323 -0.36961 -0.70675
vn 0.57003 -0.4188 -0.70688
vn 0.51066 -0.41384 -0.75364
vn 0.44653 -0.54886 -0.70665
vn 0.4334 -0.49464 -0.75332
vn 0.49144 -0.50871 -0.7069
vn 0.53246 -0.46584 -0.70674
vn -0.7028 0.11059 -0.70274
vn -0.70278 0.11057 -0.70276
vn -0.63486 0.32106 -0.70276
vn -0.63485 0.32105 -0.70277
vn -0.50557 0.50049 -0.70278
vn -0.50558 0.50051 -0.70276
vn 0.50563 0.50051 -0.70273
vn 0.50553 0.5005 -0.70281
vn 0.63482 0.32104 -0.70281
vn 0.63483 0.32104 -0.7028
vn 0.70273 0.11058 -0.70281
vn 0.70275 0.11057 -0.70279
vn 0 0.70713 -0.70708
vn 0 0.70714 -0.70708
vn 0 1 -0
vn 0 1 0
vn 0 1 -0
vn 0 1 0
vn 0 1 0
vn 0 1 -0
vn 0 1 -0
vn 0 1 1E-05
vn 0 1 -0
vn 0 1 0
vn 0 1 -0
vn 0.97482 0.01435 -0.22252
vn 0.90732 0 -0.42045
vn 0.80016 0 -0.59979
vn 0.78156 0.02671 -0.62326
vn 0.64643 0 -0.76297
vn 0.47385 0 -0.8806
vn 0.4336 0.03692 -0.90035
vn 0.26617 0 -0.96393
vn 0.05979 0 -0.99821
vn 0 0.04516 -0.99898
vn -0.16378 0 -0.9865
vn -0.36538 0 -0.93086
vn -0.43332 0.05132 -0.89978
vn -0.56329 0 -0.82626
vn -0.7228 0 -0.69106
vn -0.78063 0.05545 -0.62253
vn -0.85845 0 -0.5129
vn -0.94632 0 -0.32323
vn -0.97331 0.05751 -0.22218
vn -0.99452 0 -0.10455
vn -0.99452 0 0.10454
vn -0.97331 0.05752 0.22218
vn -0.94631 0 0.32326
vn -0.85845 0 0.5129
vn -0.78063 0.05545 0.62253
vn -0.7228 0 0.69106
vn -0.56338 0 0.8262
vn -0.43332 0.05136 0.89977
vn -0.36533 0 0.93088
vn -0.16378 0 0.9865
vn 0 0.04516 0.99898
vn 0.05979 0 0.99821
vn 0.26617 0 0.96393
vn 0.4336 0.03692 0.90035
vn 0.47385 0 0.88061
vn 0.64669 0 0.76275
vn 0.78156 0.02671 0.62326
vn 0.80016 0 0.59979
vn 0.90732 0 0.42044
vn 0.97482 0.01435 0.22252
vn 0.97814 0 0.20794
vn 0.97814 0 -0.20794
vn 0 1 -0
vn 0 1 -0
vn 0 1 1E-05
vn 0 1 -0
vn 0 1 1E-05
vn 0 1 -0
vn 0 1 0
vn 0 1 -0
vn 0 1 0
vn 0 1 -0
vn 0 1 0
vn 0 1 0
vn 0.97483 0.01436 -0.22248
vn 0.90732 0 -0.42044
vn 0.80014 0 -0.59982
vn 0.78156 0.02667 -0.62326
vn 0.64659 0 -0.76283
vn 0.43358 0.03693 -0.90036
vn 0.26611 0 -0.96394
vn 0 0.04516 -0.99898
vn -0.16381 0 -0.98649
vn -0.43331 0.0513 -0.89978
vn -0.56323 0 -0.8263
vn -0.7228 0 -0.69105
vn -0.78063 0.05545 -0.62253
vn -0.85845 0 -0.5129
vn -0.94635 0 -0.32316
vn -0.97332 0.05748 -0.22214
vn -0.99452 0 -0.10455
vn -0.99452 0 0.10454
vn -0.97332 0.05749 0.22214
vn -0.94634 0 0.32318
vn -0.85845 0 0.5129
vn -0.78063 0.05544 0.62253
vn -0.7228 0 0.69105
vn -0.56332 0 0.82624
vn -0.43331 0.05134 0.89978
vn -0.16381 0 0.98649
vn 0 0.04516 0.99898
vn 0.26611 0 0.96394
vn 0.43358 0.03693 0.90036
vn 0.6466 0 0.76283
vn 0.78156 0.02667 0.62326
vn 0.80014 0 0.59982
vn 0.90732 0 0.42044
vn 0.97483 0.01436 0.22248
vn 0.97815 0 0.20789
vn 0.97815 0 -0.20789
vn 0 -1 -0
vn 0 -1 0
vn 0 -1 0
vn 0 -1 -1E-05
vn 0 -1 0
vn 0 -1 -0
vn 0 -1 0
vn 0 -1 0
vn 0 -1 -0
vn 0 -1 0
vn -0.97482 -0.01436 -0.22252
vn -0.90732 0 -0.42045
vn -0.80014 0 -0.59982
vn -0.78156 -0.02667 -0.62326
vn -0.64659 0 -0.76284
vn -0.47385 0 -0.8806
vn -0.4336 -0.03692 -0.90035
vn -0.26617 0 -0.96393
vn -0.05979 0 -0.99821
vn 0 -0.04516 -0.99898
vn 0.16378 0 -0.9865
vn 0.36539 0 -0.93086
vn 0.43332 -0.05132 -0.89978
vn 0.56329 0 -0.82626
vn 0.7228 0 -0.69105
vn 0.78063 -0.05545 -0.62253
vn 0.85845 0 -0.5129
vn 0.94632 0 -0.32323
vn 0.97331 -0.0575 -0.22218
vn 0.99452 0 -0.10455
vn 0.99452 0 0.10454
vn 0.97331 -0.05752 0.22218
vn 0.94631 0 0.32326
vn 0.85845 0 0.5129
vn 0.78063 -0.05545 0.62253
vn 0.7228 0 0.69105
vn 0.56338 0 0.8262
vn 0.43332 -0.05136 0.89977
vn 0.36533 0 0.93088
vn 0.16378 0 0.9865
vn 0 -0.04516 0.99898
vn -0.05979 0 0.99821
vn -0.26617 0 0.96393
vn -0.4336 -0.03692 0.90035
vn -0.47385 0 0.88061
vn -0.6466 0 0.76283
vn -0.78156 -0.02667 0.62326
vn -0.80014 0 0.59982
vn -0.90732 0 0.42045
vn -0.97482 -0.01436 0.22252
vn -0.97814 0 0.20794
vn -0.97814 0 -0.20794
vn 0 -1 -0
vn 0 -1 0
vn 0 -1 -0
vn 0 -1 0
vn 0 -1 -0
vn 0 -1 -0
vn 0 -1 0
vn 0 -1 0
vn 0 -1 -1E-05
vn 0 -1 0
vn 0 -1 -1E-05
vn 0 -1 0
vn -0.97483 -0.01436 -0.22248
vn -0.90732 0 -0.42044
vn -0.78156 -0.02667 -0.62326
vn -0.64659 0 -0.76283
vn -0.43358 -0.03694 -0.90036
vn -0.26611 0 -0.96394
vn 0 -0.04516 -0.99898
vn 0.16381 0 -0.98649
vn 0.36538 0 -0.93086
vn 0.43331 -0.0513 -0.89978
vn 0.56323 0 -0.8263
vn 0.78063 -0.05545 -0.62253
vn 0.85845 0 -0.5129
vn 0.94635 0 -0.32316
vn 0.97332 -0.05748 -0.22214
vn 0.99452 0 -0.10455
vn 0.99452 0 0.10454
vn 0.97332 -0.05749 0.22214
vn 0.94634 0 0.32318
vn 0.85845 0 0.5129
vn 0.78063 -0.05544 0.62253
vn 0.56332 0 0.82624
vn 0.43331 -0.05134 0.89978
vn 0.36533 0 0.93088
vn 0.16381 0 0.98649
vn 0 -0.04516 0.99898
vn -0.26611 0 0.96394
vn -0.43358 -0.03693 0.90036
vn -0.6466 0 0.76283
vn -0.78156 -0.02667 0.62326
vn -0.90732 0 0.42043
vn -0.97483 -0.01436 0.22248
vn -0.97815 0 0.20789
vn -0.97815 0 -0.20789
vn -0.60386 -0.66547 0.43875
vn -0.57114 -0.70034 0.42816
vn -0.45732 -0.70694 0.53953
vn -0.38706 -0.63311 0.67034
vn -0.3377 -0.70149 0.62759
vn -0.18823 -0.70688 0.68182
vn -0.08329 -0.60399 0.79263
vn -0.04256 -0.70233 0.71057
vn 0.11593 -0.70651 0.69814
vn 0.25185 -0.57938 0.77517
vn 0.25974 -0.7032 0.66185
vn 0.39884 -0.70619 0.585
vn 0.55401 -0.5608 0.61528
vn 0.51337 -0.70394 0.49083
vn 0.60821 -0.70571 0.36339
vn 0.76349 -0.54912 0.33991
vn 0.67154 -0.70459 0.22933
vn 0.70513 -0.7052 0.07412
vn 0.83829 -0.54522 0
vn 0.70511 -0.70521 -0.07412
vn 0.65302 -0.69931 -0.29074
vn 0.87968 -0.36863 -0.30047
vn 0.87968 -0.36863 -0.30047
vn 0.60825 -0.70566 -0.36342
vn 0.47836 -0.69924 -0.53126
vn 0.64813 -0.44264 -0.61967
vn 0.39877 -0.70619 -0.58504
vn 0.2209 -0.69933 -0.67981
vn 0.31457 -0.5087 -0.80141
vn 0.11593 -0.70651 -0.69814
vn -0.07474 -0.69931 -0.7109
vn -0.04926 -0.56674 -0.82242
vn -0.18825 -0.70678 -0.68192
vn -0.35742 -0.69929 -0.61907
vn -0.37276 -0.61739 -0.69274
vn -0.45732 -0.70694 -0.53953
vn -0.57835 -0.69925 -0.42019
vn -0.6002 -0.6613 -0.44993
vn -0.64161 -0.70706 -0.29733
vn -0.69924 -0.69926 -0.14865
vn -0.69915 -0.69937 -0.14859
vn -0.69914 -0.69937 0.14862
vn -0.69923 -0.69928 0.14861
vn -0.64158 -0.7071 0.29731
vn 0.60378 0.66557 0.4387
vn 0.57116 0.70034 0.42813
vn 0.45721 0.70694 0.53963
vn 0.38702 0.63316 0.67031
vn 0.3377 0.70149 0.62759
vn 0.18827 0.70689 0.68181
vn 0.08329 0.60398 0.79264
vn 0.04256 0.70233 0.71058
vn -0.1159 0.70653 0.69813
vn -0.25186 0.57937 0.77518
vn -0.25976 0.70316 0.66189
vn -0.39892 0.70614 0.58501
vn -0.55397 0.56084 0.61528
vn -0.51332 0.70402 0.49077
vn -0.60813 0.7058 0.36334
vn -0.7634 0.54928 0.33987
vn -0.67153 0.70458 0.22939
vn -0.70513 0.7052 0.07412
vn -0.8383 0.54521 0
vn -0.70512 0.70521 -0.07412
vn -0.65302 0.69931 -0.29074
vn -0.87964 0.36874 -0.30045
vn -0.60818 0.70575 -0.36337
vn -0.4783 0.69931 -0.53122
vn -0.64813 0.44265 -0.61967
vn -0.39886 0.70614 -0.58505
vn -0.22091 0.6993 -0.67984
vn -0.31457 0.50871 -0.80141
vn -0.1159 0.70653 -0.69813
vn 0.07474 0.6993 -0.71091
vn 0.04926 0.56673 -0.82243
vn 0.1883 0.70679 -0.68191
vn 0.35741 0.69929 -0.61907
vn 0.37273 0.61745 -0.69269
vn 0.45721 0.70694 -0.53963
vn 0.57835 0.69925 -0.42019
vn 0.60027 0.66117 -0.45004
vn 0.60027 0.66117 -0.45004
vn 0.64152 0.70715 -0.2973
vn 0.69938 0.69912 -0.14867
vn 0.69924 0.69926 -0.14865
vn 0.69925 0.69926 0.14861
vn 0.69912 0.69938 0.14862
vn 0.64149 0.70719 0.29728
vn 0.60386 0.66547 0.43875
vn 0.57114 0.70034 0.42816
vn 0.45732 0.70694 0.53953
vn 0.38706 0.63311 0.67034
vn 0.3377 0.70149 0.62759
vn 0.18823 0.70688 0.68183
vn 0.08329 0.60399 0.79263
vn 0.04256 0.70233 0.71057
vn -0.11593 0.70651 0.69814
vn -0.25185 0.57938 0.77517
vn -0.25974 0.7032 0.66185
vn -0.39884 0.70619 0.585
vn -0.55401 0.5608 0.61528
vn -0.51337 0.70394 0.49083
vn -0.60821 0.70572 0.36339
vn -0.76349 0.54912 0.33991
vn -0.67154 0.70459 0.22933
vn -0.70513 0.7052 0.07412
vn -0.8383 0.54521 0
vn -0.65302 0.69931 -0.29074
vn -0.87982 0.36831 -0.30044
vn -0.60825 0.70566 -0.36342
vn -0.47836 0.69924 -0.53126
vn -0.64813 0.44264 -0.61967
vn -0.39877 0.70619 -0.58504
vn -0.2209 0.69933 -0.67981
vn -0.11593 0.70651 -0.69814
vn 0.07474 0.69931 -0.7109
vn 0.04926 0.56674 -0.82242
vn 0.18825 0.70678 -0.68192
vn 0.35742 0.69929 -0.61907
vn 0.37276 0.61739 -0.69274
vn 0.45732 0.70694 -0.53953
vn 0.57835 0.69925 -0.42019
vn 0.60019 0.6613 -0.44994
vn 0.64161 0.70706 -0.29733
vn 0.69925 0.69925 -0.14865
vn 0.69915 0.69937 -0.14859
vn 0.69938 0.69913 0.14864
vn 0.69938 0.69913 0.14864
vn 0.69924 0.69927 0.14861
vn 0.64158 0.70709 0.29731
vn -0.60379 -0.66557 0.4387
vn -0.57107 -0.70043 0.42811
vn -0.45728 -0.70701 0.53947
vn -0.38702 -0.63317 0.67031
vn -0.3377 -0.70149 0.62759
vn -0.18827 -0.70689 0.68181
vn -0.08329 -0.60398 0.79264
vn -0.04256 -0.70233 0.71058
vn 0.1159 -0.70653 0.69813
vn 0.25185 -0.57938 0.77517
vn 0.25974 -0.7032 0.66185
vn 0.39888 -0.70619 0.58497
vn 0.55408 -0.56063 0.61537
vn 0.51355 -0.70368 0.49102
vn 0.60813 -0.70581 0.36334
vn 0.7634 -0.54929 0.33987
vn 0.67152 -0.70458 0.22939
vn 0.70513 -0.70519 0.07412
vn 0.8383 -0.54522 0
vn 0.70512 -0.70521 -0.07412
vn 0.65302 -0.69931 -0.29074
vn 0.87976 -0.36843 -0.30046
vn 0.87976 -0.36843 -0.30046
vn 0.60817 -0.70575 -0.36337
vn 0.47831 -0.69931 -0.53121
vn 0.64808 -0.4428 -0.61962
vn 0.39882 -0.70619 -0.58501
vn 0.2209 -0.69933 -0.67981
vn 0.31457 -0.50871 -0.80141
vn 0.1159 -0.70653 -0.69813
vn -0.07474 -0.6993 -0.71091
vn -0.04926 -0.56673 -0.82243
vn -0.1883 -0.70679 -0.68191
vn -0.35741 -0.69929 -0.61907
vn -0.37273 -0.61745 -0.69269
vn -0.45728 -0.70701 -0.53948
vn -0.57828 -0.69934 -0.42015
vn -0.60013 -0.6614 -0.44988
vn -0.64153 -0.70715 -0.2973
vn -0.69916 -0.69936 -0.1486
vn -0.69924 -0.69926 -0.14865
vn -0.69925 -0.69926 0.14861
vn -0.69913 -0.69938 0.14862
vn -0.64149 -0.70719 0.29728
vn 0 1 0
vn 0 1 -0
vn 0 1 -0
vn 0 1 0
vn 0 1 0
vn 0 1 0
vn 0 1 -0
vn 0 1 0
vn 0 1 0
vn 0 1 -0
vn 0 1 0
vn 0 1 -0
vn 0 1 0
vn 0 1 0
vn 0 1 0
vn 0 1 -1E-05
vn 0 1 -0
vn 0 1 0
vn 0 1 -0
vn 0 1 -1E-05
vn 0 1 0
vn 0 1 -0
vn 0 1 -0
vn 0 1 0
vn 0 1 -0
vn 0 1 -0
vn 0 1 -1E-05
vn 0 1 0
vn 0 1 -0
vn 0 1 -1E-05
vn 0 1 0
vn 0 1 -0
vn 0 1 -0
vn 0 1 -0
vn 0 1 0
vn 0 1 0
vn 0 1 -0
vn 0 1 1E-05
vn 0 1 -0
vn 0 1 0
vn 0 1 -0
vn 0 1 -0
vn 0 1 0
vn 0 1 0
vn 0 1 0
vn 0 1 -0
vn 0 1 -0
vn 0 1 0
vn 0 1 0
vn 0 1 -0
vn 0 1 -0
vn 0 1 0
vn 0 1 0
vn 0 1 0
vn 0 1 -0
vn 0 1 0
vn 0 1 0
vn 0 1 -0
vn 0 1 0
vn 0 1 0
vn 0 1 -1E-05
vn 0 1 0
vn 0 1 0
vn 0 1 -0
vn 0 1 0
vn 0 1 0
vn 0 1 -0
vn 0 1 0
vn 0 1 -0
vn 0 1 0
vn 0 1 0
vn 0 1 0
vn 0 1 -0
vn 0 1 -0
vn 0 1 0
vn 0 1 -0
vn 0 1 0
vn 0 1 -0
vn 0 1 0
vn 0 1 -0
vn 0 1 0
vn 0 1 0
vn 0 1 -0
vn 0 1 -0
vn 0 1 0
vn 0 1 -0
vn 0 1 -0
vn 0 1 -0
vn 0 1 -0
vn 0 1 1E-05
vn 0 1 0
vn 0 1 -0
vn 0 1 0
vn 0 1 -0
vn 0 1 -0
vn 0 1 0
vn 0 1 0
vn 0 1 1E-05
vn 0 1 -0
vn 0 1 -0
vn 0 1 0
vn 0 1 -0
vn 0 1 0
vn 0 1 -0
vn 0 1 0
vn 0 1 0
vn 0.94337 0 0.33174
vn 0.9328 0.0568 0.35589
vn 0.99455 0 0.10425
vn 0.98789 0.05099 0.14653
vn 0.98008 0 0.1986
vn 0.96404 0 0.26576
vn 0.99937 0 0.03535
vn 0.99823 0.03187 -0.05018
vn 0.99887 0.0191 -0.04361
vn 0.99168 0 -0.12875
vn 0.97262 0 -0.2324
vn 0.97741 0.07795 -0.19645
vn 0.89678 0 -0.44247
vn 0.90987 0.04658 -0.41226
vn 0.93488 0 -0.35496
vn 0.95715 0 -0.28958
vn 0.86413 0 -0.50327
vn 0.82348 0.0113 -0.56723
vn 0.81554 0.03381 -0.57771
vn 0.76998 0 -0.63806
vn 0.69151 0 -0.72237
vn 0.72048 0.09899 -0.68637
vn 0.65502 0 -0.75561
vn 0.60126 0 -0.79905
vn 0.52459 0.04799 -0.85
vn 0.54188 0.00685 -0.84043
vn 0.46242 0 -0.88666
vn 0.37257 0 -0.928
vn 0.39908 0.06387 -0.91469
vn 0.15082 0 -0.98856
vn 0.18951 0.05 -0.9806
vn 0.24437 0 -0.96968
vn 0.31069 0 -0.95051
vn 0.08217 0 -0.99662
vn 0 0.0245 -0.9997
vn -0.08217 0 -0.99662
vn -0.18975 0 -0.98183
vn -0.15027 0.08502 -0.98498
vn -0.39991 0 -0.91655
vn -0.37221 0.04415 -0.9271
vn -0.31067 0 -0.95052
vn -0.24438 0 -0.96968
vn -0.4622 0 -0.88677
vn -0.52519 0.0054 -0.85097
vn -0.54151 0.03774 -0.83985
vn -0.72406 0 -0.68974
vn -0.69059 0.05147 -0.72141
vn -0.655 0 -0.75563
vn -0.60127 0 -0.79905
vn -0.76994 0 -0.63812
vn -0.8229 0.03971 -0.5668
vn -0.81594 0.01325 -0.57799
vn -0.86413 0 -0.50327
vn -0.91086 0 -0.41273
vn -0.89453 0.07089 -0.44136
vn -0.9804 0 -0.19704
vn -0.97148 0.0485 -0.23211
vn -0.95716 0 -0.28954
vn -0.93486 0 -0.35501
vn -0.99165 0 -0.12892
vn -0.99858 0.01767 -0.0502
vn -0.99861 0.02944 -0.04362
vn -0.99937 0 0.03537
vn -0.98918 0 0.14672
vn -0.99033 0.09198 0.10384
vn -0.93432 0 0.35644
vn -0.94257 0.04116 0.33146
vn -0.96402 0 0.26583
vn -0.98009 0 0.19856
vn 0 -1 0
vn 0 -1 -0
vn 0 -1 0
vn 0 -1 0
vn 0 -1 -0
vn 0 -1 0
vn 0 -1 -0
vn 0 -1 0
vn 0 -1 -0
vn 0 -1 0
vn 0 -1 -0
vn 0 -1 0
vn 0 -1 0
vn 0 -1 -0
vn 0 -1 -0
vn 0 -1 1E-05
vn 0 -1 -0
vn 0 -1 -0
vn 0 -1 0
vn 0 -1 -0
vn 0 -1 0
vn 0 -1 0
vn 0 -1 -1E-05
vn 0 -1 -0
vn 0 -1 -0
vn 0 -1 -0
vn 0 -1 0
vn 0 -1 0
vn 0 -1 0
vn 0 -1 -0
vn 0 -1 -1E-05
vn 0 -1 -0
vn 0 -1 0
vn 0 -1 0
vn 0 -1 -0
vn 0 -1 0
vn 0 -1 -0
vn 0 -1 -0
vn 0 -1 0
vn 0 -1 0
vn 0 -1 -1E-05
vn 0 -1 -0
vn 0 -1 0
vn 0 -1 -0
vn 0 -1 0
vn 0 -1 -0
vn 0 -1 0
vn 0 -1 -0
vn 0 -1 -0
vn 0 -1 0
vn 0 -1 -0
vn 0 -1 -0
vn 0 -1 0
vn 0 -1 0
vn 0 -1 -0
vn 0 -1 0
vn 0 -1 -0
vn 0 -1 0
vn 0 -1 -0
vn 0 -1 -0
vn 0 -1 0
vn 0 -1 0
vn 0 -1 -0
vn 0 -1 0
vn 0 -1 -0
vn 0 -1 0
vn 0 -1 -0
vn 0 -1 0
vn 0 -1 -0
vn 0 -1 0
vn 0 -1 -0
vn 0 -1 0
vn 0 -1 -0
vn 0 -1 -0
vn 0 -1 -0
vn 0 -1 0
vn 0 -1 -0
vn 0 -1 0
vn 0 -1 -0
vn 0 -1 0
vn 0 -1 0
vn 0 -1 0
vn 0 -1 -0
vn 0 -1 -0
vn 0 -1 -0
vn 0 -1 -0
vn 0 -1 0
vn 0 -1 -0
vn 0 -1 -0
vn 0 -1 0
vn 0 -1 0
vn 0 -1 -9E-05
vn 0 -1 0
vn 0 -1 -0
vn 0 -1 0
vn 0 -1 -1E-05
vn 0 -1 1E-05
vn 0 -1 1E-05
vn 0 -1 -0
vn 0 -1 0
vn 0 -1 -0
vn 0 -1 -0
vn 0 -1 0
vn 0 -1 -0
vn 0 -1 -0
vn -0.25877 -0.01583 0.96581
vn -0.45377 0 0.89112
vn -0.62926 0 0.77719
vn -0.70691 -0.02377 0.70691
vn -0.80909 0 0.58769
vn -0.91363 0 0.40655
vn -0.96564 -0.02376 0.25879
vn -0.98769 0 0.15644
vn -0.99864 0 -0.05212
vn -0.96579 -0.01579 -0.25885
vn -0.95105 0 -0.30903
vn -0.7432 0 -0.66907
vn -0.70706 -0.01582 -0.70698
vn -0.54463 0 -0.83868
vn -0.35837 0 -0.93358
vn -0.25873 -0.02375 -0.96566
vn -0.1045 0 -0.99453
vn 0.1045 0 -0.99453
vn 0.25875 -0.02376 -0.96565
vn 0.3584 0 -0.93357
vn 0.54463 0 -0.83868
vn 0.70702 -0.01581 -0.70701
vn 0.74316 0 -0.66912
vn 0.95105 0 -0.30903
vn 0.9658 -0.01581 -0.25879
vn 0.99863 0 -0.05227
vn 0.98769 0 0.15644
vn 0.96566 -0.02375 0.25873
vn 0.91356 0 0.40671
vn 0.80901 0 0.5878
vn 0.70688 -0.02376 0.70694
vn 0.62926 0 0.77719
vn 0.4542 0 0.8909
vn 0.25879 -0.01583 0.9658
vn 0.20785 0 0.97816
vn -0.20783 0 0.97816
vn 0.42372 -0.69306 0.58321
vn 0.44771 -0.70271 0.55295
vn 0.6191 -0.69926 0.35743
vn 0.59938 -0.67163 0.4355
vn 0.64775 -0.70517 0.28838
vn 0.71096 -0.69925 0.07472
vn 0.71835 -0.68631 0.11378
vn 0.70664 -0.70661 -0.03698
vn 0.67989 -0.69925 -0.2209
vn 0.67988 -0.69926 -0.22092
vn 0.53125 -0.69925 -0.47834
vn 0.53126 -0.69925 -0.47834
vn 0.38539 -0.70661 -0.59344
vn 0.29321 -0.69305 -0.65857
vn 0.25499 -0.70271 -0.66422
vn 0 -0.69925 -0.71488
vn 0.07742 -0.67164 -0.73682
vn -0.07409 -0.70516 -0.70517
vn -0.29076 -0.69925 -0.65307
vn -0.26063 -0.68631 -0.679
vn -0.38538 -0.70662 -0.59344
vn -0.53127 -0.69925 -0.47833
vn -0.53129 -0.69926 -0.4783
vn -0.67988 -0.69926 -0.22092
vn -0.67988 -0.69926 -0.22092
vn -0.70661 -0.70663 -0.03722
vn -0.71694 -0.69305 0.07535
vn -0.70271 -0.70271 0.1113
vn -0.61909 -0.69925 0.35745
vn -0.67676 -0.67167 0.30142
vn -0.57369 -0.70515 0.4167
vn -0.42021 -0.69925 0.57834
vn -0.45766 -0.68633 0.56524
vn -0.32137 -0.70662 0.6304
vn -0.14864 -0.69925 0.69925
vn -0.14857 -0.69927 0.69925
vn 0.14864 -0.69926 0.69924
vn 0.14859 -0.69925 0.69927
vn 0.32137 -0.70662 0.6304
vn -0.25877 -0.0158 0.96581
vn -0.45389 0 0.89106
vn -0.62933 0 0.77714
vn -0.70694 -0.02376 0.70687
vn -0.80908 0 0.5877
vn -0.91349 0 0.40685
vn -0.96564 -0.02376 0.25879
vn -0.98769 0 0.15644
vn -0.96579 -0.01579 -0.25885
vn -0.7432 0 -0.66907
vn -0.70705 -0.01582 -0.70698
vn -0.54462 0 -0.83868
vn -0.35837 0 -0.93358
vn -0.25873 -0.02375 -0.96566
vn -0.10451 0 -0.99452
vn 0.10451 0 -0.99452
vn 0.25875 -0.02376 -0.96565
vn 0.35841 0 -0.93356
vn 0.54462 0 -0.83868
vn 0.70702 -0.01581 -0.70702
vn 0.74316 0 -0.66912
vn 0.9658 -0.01581 -0.25879
vn 0.98769 0 0.15644
vn 0.96566 -0.02375 0.25873
vn 0.809 0 0.5878
vn 0.70691 -0.02375 0.7069
vn 0.62933 0 0.77714
vn 0.45389 0 0.89106
vn 0.25879 -0.0158 0.9658
vn 0.20794 0 0.97814
vn -0.20792 0 0.97815
vn 0.42372 -0.69305 0.58322
vn 0.44775 -0.70271 0.55291
vn 0.6191 -0.69926 0.35743
vn 0.59938 -0.67163 0.43549
vn 0.64775 -0.70516 0.28838
vn 0.71096 -0.69925 0.07472
vn 0.71835 -0.68631 0.11378
vn 0.70663 -0.70662 -0.03698
vn 0.67989 -0.69925 -0.2209
vn 0.67988 -0.69926 -0.22092
vn 0.53125 -0.69926 -0.47834
vn 0.53127 -0.69925 -0.47833
vn 0.38536 -0.70662 -0.59345
vn 0.25499 -0.70271 -0.66422
vn 0.07743 -0.67164 -0.73682
vn -0.0741 -0.70516 -0.70517
vn -0.29076 -0.69925 -0.65307
vn -0.26064 -0.68631 -0.679
vn -0.38536 -0.70662 -0.59345
vn -0.53127 -0.69925 -0.47833
vn -0.53129 -0.69926 -0.47829
vn -0.67988 -0.69926 -0.22092
vn -0.67987 -0.69926 -0.22092
vn -0.70664 -0.70661 -0.03689
vn -0.71694 -0.69305 0.07535
vn -0.70271 -0.70271 0.1113
vn -0.64771 -0.70516 0.28848
vn -0.62605 -0.69094 0.36147
vn -0.57369 -0.70515 0.4167
vn -0.4202 -0.69925 0.57834
vn -0.45772 -0.68631 0.56522
vn -0.32121 -0.70662 0.63049
vn -0.14864 -0.69925 0.69925
vn -0.14864 -0.69925 0.69925
vn 0.14865 -0.69925 0.69925
vn 0.14864 -0.69925 0.69925
vn 0.3212 -0.70662 0.63049
vn -0.25878 -0.0158 0.96581
vn -0.45387 0 0.89107
vn -0.62935 0 0.77712
vn -0.70695 -0.02376 0.70687
vn -0.80909 0 0.58769
vn -0.91349 0 0.40685
vn -0.96564 -0.02376 0.25879
vn -0.98769 0 0.15644
vn -0.99862 0 -0.05259
vn -0.96579 -0.01579 -0.25885
vn -0.74319 0 -0.66908
vn -0.70706 -0.01581 -0.70697
vn -0.5447 0 -0.83863
vn -0.35839 0 -0.93357
vn -0.25874 -0.02376 -0.96566
vn -0.10446 0 -0.99453
vn 0.10446 0 -0.99453
vn 0.25874 -0.02376 -0.96566
vn 0.35839 0 -0.93357
vn 0.54468 0 -0.83864
vn 0.70705 -0.01581 -0.70699
vn 0.74317 0 -0.6691
vn 0.95105 0 -0.30903
vn 0.9658 -0.01581 -0.25879
vn 0.99863 0 -0.05226
vn 0.98769 0 0.15644
vn 0.96566 -0.02375 0.25873
vn 0.91356 0 0.40672
vn 0.80901 0 0.5878
vn 0.70693 -0.02374 0.70688
vn 0.62938 0 0.7771
vn 0.45387 0 0.89107
vn 0.25878 -0.0158 0.96581
vn 0.20794 0 0.97814
vn -0.20794 0 0.97814
vn 0.42373 -0.69304 0.58322
vn 0.44778 -0.70272 0.55288
vn 0.6191 -0.69926 0.35743
vn 0.59937 -0.67163 0.43551
vn 0.64776 -0.70516 0.28837
vn 0.71096 -0.69925 0.07472
vn 0.71835 -0.68632 0.11378
vn 0.70662 -0.70663 -0.03698
vn 0.6799 -0.69925 -0.2209
vn 0.67988 -0.69926 -0.22092
vn 0.53125 -0.69926 -0.47834
vn 0.53129 -0.69924 -0.47832
vn 0.3854 -0.70662 -0.59343
vn 0.29322 -0.69305 -0.65857
vn 0.25498 -0.70271 -0.66422
vn 0 -0.69925 -0.71488
vn 0.07741 -0.67165 -0.73681
vn -0.07409 -0.70516 -0.70517
vn -0.29077 -0.69925 -0.65308
vn -0.26065 -0.68632 -0.67899
vn -0.38541 -0.70663 -0.59341
vn -0.53127 -0.69925 -0.47833
vn -0.53128 -0.69926 -0.4783
vn -0.67988 -0.69926 -0.22092
vn -0.67988 -0.69926 -0.22092
vn -0.70659 -0.70665 -0.03722
vn -0.71694 -0.69305 0.07535
vn -0.70272 -0.70271 0.1113
vn -0.64772 -0.70515 0.28847
vn -0.62604 -0.69094 0.36147
vn -0.57368 -0.70515 0.41672
vn -0.42021 -0.69925 0.57834
vn -0.45774 -0.6863 0.56521
vn -0.32118 -0.70662 0.63051
vn -0.14864 -0.69925 0.69925
vn -0.14865 -0.69925 0.69925
vn 0.14865 -0.69925 0.69925
vn 0.14864 -0.69925 0.69925
vn 0.32118 -0.70662 0.63051
vn -0.25877 -0.0158 0.96581
vn -0.45419 0 0.8909
vn -0.45419 0 0.8909
vn -0.45419 0 0.8909
vn -0.62933 0 0.77714
vn -0.70694 -0.02376 0.70687
vn -0.80908 0 0.5877
vn -0.91363 0 0.40655
vn -0.91363 0 0.40655
vn -0.96564 -0.02377 0.25879
vn -0.98769 0 0.15642
vn -0.99862 0 -0.05255
vn -0.96579 -0.0158 -0.25885
vn -0.95105 0 -0.30903
vn -0.7432 0 -0.66907
vn -0.70705 -0.01582 -0.70698
vn -0.35837 0 -0.93358
vn -0.25873 -0.02375 -0.96566
vn -0.10451 0 -0.99452
vn 0.10451 0 -0.99452
vn 0.25875 -0.02376 -0.96565
vn 0.54462 0 -0.83868
vn 0.70702 -0.01581 -0.70702
vn 0.74316 0 -0.66912
vn 0.9658 -0.01581 -0.25879
vn 0.99863 0 -0.05226
vn 0.96566 -0.02375 0.25873
vn 0.91356 0 0.40671
vn 0.809 0 0.58781
vn 0.70691 -0.02375 0.70691
vn 0.45419 0 0.8909
vn 0.45419 0 0.8909
vn 0.25879 -0.0158 0.96581
vn 0.42372 -0.69305 0.58322
vn 0.44775 -0.70272 0.55291
vn 0.6191 -0.69926 0.35743
vn 0.59938 -0.67163 0.4355
vn 0.64775 -0.70516 0.28838
vn 0.71096 -0.69925 0.07472
vn 0.71835 -0.68631 0.11378
vn 0.70663 -0.70662 -0.03698
vn 0.6799 -0.69925 -0.2209
vn 0.67987 -0.69926 -0.22092
vn 0.53125 -0.69926 -0.47834
vn 0.53127 -0.69925 -0.47833
vn 0.38536 -0.70662 -0.59345
vn 0.29321 -0.69305 -0.65857
vn 0.25499 -0.7027 -0.66422
vn 0 -0.69925 -0.71488
vn 0.07743 -0.67164 -0.73682
vn -0.0741 -0.70516 -0.70517
vn -0.29076 -0.69925 -0.65307
vn -0.26064 -0.68631 -0.679
vn -0.38536 -0.70662 -0.59345
vn -0.53127 -0.69925 -0.47833
vn -0.53129 -0.69926 -0.4783
vn -0.67988 -0.69926 -0.22092
vn -0.67987 -0.69926 -0.22092
vn -0.7066 -0.70664 -0.03718
vn -0.71694 -0.69305 0.07535
vn -0.70272 -0.70271 0.11128
vn -0.64771 -0.70516 0.28848
vn -0.62605 -0.69094 0.36147
vn -0.57369 -0.70515 0.41671
vn -0.4202 -0.69925 0.57834
vn -0.45772 -0.68631 0.56522
vn -0.3212 -0.70662 0.63049
vn -0.14864 -0.69925 0.69925
vn -0.14864 -0.69925 0.69925
vn 0.14865 -0.69925 0.69925
vn 0.14864 -0.69925 0.69925
vn 0.3212 -0.70662 0.63049
vn -0.25877 -0.01583 0.96581
vn -0.4542 0 0.8909
vn -0.62926 0 0.77719
vn -0.70691 -0.02377 0.70691
vn -0.80909 0 0.58769
vn -0.98769 0 0.15642
vn -0.96579 -0.0158 -0.25885
vn -0.7432 0 -0.66907
vn -0.70706 -0.01581 -0.70698
vn -0.35837 0 -0.93358
vn -0.25873 -0.02375 -0.96566
vn -0.1045 0 -0.99453
vn 0.1045 0 -0.99453
vn 0.25875 -0.02376 -0.96565
vn 0.54463 0 -0.83868
vn 0.70702 -0.01581 -0.70701
vn 0.74316 0 -0.66912
vn 0.9658 -0.01581 -0.25879
vn 0.98769 0 0.15644
vn 0.96566 -0.02375 0.25873
vn 0.70687 -0.02376 0.70694
vn 0.25879 -0.01583 0.9658
vn 0.42372 -0.69306 0.58321
vn 0.44771 -0.70271 0.55295
vn 0.6191 -0.69926 0.35743
vn 0.59937 -0.67163 0.4355
vn 0.64775 -0.70517 0.28838
vn 0.71096 -0.69925 0.07472
vn 0.71835 -0.68632 0.11378
vn 0.70664 -0.70661 -0.03698
vn 0.67989 -0.69925 -0.2209
vn 0.67988 -0.69926 -0.22092
vn 0.53125 -0.69925 -0.47834
vn 0.53126 -0.69925 -0.47834
vn 0.38539 -0.70662 -0.59344
vn 0.29321 -0.69305 -0.65857
vn 0.25499 -0.7027 -0.66422
vn 0.07742 -0.67164 -0.73682
vn -0.07409 -0.70516 -0.70517
vn -0.29077 -0.69925 -0.65307
vn -0.38539 -0.70662 -0.59344
vn -0.53127 -0.69925 -0.47833
vn -0.53129 -0.69926 -0.4783
vn -0.67988 -0.69926 -0.22092
vn -0.67988 -0.69926 -0.22092
vn -0.70661 -0.70663 -0.03718
vn -0.71694 -0.69305 0.07535
vn -0.70271 -0.70271 0.11129
vn -0.61909 -0.69925 0.35746
vn -0.67676 -0.67167 0.30142
vn -0.57369 -0.70515 0.41671
vn -0.42021 -0.69925 0.57834
vn -0.45766 -0.68633 0.56524
vn -0.32137 -0.70662 0.63041
vn -0.14864 -0.69925 0.69925
vn -0.14857 -0.69927 0.69925
vn 0.14864 -0.69927 0.69924
vn 0.14859 -0.69925 0.69927
vn 0.32137 -0.70662 0.63041
vn -0.25878 -0.01582 0.96581
vn -0.45416 0 0.89092
vn -0.62929 0 0.77717
vn -0.70693 -0.02377 0.70689
vn -0.91349 0 0.40685
vn -0.96564 -0.02377 0.2588
vn -0.98769 0 0.15643
vn -0.99862 0 -0.05259
vn -0.95105 0 -0.30904
vn -0.74319 0 -0.66908
vn -0.70706 -0.01581 -0.70697
vn -0.54468 0 -0.83865
vn -0.35839 0 -0.93357
vn -0.25874 -0.02376 -0.96566
vn -0.10447 0 -0.99453
vn 0.10447 0 -0.99453
vn 0.25874 -0.02376 -0.96565
vn 0.35839 0 -0.93357
vn 0.54466 0 -0.83866
vn 0.70705 -0.01581 -0.70699
vn 0.74318 0 -0.66909
vn 0.95105 0 -0.30904
vn 0.99863 0 -0.05226
vn 0.98769 0 0.15643
vn 0.96566 -0.02375 0.25873
vn 0.91355 0 0.40672
vn 0.70691 -0.02375 0.70691
vn 0.62931 0 0.77715
vn 0.45416 0 0.89092
vn 0.25878 -0.01582 0.96581
vn 0.20785 0 0.97816
vn -0.20785 0 0.97816
vn 0.42373 -0.69305 0.58321
vn 0.44774 -0.70271 0.55292
vn 0.6191 -0.69925 0.35743
vn 0.59937 -0.67164 0.4355
vn 0.64775 -0.70516 0.28838
vn 0.71096 -0.69925 0.07472
vn 0.71835 -0.68631 0.11378
vn 0.70663 -0.70662 -0.03698
vn 0.6799 -0.69925 -0.22089
vn 0.67988 -0.69926 -0.22092
vn 0.53124 -0.69926 -0.47835
vn 0.53128 -0.69925 -0.47833
vn 0.38541 -0.70661 -0.59343
vn 0.29322 -0.69305 -0.65857
vn 0.25498 -0.70271 -0.66422
vn 0.0774 -0.67165 -0.73681
vn -0.07408 -0.70516 -0.70517
vn -0.29076 -0.69925 -0.65308
vn -0.26065 -0.68632 -0.67899
vn -0.38543 -0.70662 -0.59341
vn -0.53126 -0.69925 -0.47834
vn -0.53128 -0.69927 -0.4783
vn -0.67988 -0.69926 -0.22091
vn -0.67988 -0.69926 -0.22092
vn -0.7066 -0.70664 -0.03722
vn -0.71694 -0.69305 0.07535
vn -0.70271 -0.70272 0.1113
vn -0.61909 -0.69925 0.35746
vn -0.67676 -0.67167 0.30142
vn -0.57369 -0.70515 0.4167
vn -0.42021 -0.69925 0.57834
vn -0.45768 -0.68632 0.56524
vn -0.32134 -0.70662 0.63042
vn -0.14865 -0.69925 0.69925
vn -0.14859 -0.69927 0.69925
vn 0.14865 -0.69926 0.69924
vn 0.14859 -0.69925 0.69927
vn 0.32134 -0.70662 0.63042
vn -0.25879 -0.01017 0.96588
vn -0.45417 0 0.89092
vn -0.62932 0 0.77715
vn -0.70702 -0.01527 0.70702
vn -0.809 0 0.5878
vn -0.91356 0 0.40671
vn -0.96582 -0.01527 0.25877
vn -0.98769 0 0.15643
vn -0.99863 0 -0.05226
vn -0.96588 -0.01017 -0.25881
vn -0.95105 0 -0.30903
vn -0.74315 0 -0.66912
vn -0.7071 -0.01016 -0.70704
vn -0.54477 0 -0.83859
vn -0.35837 0 -0.93358
vn -0.25877 -0.01527 -0.96582
vn -0.10449 0 -0.99453
vn 0.10449 0 -0.99453
vn 0.25877 -0.01527 -0.96582
vn 0.35837 0 -0.93358
vn 0.54477 0 -0.83859
vn 0.7071 -0.01016 -0.70704
vn 0.74315 0 -0.66912
vn 0.95105 0 -0.30903
vn 0.96588 -0.01017 -0.25881
vn 0.99863 0 -0.05226
vn 0.98769 0 0.15643
vn 0.96582 -0.01527 0.25877
vn 0.91356 0 0.40671
vn 0.80908 0 0.58769
vn 0.70702 -0.01528 0.70702
vn 0.62926 0 0.77719
vn 0.45417 0 0.89092
vn 0.25879 -0.01017 0.96588
vn 0.20784 0 0.97816
vn -0.20784 0 0.97816
vn 0.42373 -0.69305 0.58322
vn 0.44771 -0.7027 0.55296
vn 0.55964 -0.70614 0.43379
vn 0.57103 -0.70844 0.41478
vn 0.64188 -0.70142 0.30982
vn 0.64774 -0.70517 0.28838
vn 0.69346 -0.70519 0.14774
vn 0.69479 -0.71075 0.11004
vn 0.71114 -0.70305 0.00031
vn 0.70662 -0.70662 -0.03698
vn 0.69403 -0.70532 -0.14437
vn 0.66487 -0.71503 -0.21604
vn 0.64914 -0.70501 -0.28563
vn 0.57906 -0.70566 -0.40832
vn 0.51984 -0.71462 -0.46806
vn 0.48221 -0.7046 -0.52058
vn 0.38547 -0.70663 -0.59337
vn 0.29321 -0.69304 -0.65857
vn 0.25497 -0.70271 -0.66422
vn 0 -0.69925 -0.71488
vn 0.07741 -0.67165 -0.73682
vn -0.07409 -0.70515 -0.70517
vn -0.29076 -0.69925 -0.65308
vn -0.26065 -0.68631 -0.679
vn -0.38547 -0.70663 -0.59337
vn -0.53124 -0.69926 -0.47836
vn -0.53125 -0.69926 -0.47833
vn -0.67988 -0.69926 -0.22091
vn -0.67988 -0.69926 -0.22092
vn -0.70662 -0.70663 -0.03697
vn -0.71693 -0.69306 0.07538
vn -0.70271 -0.70271 0.1113
vn -0.6191 -0.69925 0.35743
vn -0.67684 -0.67163 0.30133
vn -0.57362 -0.70516 0.41678
vn -0.42019 -0.69925 0.57835
vn -0.45771 -0.68631 0.56522
vn -0.32137 -0.70661 0.63041
vn -0.14865 -0.69925 0.69925
vn -0.14858 -0.69927 0.69925
vn 0.14864 -0.69926 0.69924
vn 0.14858 -0.69924 0.69927
vn 0.32137 -0.70661 0.63042
vn -0.25881 -0.01017 0.96588
vn -0.45417 0 0.89092
vn -0.62926 0 0.77719
vn -0.70699 -0.01528 0.70706
vn -0.809 0 0.5878
vn -0.99863 0 -0.05226
vn -0.96588 -0.01017 -0.25881
vn -0.95105 0 -0.30903
vn -0.74315 0 -0.66912
vn -0.70707 -0.01017 -0.70707
vn -0.54462 0 -0.83869
vn -0.35837 0 -0.93358
vn -0.25879 -0.01527 -0.96581
vn -0.1045 0 -0.99452
vn 0.10449 0 -0.99453
vn 0.25877 -0.01527 -0.96582
vn 0.35837 0 -0.93358
vn 0.54462 0 -0.83869
vn 0.70707 -0.01017 -0.70707
vn 0.95108 0 -0.30896
vn 0.96588 -0.01015 -0.25881
vn 0.99862 0 -0.0526
vn 0.98769 0 0.15643
vn 0.96582 -0.01527 0.25877
vn 0.809 0 0.5878
vn 0.70699 -0.01528 0.70706
vn 0.45417 0 0.89092
vn 0.25879 -0.01017 0.96588
vn -0.20786 0 0.97816
vn -0.69404 -0.70531 -0.14437
vn -0.66489 -0.71502 -0.21605
vn 0.42372 -0.69306 0.58321
vn 0.44771 -0.70271 0.55295
vn 0.6191 -0.69926 0.35743
vn 0.59938 -0.67163 0.4355
vn 0.64775 -0.70516 0.28838
vn 0.71096 -0.69925 0.07472
vn 0.71835 -0.68631 0.11378
vn 0.70664 -0.70661 -0.0369
vn 0.67989 -0.69926 -0.22088
vn 0.6799 -0.69925 -0.22087
vn 0.53124 -0.69926 -0.47835
vn 0.53126 -0.69925 -0.47834
vn 0.38536 -0.70662 -0.59345
vn 0.29321 -0.69305 -0.65857
vn 0.25497 -0.70271 -0.66422
vn 0.07741 -0.67165 -0.73682
vn -0.0741 -0.70516 -0.70517
vn -0.29076 -0.69925 -0.65307
vn -0.64915 -0.70499 -0.28563
vn -0.57907 -0.70565 -0.40833
vn -0.51985 -0.71461 -0.46807
vn -0.48224 -0.7046 -0.52056
vn -0.38536 -0.70662 -0.59345
vn -0.26065 -0.68631 -0.679
vn -0.70906 -0.70515 6E-05
vn -0.71467 -0.69847 -0.03739
vn -0.6874 -0.71131 0.14668
vn -0.7027 -0.70272 0.1113
vn -0.63966 -0.70384 0.30894
vn -0.65328 -0.69902 0.29083
vn -0.55778 -0.70849 0.43234
vn -0.57362 -0.70516 0.41678
vn -0.42019 -0.69925 0.57835
vn -0.45766 -0.68633 0.56524
vn -0.32137 -0.70662 0.63041
vn -0.14865 -0.69925 0.69925
vn -0.14859 -0.69927 0.69924
vn 0.14864 -0.69926 0.69924
vn 0.14858 -0.69924 0.69927
vn 0.32137 -0.70662 0.63041
vn 0.99853 0 0.05418
vn 0.99723 -0.06509 0.03606
vn 0.99592 0 0.09021
vn 0.99201 0 0.12613
vn 0.98588 -0.04346 0.16173
vn 0.98373 0 0.17968
vn 0.96351 0 0.26769
vn 0.96613 -0.06512 0.2497
vn 0.92205 0 0.38707
vn 0.92801 -0.04345 0.37
vn 0.94166 0 0.33657
vn 0.9532 0 0.30233
vn -0.92889 0 0.37036
vn -0.92009 -0.06508 0.38626
vn -0.94166 0 0.33657
vn -0.9532 0 0.30233
vn -0.96259 -0.04348 0.26743
vn -0.96819 0 0.25023
vn -0.98681 0 0.16188
vn -0.98164 -0.0651 0.1793
vn -0.99935 0 0.03612
vn -0.99759 -0.04347 0.05411
vn -0.99592 0 0.09021
vn -0.99201 0 0.12613
vn -0.99371 0 0.11196
vn -0.98713 0.03349 0.15636
vn -0.96395 0 0.2661
vn -0.92811 0 0.37231
vn -0.89029 0.04016 0.45361
vn -0.84665 -0.01343 0.53199
vn -0.70699 0.02005 0.70694
vn -0.70696 0.02009 0.70697
vn -0.53196 -0.01339 0.84666
vn -0.45365 0.04015 0.89028
vn -0.11196 0 0.99371
vn -0.15632 0.03346 0.98714
vn -0.26597 0 0.96398
vn -0.37234 0 0.9281
vn 0.11195 0 0.99371
vn 0.15632 0.03346 0.98714
vn 0.26601 0 0.96397
vn 0.37231 0 0.92811
vn 0.45365 0.04017 0.89028
vn 0.53199 -0.01339 0.84665
vn 0.70697 0.02009 0.70696
vn 0.70696 0.02009 0.70697
vn 0.84664 -0.01339 0.53199
vn 0.89028 0.04017 0.45364
vn 0.99371 0 0.11196
vn 0.98714 0.03346 0.15632
vn 0.96398 0 0.26597
vn 0.92811 0 0.37231
vn -0.10053 -0.43996 0.89237
vn -0.10983 -0.19391 0.97485
vn -0.18816 -0.97993 0.06583
vn -0.20986 -0.96918 0.12902
vn -0.23929 -0.97057 0.02697
vn -0.28491 -0.95563 0.07484
vn -0.10983 -0.1939 0.97485
vn -0.26087 -0.19489 0.9455
vn -0.32137 -0.23072 0.91842
vn -0.36522 -0.19465 0.91034
vn -0.52191 -0.1939 0.83067
vn -0.52194 -0.19395 0.83064
vn -0.69371 -0.19395 0.69365
vn -0.69368 -0.19389 0.69369
vn -0.83065 -0.1939 0.52194
vn -0.83065 -0.1939 0.52194
vn -0.91036 -0.19465 0.36519
vn -0.91842 -0.23071 0.32136
vn -0.94545 -0.19496 0.26099
vn -0.97484 -0.19398 0.10983
vn -0.06841 -0.79145 0.6074
vn -0.089 -0.60641 0.79016
vn -0.12508 -0.55452 0.82272
vn -0.27516 -0.55314 0.78633
vn -0.27518 -0.55318 0.7863
vn -0.44323 -0.55318 0.70537
vn -0.44322 -0.55315 0.70539
vn -0.58907 -0.55315 0.58908
vn -0.58907 -0.55311 0.58912
vn -0.70541 -0.55311 0.44325
vn -0.70541 -0.55312 0.44323
vn -0.78635 -0.55312 0.27515
vn -0.78635 -0.55312 0.27514
vn -0.04974 -0.89581 0.44165
vn -0.97485 -0.19391 0.10988
vn -0.89228 -0.44013 0.10057
vn -0.82272 -0.55451 0.12508
vn -0.79021 -0.60633 0.08904
vn -0.6074 -0.79144 0.06845
vn -0.09998 -0.83122 0.54688
vn -0.18433 -0.82983 0.52669
vn -0.18433 -0.82983 0.52669
vn -0.29688 -0.82983 0.47249
vn -0.29687 -0.82983 0.4725
vn -0.39456 -0.82983 0.3946
vn -0.39456 -0.82985 0.39456
vn -0.47247 -0.82984 0.29687
vn -0.47248 -0.82983 0.29689
vn -0.5267 -0.82983 0.18429
vn -0.5267 -0.82984 0.18428
vn -0.54688 -0.83122 0.10002
vn -0.44164 -0.89581 0.04977
vn -0.17769 -0.98078 0.08062
vn -0.16618 -0.98055 0.10441
vn -0.16618 -0.98055 0.10442
vn -0.13878 -0.98055 0.13878
vn -0.13878 -0.98055 0.13878
vn -0.10442 -0.98055 0.16619
vn -0.10442 -0.98055 0.16619
vn -0.06483 -0.98055 0.18525
vn -0.06483 -0.98055 0.18524
vn -0.02198 -0.98055 0.19503
vn -0.02197 -0.98055 0.19504
vn -0.19507 -0.98079 0
vn -0.11242 -0.99362 -0.00933
vn -0.44217 -0.89688 0.00907
vn -0.28569 -0.95823 0.01295
vn -0.44131 -0.89513 -0.06316
vn -0.37437 -0.92728 -5E-05
vn -0.98079 -0.19509 0
vn -0.98079 -0.19508 0
vn -0.89683 -0.44238 0
vn -0.79336 -0.60875 0
vn -0.79336 -0.60875 0
vn -0.60883 -0.7933 0
vn -0.60883 -0.7933 0
vn -0.37426 -0.92733 0
vn -0.25593 -0.96666 -0.00817
vn 0 -0.98079 0.19508
vn -0.13607 -0.88857 0.43809
vn 0 -0.96593 0.2588
vn 0 -0.19509 0.98079
vn 0 -0.19509 0.98079
vn 0 -0.44219 0.89692
vn 0 -0.44219 0.89692
vn 0 -0.60882 0.79331
vn 0 -0.60882 0.79331
vn 0 -0.7933 0.60883
vn 0 -0.79331 0.60882
vn 0 -0.96593 0.2588
vn 0.13607 -0.88857 0.43809
vn 0 -0.98079 0.19509
vn -0.19508 -0.98076 0.00705
vn -0.17998 -0.98076 0.07556
vn -0.17998 -0.98076 0.07556
vn -0.51252 -0.83128 0.21515
vn -0.51252 -0.83129 0.21515
vn -0.7668 -0.55534 0.3219
vn -0.7668 -0.55533 0.3219
vn -0.90435 -0.19498 0.37965
vn -0.18899 -0.98076 0.04885
vn -0.18899 -0.98076 0.04885
vn -0.53816 -0.83129 0.1391
vn -0.53816 -0.83128 0.1391
vn -0.80518 -0.55531 0.20811
vn -0.80516 -0.55535 0.2081
vn -0.19203 -0.98076 0.03507
vn -0.19202 -0.98076 0.03507
vn -0.5468 -0.83129 0.09987
vn -0.54677 -0.8313 0.09986
vn -0.81809 -0.55535 0.14942
vn -0.8181 -0.55533 0.14942
vn -0.19507 -0.98076 0.00705
vn -0.44213 -0.89681 0.01598
vn -0.556 -0.83111 0.01082
vn -0.60868 -0.79311 0.022
vn -0.83109 -0.55533 0.03004
vn -0.79328 -0.60869 0.01459
vn -0.89636 -0.44215 0.0324
vn -0.94714 -0.1126 0.30041
vn -0.92357 -0.19506 0.33011
vn -0.90435 -0.19497 0.37965
vn -0.96485 -0.19495 0.17623
vn -0.94961 -0.19495 0.24543
vn -0.94961 -0.19496 0.24543
vn -0.9294 -0.19496 0.31337
vn -0.78805 -0.55531 0.26571
vn -0.78804 -0.55533 0.2657
vn -0.52671 -0.83128 0.17759
vn -0.52671 -0.83129 0.17759
vn -0.18497 -0.98076 0.06237
vn -0.18496 -0.98076 0.06236
vn -0.98959 -0.11256 0.08963
vn -0.97297 -0.19502 0.12371
vn -0.96486 -0.19492 0.17624
vn -0.19405 -0.98076 0.02112
vn -0.19406 -0.98076 0.02112
vn -0.55256 -0.8313 0.06014
vn -0.55256 -0.8313 0.06014
vn -0.82675 -0.55532 0.08998
vn -0.82675 -0.55534 0.08997
vn -0.97506 -0.19493 0.10611
vn -0.98018 -0.19493 0.03543
vn -0.98017 -0.19496 0.03542
vn 0.89237 -0.43996 0.10054
vn 0.97485 -0.19391 0.10983
vn 0.97485 -0.19391 0.10984
vn 0.94549 -0.1949 0.26087
vn 0.91842 -0.23072 0.32135
vn 0.91036 -0.19465 0.36519
vn 0.83065 -0.19389 0.52194
vn 0.83065 -0.1939 0.52194
vn 0.69369 -0.19389 0.69368
vn 0.69368 -0.19391 0.69369
vn 0.52194 -0.19391 0.83065
vn 0.52195 -0.19389 0.83065
vn 0.36519 -0.19465 0.91036
vn 0.32136 -0.23071 0.91842
vn 0.2609 -0.19491 0.94549
vn 0.10983 -0.19391 0.97485
vn 0.60741 -0.79144 0.0684
vn 0.79015 -0.60642 0.08898
vn 0.82273 -0.5545 0.12509
vn 0.78636 -0.55312 0.27514
vn 0.7863 -0.55318 0.27518
vn 0.70537 -0.55317 0.44322
vn 0.70539 -0.55315 0.44322
vn 0.58907 -0.55315 0.58908
vn 0.58907 -0.55315 0.58908
vn 0.44324 -0.55315 0.70538
vn 0.44321 -0.55318 0.70538
vn 0.27513 -0.55318 0.78632
vn 0.2752 -0.55312 0.78634
vn 0.23196 -0.97127 0.05322
vn 0.28556 -0.95782 0.03215
vn 0.44164 -0.89581 0.04973
vn 0.10983 -0.19391 0.97485
vn 0.10053 -0.43995 0.89238
vn 0.12508 -0.55451 0.82272
vn 0.08899 -0.60641 0.79016
vn 0.06841 -0.79145 0.6074
vn 0.54689 -0.83122 0.09998
vn 0.52669 -0.82984 0.18432
vn 0.52669 -0.82983 0.18432
vn 0.47249 -0.82983 0.29688
vn 0.47246 -0.82984 0.29689
vn 0.39456 -0.82985 0.39456
vn 0.39456 -0.82984 0.39457
vn 0.29687 -0.82984 0.47248
vn 0.29689 -0.82983 0.47248
vn 0.18433 -0.82984 0.52668
vn 0.18431 -0.82984 0.52669
vn 0.09998 -0.83122 0.54688
vn 0.04974 -0.89581 0.44165
vn 0.20984 -0.96919 0.12901
vn 0.18815 -0.97993 0.06585
vn 0.17769 -0.98078 0.08062
vn 0.16618 -0.98055 0.10442
vn 0.16619 -0.98055 0.10442
vn 0.13878 -0.98055 0.13878
vn 0.13878 -0.98055 0.13878
vn 0.10442 -0.98055 0.16619
vn 0.10441 -0.98055 0.16618
vn 0.06483 -0.98055 0.18525
vn 0.06483 -0.98055 0.18525
vn 0.02196 -0.98055 0.19503
vn 0.02198 -0.98055 0.19504
vn -0.18268 -0.9807 0.06969
vn -0.51996 -0.83084 0.19838
vn -0.77741 -0.55468 0.2966
vn -0.96515 -0.24133 0.1012
vn -0.97707 -0.19467 0.08623
vn -0.96129 -0.19494 0.19475
vn -0.94576 -0.24115 0.21768
vn -0.94552 -0.19499 0.26072
vn -0.91645 -0.1946 0.34965
vn -0.91644 -0.19466 0.34963
vn -0.98017 -0.1951 0.03469
vn -0.97963 -0.19467 -0.04925
vn -0.97964 -0.19465 -0.04924
vn -0.9726 -0.19509 -0.12645
vn -0.95846 -0.21895 -0.1828
vn -0.96163 -0.19471 -0.19327
vn -0.929 -0.1946 -0.3148
vn -0.91712 -0.28612 -0.27752
vn -0.91712 -0.28612 -0.27752
vn -0.91691 -0.19501 -0.34819
vn -0.87961 -0.19475 -0.434
vn -0.87359 -0.21176 -0.43817
vn -0.84753 -0.19506 -0.4936
vn -0.8078 -0.19462 -0.5564
vn -0.80777 -0.1947 -0.55642
vn -0.75514 -0.19511 -0.62586
vn -0.71689 -0.23498 -0.65639
vn -0.71018 -0.19487 -0.67652
vn -0.62525 -0.19465 -0.75576
vn -0.63257 -0.25947 -0.72975
vn -0.58972 -0.19498 -0.78372
vn -0.51517 -0.19458 -0.83471
vn -0.51514 -0.19465 -0.83471
vn -0.45333 -0.1951 -0.86973
vn -0.39445 -0.2037 -0.89606
vn -0.39226 -0.19477 -0.899
vn -0.3047 -0.19509 -0.93225
vn -0.26479 -0.24289 -0.93321
vn -0.23969 -0.19499 -0.95106
vn -0.14793 -0.19485 -0.96961
vn -0.13426 -0.22523 -0.96501
vn -0.08054 -0.19507 -0.97748
vn 0 -0.19464 -0.98087
vn 0 -0.19464 -0.98087
vn 0.08054 -0.19508 -0.97748
vn 0.13426 -0.22523 -0.96501
vn 0.14793 -0.19484 -0.96962
vn 0.26774 -0.19467 -0.94362
vn 0.23478 -0.27746 -0.93161
vn 0.30472 -0.19507 -0.93225
vn 0.39225 -0.19474 -0.89901
vn 0.39446 -0.20373 -0.89605
vn 0.45325 -0.19509 -0.86977
vn 0.51515 -0.19465 -0.83471
vn 0.51514 -0.19462 -0.83472
vn 0.58972 -0.19503 -0.78371
vn 0.61905 -0.2385 -0.74826
vn 0.64246 -0.19491 -0.74112
vn 0.72342 -0.19466 -0.6624
vn 0.70095 -0.25051 -0.66776
vn 0.75519 -0.19506 -0.62581
vn 0.80779 -0.19464 -0.55641
vn 0.80779 -0.19469 -0.5564
vn 0.84752 -0.19513 -0.4936
vn 0.87357 -0.21182 -0.43819
vn 0.87961 -0.19476 -0.434
vn 0.91693 -0.19503 -0.34815
vn 0.91854 -0.24377 -0.31123
vn 0.93878 -0.19498 -0.28402
vn 0.96162 -0.19478 -0.19327
vn 0.95845 -0.21901 -0.18279
vn 0.97262 -0.19509 -0.12627
vn 0.97963 -0.19465 -0.04925
vn 0.97963 -0.19467 -0.04924
vn 0.98017 -0.19509 0.03467
vn 0.9693 -0.23054 0.08551
vn 0.97549 -0.19486 0.10225
vn 0.95587 -0.19466 0.22003
vn 0.94409 -0.26852 0.19131
vn 0.94552 -0.19506 0.26066
vn 0.91643 -0.19467 0.34965
vn 0.91643 -0.19467 0.34965
vn -0.77741 -0.55467 0.2966
vn -0.81087 -0.55467 0.18663
vn -0.81088 -0.55465 0.18664
vn -0.82886 -0.55465 0.07315
vn -0.82887 -0.55463 0.07316
vn -0.83105 -0.55463 -0.04177
vn -0.83103 -0.55465 -0.04178
vn -0.81735 -0.55465 -0.15588
vn -0.81734 -0.55466 -0.15589
vn -0.78806 -0.55467 -0.26704
vn -0.78809 -0.55463 -0.26703
vn -0.74378 -0.55463 -0.37306
vn -0.74374 -0.55468 -0.37307
vn -0.68523 -0.55468 -0.472
vn -0.68527 -0.55463 -0.47201
vn -0.61371 -0.55462 -0.56192
vn -0.61367 -0.55467 -0.56191
vn -0.5304 -0.55467 -0.64111
vn -0.53037 -0.55471 -0.6411
vn -0.43697 -0.55471 -0.70806
vn -0.437 -0.55468 -0.70807
vn -0.33524 -0.55468 -0.76154
vn -0.33528 -0.55462 -0.76157
vn -0.22714 -0.55462 -0.80051
vn -0.22711 -0.55465 -0.80049
vn -0.11466 -0.55466 -0.82414
vn -0.11467 -0.55464 -0.82415
vn 0 -0.55464 -0.83209
vn 0 -0.55463 -0.8321
vn 0.11466 -0.55463 -0.82416
vn 0.11467 -0.55467 -0.82413
vn 0.22713 -0.55467 -0.80047
vn 0.22711 -0.55461 -0.80051
vn 0.33526 -0.55462 -0.76158
vn 0.33527 -0.55465 -0.76155
vn 0.437 -0.55465 -0.70809
vn 0.43699 -0.55468 -0.70807
vn 0.5304 -0.55467 -0.64111
vn 0.5304 -0.55463 -0.64114
vn 0.6137 -0.55463 -0.56193
vn 0.6137 -0.55462 -0.56193
vn 0.68527 -0.55463 -0.472
vn 0.68526 -0.55467 -0.47197
vn 0.74375 -0.55467 -0.37307
vn 0.74377 -0.55462 -0.3731
vn 0.78809 -0.55462 -0.26703
vn 0.78807 -0.55467 -0.267
vn 0.81734 -0.55466 -0.15588
vn 0.81735 -0.55466 -0.15589
vn 0.83103 -0.55465 -0.04177
vn 0.83105 -0.55463 -0.04178
vn 0.82888 -0.55462 0.07312
vn 0.82886 -0.55465 0.07313
vn 0.81088 -0.55465 0.18665
vn 0.81086 -0.55468 0.18666
vn 0.77741 -0.55468 0.2966
vn 0.77745 -0.55462 0.29659
vn -0.51994 -0.83085 0.19836
vn -0.54231 -0.83085 0.12482
vn -0.54235 -0.83082 0.12485
vn -0.55438 -0.83082 0.04893
vn -0.55435 -0.83084 0.04891
vn -0.55581 -0.83084 -0.02794
vn -0.55578 -0.83086 -0.02795
vn -0.54663 -0.83086 -0.10426
vn -0.54665 -0.83085 -0.10426
vn -0.52706 -0.83085 -0.17859
vn -0.52708 -0.83084 -0.17859
vn -0.49744 -0.83084 -0.24952
vn -0.49744 -0.83084 -0.24952
vn -0.45832 -0.83084 -0.31568
vn -0.4583 -0.83085 -0.31568
vn -0.41043 -0.83085 -0.37582
vn -0.41044 -0.83084 -0.37582
vn -0.35474 -0.83084 -0.42879
vn -0.35476 -0.83082 -0.42881
vn -0.29229 -0.83082 -0.47361
vn -0.29229 -0.83082 -0.4736
vn -0.22424 -0.83082 -0.50936
vn -0.22423 -0.83083 -0.50935
vn -0.1519 -0.83084 -0.53538
vn -0.15191 -0.83082 -0.5354
vn -0.0767 -0.83083 -0.55122
vn -0.07668 -0.83084 -0.5512
vn 0 -0.83085 -0.5565
vn 0 -0.83084 -0.55651
vn 0.07669 -0.83084 -0.5512
vn 0.07668 -0.83083 -0.55122
vn 0.1519 -0.83083 -0.5354
vn 0.1519 -0.83084 -0.53537
vn 0.22423 -0.83085 -0.50933
vn 0.22423 -0.83083 -0.50935
vn 0.29228 -0.83083 -0.47359
vn 0.29229 -0.83082 -0.47361
vn 0.35475 -0.83082 -0.42882
vn 0.35474 -0.83084 -0.42879
vn 0.41044 -0.83084 -0.37582
vn 0.41044 -0.83085 -0.37582
vn 0.45831 -0.83085 -0.31566
vn 0.45832 -0.83084 -0.31568
vn 0.49743 -0.83084 -0.24953
vn 0.49741 -0.83086 -0.24951
vn 0.52705 -0.83086 -0.17857
vn 0.5271 -0.83082 -0.17861
vn 0.54668 -0.83082 -0.10426
vn 0.54668 -0.83083 -0.10426
vn 0.55583 -0.83083 -0.02795
vn 0.5558 -0.83084 -0.02794
vn 0.55435 -0.83085 0.04891
vn 0.55435 -0.83085 0.04891
vn 0.54232 -0.83085 0.12484
vn 0.54235 -0.83083 0.12484
vn 0.51998 -0.83082 0.19837
vn 0.51993 -0.83086 0.19837
vn -0.18269 -0.9807 0.0697
vn -0.19055 -0.9807 0.04387
vn -0.19054 -0.9807 0.04386
vn -0.19476 -0.9807 0.01719
vn -0.19476 -0.9807 0.01718
vn -0.19527 -0.9807 -0.00982
vn -0.19528 -0.9807 -0.00982
vn -0.19207 -0.9807 -0.03663
vn -0.19207 -0.9807 -0.03663
vn -0.18519 -0.9807 -0.06274
vn -0.18518 -0.9807 -0.06275
vn -0.17477 -0.9807 -0.08767
vn -0.17477 -0.9807 -0.08767
vn -0.16102 -0.9807 -0.11091
vn -0.16103 -0.9807 -0.11091
vn -0.14421 -0.9807 -0.13205
vn -0.14421 -0.9807 -0.13205
vn -0.12464 -0.9807 -0.15066
vn -0.12463 -0.9807 -0.15065
vn -0.10269 -0.9807 -0.16639
vn -0.10269 -0.9807 -0.16639
vn -0.07878 -0.9807 -0.17895
vn -0.07878 -0.9807 -0.17895
vn -0.05337 -0.9807 -0.1881
vn -0.05337 -0.9807 -0.18809
vn -0.02694 -0.9807 -0.19366
vn -0.02695 -0.9807 -0.19366
vn 0 -0.9807 -0.19552
vn 0 -0.9807 -0.19553
vn 0.02694 -0.9807 -0.19366
vn 0.02694 -0.9807 -0.19366
vn 0.05337 -0.9807 -0.1881
vn 0.05337 -0.9807 -0.1881
vn 0.07878 -0.9807 -0.17896
vn 0.07878 -0.9807 -0.17895
vn 0.10269 -0.9807 -0.16639
vn 0.10268 -0.9807 -0.16638
vn 0.12463 -0.9807 -0.15065
vn 0.12463 -0.9807 -0.15065
vn 0.1442 -0.9807 -0.13204
vn 0.1442 -0.9807 -0.13204
vn 0.16102 -0.9807 -0.11091
vn 0.16103 -0.9807 -0.11092
vn 0.17478 -0.9807 -0.08767
vn 0.17477 -0.9807 -0.08766
vn 0.18518 -0.9807 -0.06275
vn 0.18517 -0.9807 -0.06274
vn 0.19205 -0.9807 -0.03662
vn 0.19207 -0.9807 -0.03664
vn 0.19528 -0.9807 -0.00981
vn 0.19529 -0.9807 -0.00982
vn 0.19478 -0.9807 0.01718
vn 0.19478 -0.9807 0.01719
vn 0.19055 -0.9807 0.04386
vn 0.19054 -0.9807 0.04386
vn 0.18268 -0.9807 0.0697
vn 0.18269 -0.9807 0.0697
vn 0.25617 -0.9666 -0.00815
vn 0.28569 -0.95824 0.01295
vn 0.44131 -0.89513 -0.06316
vn 0.09136 -0.99582 0
vn 0.19509 -0.98077 -0.00489
vn 0.44217 -0.89688 0.00907
vn 0.37435 -0.92729 -3E-05
vn 0.37427 -0.92732 0
vn 0.60884 -0.79329 0
vn 0.60884 -0.79329 0
vn 0.7933 -0.60883 0
vn 0.7933 -0.60884 0
vn 0.89692 -0.4422 0
vn 0.98079 -0.19508 0
vn 0.98079 -0.19509 0
vn 0.19508 -0.98076 0.00705
vn 0.19508 -0.98076 0.00705
vn 0.98017 -0.19496 0.03543
vn 0.89645 -0.44196 0.0324
vn 0.83149 -0.55515 0.02064
vn 0.79297 -0.60858 0.02866
vn 0.55549 -0.83128 0.02008
vn 0.60882 -0.79327 0.0082
vn 0.44213 -0.89681 0.01599
vn 0.19202 -0.98076 0.03508
vn 0.19203 -0.98076 0.03507
vn 0.5468 -0.83128 0.09988
vn 0.5468 -0.83129 0.09988
vn 0.8181 -0.55532 0.14943
vn 0.81812 -0.5553 0.14943
vn 0.18899 -0.98076 0.04885
vn 0.18899 -0.98076 0.04885
vn 0.53816 -0.83129 0.1391
vn 0.53817 -0.83128 0.1391
vn 0.80519 -0.5553 0.20811
vn 0.80517 -0.55532 0.20811
vn 0.17999 -0.98076 0.07556
vn 0.18 -0.98076 0.07556
vn 0.51251 -0.83129 0.21515
vn 0.51249 -0.8313 0.21515
vn 0.7668 -0.55533 0.32191
vn 0.76683 -0.55529 0.32191
vn 0.9857 -0.11265 0.12533
vn 0.97679 -0.1951 0.08847
vn 0.98016 -0.19501 0.03544
vn 0.9496 -0.19501 0.24544
vn 0.96484 -0.19501 0.17623
vn 0.96484 -0.195 0.17623
vn 0.97505 -0.195 0.10611
vn 0.82675 -0.55532 0.08997
vn 0.82674 -0.55534 0.08998
vn 0.55259 -0.83128 0.06014
vn 0.5526 -0.83128 0.06014
vn 0.19405 -0.98076 0.02112
vn 0.19406 -0.98076 0.02112
vn 0.93567 -0.11261 0.33443
vn 0.9349 -0.19505 0.29652
vn 0.94961 -0.19496 0.24543
vn 0.18497 -0.98076 0.06236
vn 0.18498 -0.98076 0.06236
vn 0.52672 -0.83128 0.17759
vn 0.52671 -0.83129 0.17758
vn 0.78805 -0.55532 0.2657
vn 0.78805 -0.55533 0.26569
vn 0.9294 -0.19502 0.31335
vn 0.90434 -0.19502 0.37964
vn 0.90435 -0.19499 0.37964
vn 0.11129 0.70267 0.70275
vn 0.11132 0.70274 0.70269
vn 0.32301 0.70273 0.63391
vn 0.32301 0.70268 0.63396
vn 0.5031 0.70269 0.50311
vn 0.5031 0.70269 0.5031
vn 0.63394 0.70269 0.32303
vn 0.63394 0.70269 0.32303
vn 0.70274 0.70269 0.11129
vn 0.70275 0.70268 0.1113
vn 0.70714 0.70707 0
vn 0.70714 0.70707 0
vn 0 0.70706 0.70715
vn 0 0.70707 0.70715
vn 0 0.70707 0.70715
vn 0 0.70707 0.70715
vn 0 0.70707 0.70715
vn 0.65734 0.70655 0.26209
vn 0.65731 0.70658 0.26208
vn 0.68181 0.70658 0.18943
vn 0.68179 0.7066 0.18942
vn 0.69828 0.7066 0.11455
vn 0.69828 0.7066 0.11455
vn 0.70658 0.7066 0.03834
vn 0.70662 0.70655 0.03833
vn -0.70271 0.70271 0.11131
vn -0.70274 0.70269 0.1113
vn -0.63395 0.70269 0.32301
vn -0.63391 0.70272 0.32301
vn -0.50308 0.70272 0.50308
vn -0.50312 0.70269 0.50309
vn -0.32303 0.70268 0.63394
vn -0.32298 0.70273 0.63392
vn -0.11128 0.70273 0.7027
vn -0.11133 0.70267 0.70275
vn 0.70807 0.70546 -0.03091
vn 0.70108 0.70546 0.10398
vn 0.7011 0.70544 0.10399
vn 0.68323 0.707 0.18259
vn 0.70058 0.66969 0.24636
vn 0.66364 0.70602 0.2472
vn 0.6965 0.69737 -0.169
vn 0.69998 0.70708 -0.10028
vn 0.70804 0.70549 -0.03092
vn 0.68933 0.70548 -0.16471
vn 0.64556 0.70548 -0.2925
vn 0.64557 0.70547 -0.2925
vn 0.57834 0.70547 -0.40968
vn 0.57831 0.7055 -0.40967
vn 0.49007 0.7055 -0.51195
vn 0.49009 0.70549 -0.51196
vn 0.38405 0.70549 -0.59564
vn 0.38403 0.70552 -0.59562
vn 0.26404 0.70551 -0.65767
vn 0.26407 0.70547 -0.65771
vn 0.13448 0.70547 -0.69587
vn 0.13446 0.70551 -0.69583
vn 0 0.70551 -0.7087
vn 0 0.7055 -0.70871
vn -0.13448 0.7055 -0.69583
vn -0.13447 0.70547 -0.69587
vn -0.26406 0.70546 -0.65772
vn -0.26405 0.7055 -0.65768
vn -0.38405 0.7055 -0.59564
vn -0.38405 0.70549 -0.59564
vn -0.49009 0.70549 -0.51196
vn -0.49008 0.7055 -0.51195
vn -0.57832 0.7055 -0.40966
vn -0.57834 0.70546 -0.4097
vn -0.64557 0.70546 -0.29252
vn -0.64556 0.70548 -0.29251
vn -0.68933 0.70547 -0.1647
vn -0.68935 0.70545 -0.16471
vn -0.70809 0.70545 -0.03093
vn -0.70807 0.70547 -0.03092
vn -0.70108 0.70546 0.10399
vn -0.70105 0.70549 0.10399
vn -0.66859 0.70549 0.23511
vn -0.66858 0.7055 0.23511
vn -0.70711 0.70711 0
vn -0.70711 0.70711 0
vn -0.70659 0.70659 0.03833
vn -0.70662 0.70656 0.03834
vn -0.69832 0.70656 0.11456
vn -0.69832 0.70656 0.11456
vn -0.68183 0.70655 0.18943
vn -0.68181 0.70658 0.18942
vn -0.65731 0.70658 0.26208
vn -0.6573 0.70659 0.26207
vn 0 1 0
vn 0 1 -0
vn 0 1 -0
vn 0 1 0
vn 0 1 -0
vn 0 1 0
vn 0 1 -0
vn 0.22255 0 -0.97492
vn 0.62349 0 -0.78183
vn 0.62348 0 -0.78184
vn 0.90096 0 -0.4339
vn 0.90096 0 -0.4339
vn 0.90096 0 0.4339
vn 0.90096 0 0.4339
vn 0.62349 0 0.78183
vn 0.62348 0 0.78184
vn 0.22251 0 0.97493
vn 0.2225 0 0.97493
vn -0.2225 0 0.97493
vn -0.22251 0 0.97493
vn -0.62349 0 0.78184
vn -0.62349 0 0.78183
vn -0.90096 0 0.4339
vn -0.90096 0 0.4339
vn -0.90096 0 -0.4339
vn -0.90096 0 -0.4339
vn -0.62349 0 -0.78183
vn -0.62348 0 -0.78184
vn -0.22255 0 -0.97492
vn -0.22255 0 -0.97492
vn 0.22255 0 -0.97492
vn 0 1 0
vn 0 1 0
vn 0 1 -0
vn 0.22255 0 -0.97492
vn 0.62351 0 -0.78182
vn 0.62351 0 -0.78182
vn 0.90096 0 -0.4339
vn 0.90096 0 -0.4339
vn 0.90096 0 0.4339
vn 0.90096 0 0.4339
vn 0.62351 0 0.78182
vn 0.62351 0 0.78182
vn 0.2225 0 0.97493
vn -0.22249 0 0.97493
vn -0.2225 0 0.97493
vn -0.62351 0 0.78182
vn -0.62351 0 0.78182
vn -0.62351 0 -0.78182
vn -0.62351 0 -0.78182
vn -0.22254 0 -0.97492
vn -0.22254 0 -0.97492
vn 0.15934 0.69809 -0.69805
vn 0.44642 0.6981 -0.55978
vn 0.44645 0.69807 -0.5598
vn 0.64512 0.69806 -0.31068
vn 0.6451 0.69809 -0.31067
vn 0.71603 0.69807 0
vn 0.71603 0.69807 0
vn 0.6451 0.69809 0.31067
vn 0.64512 0.69807 0.31068
vn 0.44644 0.69808 0.5598
vn 0.44643 0.6981 0.55978
vn 0.15932 0.69809 0.69806
vn 0.15932 0.69806 0.69809
vn -0.15932 0.69806 0.69809
vn -0.15931 0.6981 0.69806
vn -0.44642 0.6981 0.55978
vn -0.44645 0.69807 0.5598
vn -0.64512 0.69806 0.31068
vn -0.6451 0.69809 0.31067
vn -0.71602 0.69807 0
vn -0.71603 0.69807 0
vn -0.6451 0.6981 -0.31066
vn -0.64512 0.69807 -0.31068
vn -0.44644 0.69808 -0.5598
vn -0.44643 0.6981 -0.55978
vn -0.15932 0.69809 -0.69806
vn -0.15932 0.69817 -0.69798
vn 0.15931 0.69817 -0.69798
vn 0.15934 0.6981 -0.69805
vn 0.44642 0.6981 -0.55978
vn 0.44639 0.69814 -0.55976
vn 0.64504 0.69816 -0.31064
vn 0.64501 0.69819 -0.31063
vn 0.71592 0.69818 0
vn 0.71592 0.69818 0
vn 0.64501 0.69819 0.31062
vn 0.64503 0.69816 0.31064
vn 0.4464 0.69814 0.55975
vn 0.44641 0.6981 0.55979
vn 0.15932 0.6981 0.69805
vn 0.15932 0.69806 0.69809
vn -0.15933 0.69806 0.69809
vn -0.15931 0.69809 0.69806
vn -0.4464 0.6981 0.5598
vn -0.44643 0.69807 0.55981
vn -0.64514 0.69806 0.31065
vn -0.64501 0.69819 0.31063
vn -0.71615 0.69794 0
vn -0.71615 0.69794 0
vn -0.71615 0.69794 0
vn -0.71592 0.69818 0
vn -0.64529 0.69786 -0.31081
vn -0.64529 0.69786 -0.31081
vn -0.64512 0.69807 -0.31068
vn -0.44643 0.69807 -0.55982
vn -0.44641 0.6981 -0.55979
vn -0.15932 0.69809 -0.69806
vn -0.15933 0.69816 -0.69798
vn 0.25877 0 -0.96594
vn 0.70714 0 -0.70707
vn 0.70715 0 -0.70707
vn 0.96592 0 -0.25884
vn 0.96592 0 0.25885
vn 0.70711 0 0.70711
vn 0.70711 0 0.7071
vn 0.25878 0 0.96594
vn -0.25878 0 0.96594
vn -0.70711 0 0.7071
vn -0.70711 0 0.70711
vn -0.96592 0 0.25885
vn -0.96592 0 -0.25884
vn -0.70714 0 -0.70707
vn -0.25877 0 -0.96594
vn 0 1 0
vn 0 1 -0
vn 0 1 -0
vn 0 1 0
vn 0.25878 0 -0.96594
vn 0.70715 0 -0.70707
vn 0.96591 0 -0.25887
vn 0.96591 0 -0.25887
vn 0.96592 0 0.25884
vn 0.96592 0 0.25885
vn 0.70715 0 0.70707
vn 0.70715 0 0.70707
vn 0.25877 0 0.96594
vn 0.25878 0 0.96594
vn -0.25878 0 0.96594
vn -0.25877 0 0.96594
vn -0.70715 0 0.70707
vn -0.70715 0 0.70707
vn -0.96592 0 0.25885
vn -0.96592 0 0.25884
vn -0.96591 0 -0.25887
vn -0.96591 0 -0.25887
vn -0.70715 0 -0.70707
vn -0.70715 0 -0.70707
vn -0.25878 0 -0.96594
vn -0.25878 0 -0.96594
vn 0.25878 0 -0.96594
vn 0 1 0
vn 0 1 -0
vn 0 1 0
vn 0 1 0
vn 0 1 -0
vn 0 1 -0
vn 0.18612 0.69479 -0.69471
vn 0.50855 0.69481 -0.50855
vn 0.50862 0.69474 -0.50856
vn 0.69472 0.69477 -0.18615
vn 0.69465 0.69484 -0.18617
vn 0.69466 0.69484 0.18612
vn 0.69472 0.69477 0.18617
vn 0.5086 0.69474 0.5086
vn 0.50858 0.69481 0.50852
vn 0.18614 0.6948 0.6947
vn 0.18613 0.69475 0.69475
vn -0.18616 0.69474 0.69475
vn -0.18612 0.69479 0.69471
vn -0.50855 0.69481 0.50855
vn -0.50862 0.69474 0.50856
vn -0.69473 0.69477 0.18613
vn -0.69466 0.69484 0.18616
vn -0.69466 0.69484 -0.18613
vn -0.69471 0.69478 -0.18619
vn -0.5086 0.69474 -0.5086
vn -0.50858 0.69481 -0.50852
vn -0.18614 0.6948 -0.6947
vn -0.18613 0.69475 -0.69475
vn 0.18616 0.69474 -0.69475
vn 0.18611 0.69479 -0.69472
vn 0.50859 0.69479 -0.50852
vn 0.50857 0.69482 -0.50851
vn 0.6947 0.6948 -0.18614
vn 0.69466 0.69484 -0.18616
vn 0.69466 0.69484 0.18613
vn 0.69469 0.6948 0.18617
vn 0.50854 0.6948 0.50856
vn 0.50855 0.69481 0.50854
vn 0.18614 0.69479 0.6947
vn 0.18612 0.69475 0.69475
vn -0.18615 0.69474 0.69475
vn -0.18612 0.6948 0.69471
vn -0.50854 0.69481 0.50855
vn -0.50855 0.69481 0.50855
vn -0.69468 0.69481 0.1862
vn -0.69476 0.69473 0.18618
vn -0.69475 0.69473 -0.18622
vn -0.69468 0.69481 -0.18617
vn -0.50858 0.69482 -0.5085
vn -0.50858 0.6948 -0.50852
vn -0.18613 0.69479 -0.69471
vn -0.18613 0.69474 -0.69476
vn 0.18615 0.69474 -0.69476
vn 0 -1 0
vn 0 -1 -0
vn 0 -1 0
vn 0 -1 -0
vn 0 -1 0
vn 0 -1 0
vn 0 -1 0
vn 0 -1 0
vn 0 -1 -0
vn 0 -1 -0
vn 0 -1 0
vn 0 -1 -0
vn 0 -1 0
vn 0 -1 -0
vn 0 -1 1E-05
vn 0 -1 -0
vn 0 -1 0
vn 0 -1 0
vn 0 -1 -0
vn 0 -1 0
vn 0 -1 -0
vn 0 -1 -0
vn 0 -1 0
vn 0 -1 0
vn 0 -1 -0
vn 0 -1 0
vn 0 -1 -0
vn 0 -1 0
vn 0 -1 -0
vn 0 -1 0
vn 0 -1 -0
vn 0 -1 0
vn 0 -1 -0
vn 0 -1 0
vn 0 -1 -0
vn 0 -1 -0
vn 0 -1 0
vn 0 -1 0
vn 0 -1 -0
vn 0 -1 0
vn 0 -1 -0
vn -0.96353 0 -0.26761
vn 0.77268 0 -0.6348
vn 0.97015 0 0.24249
vn 0.97565 -0.03621 0.21631
vn 0.98942 0 0.14505
vn 0.96345 0 -0.26787
vn 0.98178 -0.01145 -0.18967
vn 0.98355 -0.0286 -0.17834
vn 0.9951 0 -0.09891
vn 0.99981 0 0.01939
vn 0.99606 -0.08461 -0.02637
vn 0.99734 0 0.07284
vn 0.9415 0 -0.33702
vn 0.92854 -0.04166 -0.36889
vn 0.90341 0 -0.42878
vn 0.83815 0 -0.54545
vn 0.81465 -0.07061 -0.57564
vn 0.86992 0 -0.49319
vn 0.71648 -0.01799 -0.69737
vn 0.71373 -0.02394 -0.70001
vn 0.65265 0 -0.75766
vn 0.5959 0 -0.80306
vn 0.56103 -0.04494 -0.82657
vn 0.51324 0 -0.85825
vn 0.44963 0 -0.89321
vn 0.38686 -0.03921 -0.9213
vn 0.35521 0.00491 -0.93477
vn 0.21618 -0.00544 -0.97634
vn 0.19735 -0.0327 -0.97979
vn 0.12198 0 -0.99253
vn 0.04966 0 -0.99877
vn 0 -0.046 -0.99894
vn -0.04966 0 -0.99877
vn -0.12199 0 -0.99253
vn -0.19736 -0.03269 -0.97979
vn -0.21617 -0.00545 -0.97634
vn -0.35522 0.0049 -0.93477
vn -0.38685 -0.0392 -0.92131
vn -0.44961 0 -0.89323
vn -0.77278 0 -0.63467
vn -0.71648 -0.01802 -0.69738
vn -0.71373 -0.02397 -0.70001
vn -0.65258 0 -0.75772
vn -0.56161 0 -0.8274
vn -0.5941 -0.07763 -0.80064
vn -0.51326 0 -0.85823
vn -0.81669 0 -0.57708
vn -0.83734 -0.04354 -0.54495
vn -0.8699 0 -0.49324
vn -0.92935 0 -0.3692
vn -0.93959 -0.06358 -0.33634
vn -0.90341 0 -0.42878
vn -0.98178 -0.01141 -0.1897
vn -0.98355 -0.0286 -0.17834
vn -0.9951 0 -0.09891
vn -0.99965 0 -0.02647
vn -0.99877 -0.04573 0.01937
vn -0.99734 0 0.07284
vn -0.98942 0 0.14505
vn -0.97565 -0.03621 0.21631
vn -0.97015 0 0.24249
vn 0 1 0
vn 0 1 0
vn 0 1 -0
vn 0 1 -0
vn 0 1 -0
vn 0 1 0
vn 0 1 -0
vn 0 1 0
vn 0 1 -1E-05
vn 0 1 -0
vn 0 1 -1E-05
vn 0 1 -0
vn 0 1 0
vn 0 1 0
vn 0 1 -0
vn 0 1 0
vn 0 1 -0
vn 0 1 0
vn 0 1 -4E-05
vn 0 1 1E-05
vn 0 1 -2E-05
vn 0 1 0
vn 0 1 -0
vn 0 1 0
vn 0 1 -1E-05
vn 0 1 0
vn 0 1 0
vn 0 1 -0
vn 0 1 0
vn 0 1 -0
vn 0 1 -0
vn -0.95944 0 0.28193
vn -0.96422 0.04475 0.2613
vn -0.973 0 0.2308
vn -0.97985 0 0.19973
vn -0.98698 0.02983 0.15805
vn -0.98698 0.02986 0.15804
vn -0.99323 0 0.11617
vn -0.9986 0 0.0529
vn -0.99672 0.07446 0.03166
vn -0.99642 0 0.08458
vn 0.9995 0 0.03176
vn 0.9976 0.04475 0.05286
vn 0.99642 0 0.08458
vn 0.99323 0 0.11617
vn 0.98698 0.02985 0.15803
vn 0.98698 0.02987 0.15804
vn 0.97984 0 0.19978
vn 0.96519 0 0.26155
vn 0.95677 0.07446 0.28115
vn 0.97301 0 0.23077
vn 0.25879 0.01017 0.96588
vn 0.70699 0.01528 0.70706
vn 0.96582 0.01527 0.25877
vn 0.96588 0.01015 -0.25881
vn 0.70707 0.01017 -0.70707
vn 0.25877 0.01527 -0.96582
vn -0.25879 0.01527 -0.96581
vn -0.70707 0.01017 -0.70707
vn -0.96588 0.01017 -0.25881
vn -0.96582 0.01527 0.25877
vn -0.70699 0.01528 0.70706
vn -0.25881 0.01017 0.96588
vn -0.6948 0.71073 0.11004
vn -0.71115 0.70304 0.00031
vn -0.70664 0.70661 -0.03699
vn -0.69404 0.70531 -0.14437
vn -0.66489 0.71502 -0.21605
vn -0.64915 0.70499 -0.28563
vn -0.69347 0.70519 0.14768
vn -0.65693 0.70631 0.26376
vn -0.64446 0.70877 0.28692
vn -0.61595 0.70545 0.35064
vn -0.57097 0.70844 0.41486
vn -0.55963 0.70615 0.43378
vn -0.4477 0.70271 0.55296
vn -0.42372 0.69306 0.58321
vn -0.57907 0.70565 -0.40833
vn -0.51985 0.71461 -0.46807
vn -0.48224 0.7046 -0.52056
vn -0.38536 0.70662 -0.59345
vn -0.29321 0.69305 -0.65857
vn -0.25497 0.70271 -0.66422
vn 0 0.69925 -0.71488
vn -0.07742 0.67164 -0.73682
vn 0.07408 0.70516 -0.70517
vn 0.29076 0.69925 -0.65307
vn 0.26065 0.68631 -0.679
vn 0.38536 0.70662 -0.59345
vn 0.53124 0.69926 -0.47836
vn 0.53125 0.69926 -0.47833
vn 0.67989 0.69926 -0.22089
vn 0.67989 0.69926 -0.22086
vn 0.70664 0.70661 -0.0369
vn 0.71694 0.69305 0.07535
vn 0.70271 0.70271 0.1113
vn 0.6191 0.69925 0.35743
vn 0.67684 0.67163 0.30133
vn 0.57362 0.70516 0.41678
vn 0.42019 0.69925 0.57835
vn 0.45766 0.68633 0.56524
vn 0.32137 0.70662 0.63041
vn 0.14864 0.69925 0.69925
vn 0.14858 0.69927 0.69925
vn -0.14864 0.69926 0.69924
vn -0.14859 0.69925 0.69927
vn -0.32137 0.70662 0.63041
vn 0.25879 0.01017 0.96588
vn 0.70702 0.01528 0.70702
vn 0.96582 0.01527 0.25877
vn 0.96588 0.01017 -0.25881
vn 0.7071 0.01016 -0.70704
vn 0.25877 0.01527 -0.96582
vn -0.25877 0.01527 -0.96582
vn -0.7071 0.01016 -0.70704
vn -0.96588 0.01017 -0.25881
vn -0.70702 0.01527 0.70702
vn -0.25879 0.01017 0.96588
vn 0.69403 0.70532 -0.14437
vn 0.66488 0.71503 -0.21604
vn 0.70905 0.70516 0.00012
vn 0.71466 0.69847 -0.03738
vn 0.6874 0.71131 0.14668
vn 0.7027 0.70272 0.1113
vn 0.65688 0.7063 0.26391
vn 0.64447 0.70876 0.28691
vn 0.61582 0.70546 0.35084
vn -0.42373 0.69305 0.58321
vn -0.44774 0.70272 0.55292
vn -0.57362 0.70516 0.41678
vn -0.62606 0.69094 0.36145
vn -0.64775 0.70516 0.28838
vn -0.71095 0.69926 0.07475
vn -0.71834 0.68633 0.11377
vn -0.70662 0.70663 -0.03697
vn -0.67988 0.69926 -0.22091
vn -0.67987 0.69926 -0.22092
vn -0.53124 0.69926 -0.47835
vn -0.53126 0.69925 -0.47834
vn -0.38547 0.70663 -0.59337
vn -0.29321 0.69304 -0.65857
vn -0.25497 0.70271 -0.66422
vn 0 0.69925 -0.71488
vn -0.07741 0.67165 -0.73682
vn 0.07409 0.70516 -0.70517
vn 0.29076 0.69925 -0.65308
vn 0.64914 0.70501 -0.28563
vn 0.57906 0.70566 -0.40832
vn 0.51984 0.71462 -0.46806
vn 0.48221 0.7046 -0.52058
vn 0.38547 0.70663 -0.59337
vn 0.26065 0.68631 -0.679
vn 0.55778 0.70849 0.43234
vn 0.57369 0.70515 0.41671
vn 0.42019 0.69925 0.57835
vn 0.45766 0.68632 0.56525
vn 0.32137 0.70661 0.63042
vn 0.14865 0.69925 0.69925
vn 0.14858 0.69927 0.69925
vn -0.14864 0.69926 0.69924
vn -0.14858 0.69924 0.69927
vn -0.32137 0.70661 0.63041
vn -0.14231 0 -0.98982
vn -0.41542 0 -0.90963
vn -0.41541 0 -0.90963
vn -0.65487 0 -0.75574
vn -0.65486 0 -0.75575
vn -0.84126 0 -0.54064
vn -0.84126 0 -0.54064
vn -0.95949 0 -0.28175
vn -0.95949 0 -0.28175
vn -0.95949 0 0.28175
vn -0.95949 0 0.28175
vn -0.84126 0 0.54063
vn -0.84126 0 0.54064
vn -0.65487 0 0.75574
vn -0.65487 0 0.75574
vn -0.41542 0 0.90963
vn -0.41541 0 0.90963
vn -0.14231 0 0.98982
vn -0.14231 0 0.98982
vn 0.14231 0 0.98982
vn 0.14231 0 0.98982
vn 0.41542 0 0.90963
vn 0.41541 0 0.90963
vn 0.65486 0 0.75575
vn 0.65485 0 0.75576
vn 0.84126 0 0.54063
vn 0.84126 0 0.54064
vn 0.9595 0 0.28172
vn 0.9595 0 -0.28172
vn 0.84126 0 -0.54063
vn 0.84126 0 -0.54064
vn 0.65485 0 -0.75576
vn 0.65485 0 -0.75576
vn 0.41542 0 -0.90963
vn 0.41542 0 -0.90963
vn 0.14231 0 -0.98982
vn 0.14231 0 -0.98982
vn -0.14231 0 -0.98982
vn 0 -1 -0
vn 0 -1 -0
vn 0 -1 0
vn 0 -1 -0
vn 0 -1 0
vn 0 -1 -0
vn 0 -1 -0
vn 0 -1 0
vn 0 -1 -0
vn 0 -1 0
vn 0 -1 0
vn -0.15645 0 -0.98769
vn -0.45398 0 -0.89101
vn -0.45398 0 -0.89101
vn -0.70711 0 -0.70711
vn -0.70711 0 -0.70711
vn -0.89101 0 -0.45399
vn -0.89101 0 -0.45398
vn -0.98769 0 -0.15644
vn -0.98769 0 -0.15644
vn -0.98769 0 0.15644
vn -0.98769 0 0.15644
vn -0.89101 0 0.45399
vn -0.89101 0 0.45398
vn -0.70711 0 0.70711
vn -0.70711 0 0.70711
vn -0.45398 0 0.89101
vn -0.15644 0 0.98769
vn -0.15644 0 0.98769
vn 0.15644 0 0.98769
vn 0.15644 0 0.98769
vn 0.45398 0 0.89101
vn 0.70711 0 0.70711
vn 0.70711 0 0.70711
vn 0.89101 0 0.45398
vn 0.89101 0 0.45398
vn 0.98769 0 0.15644
vn 0.98769 0 0.15644
vn 0.98769 0 -0.15644
vn 0.98769 0 -0.15644
vn 0.89101 0 -0.45398
vn 0.89101 0 -0.45398
vn 0.70711 0 -0.70711
vn 0.70711 0 -0.70711
vn 0.45398 0 -0.89101
vn 0.45398 0 -0.89101
vn 0.15645 0 -0.98769
vn 0.15645 0 -0.98769
vn -0.15645 0 -0.98769
vn 0 -1 0
vn 0 -1 -0
vn 0 -1 0
vn 0 -1 0
vn 0 -1 -0
vn 0 -1 -0
vn 0 -1 -0
vn 0 -1 0
vn -0.11132 -0.70269 -0.70273
vn -0.32302 -0.70268 -0.63395
vn -0.32299 -0.70272 -0.63393
vn -0.50307 -0.70272 -0.5031
vn -0.50311 -0.70269 -0.5031
vn -0.63396 -0.70268 -0.32301
vn -0.63395 -0.70269 -0.32301
vn -0.70274 -0.70269 -0.11129
vn -0.70272 -0.70271 -0.1113
vn -0.70272 -0.70271 0.1113
vn -0.70273 -0.70269 0.11131
vn -0.63395 -0.70269 0.323
vn -0.63396 -0.70268 0.32301
vn -0.50309 -0.70268 0.50312
vn -0.50309 -0.70272 0.50308
vn -0.32301 -0.70272 0.63392
vn -0.32301 -0.70269 0.63395
vn -0.1113 -0.70269 0.70274
vn -0.11131 -0.70271 0.70272
vn 0.1113 -0.7027 0.70272
vn 0.1113 -0.7027 0.70273
vn 0.32302 -0.70269 0.63394
vn 0.323 -0.70272 0.63392
vn 0.50308 -0.70272 0.50309
vn 0.50309 -0.70272 0.50308
vn 0.63392 -0.70272 0.32301
vn 0.63395 -0.70269 0.32301
vn 0.70274 -0.70269 0.1113
vn 0.70272 -0.70271 0.11131
vn 0.70272 -0.70271 -0.11129
vn 0.70274 -0.70269 -0.11131
vn 0.63395 -0.70269 -0.32302
vn 0.63393 -0.70272 -0.323
vn 0.50308 -0.70272 -0.50309
vn 0.50309 -0.70272 -0.50308
vn 0.32301 -0.70272 -0.63392
vn 0.32301 -0.70269 -0.63395
vn 0.1113 -0.70268 -0.70274
vn 0.11131 -0.70272 -0.70271
vn -0.11129 -0.70271 -0.70272
vn -0.98713 -0.03349 0.15636
vn -0.89029 -0.04016 0.45361
vn -0.6057 0 0.79569
vn -0.70699 -0.02009 0.70693
vn -0.70696 -0.02006 0.70697
vn -0.79554 0 0.6059
vn -0.85846 0 0.51287
vn -0.5129 0 0.85845
vn -0.45365 -0.04015 0.89028
vn -0.15632 -0.03346 0.98714
vn 0.15632 -0.03346 0.98714
vn 0.45365 -0.04017 0.89028
vn 0.79567 0 0.60573
vn 0.70697 -0.02008 0.70696
vn 0.70696 -0.02009 0.70697
vn 0.6057 0 0.7957
vn 0.51293 0 0.85843
vn 0.85843 0 0.51293
vn 0.89028 -0.04017 0.45364
vn 0.98714 -0.03346 0.15632
vn -0.15013 0.98768 0.04411
vn -0.43577 0.8909 0.12805
vn -0.67863 0.70689 0.19941
vn -0.94764 0.15635 0.27846
vn -0.9678 0.10324 0.22956
vn -0.96339 0.15639 0.21775
vn -0.94763 0.15638 0.27846
vn -0.96778 0.15646 0.19728
vn -0.97527 0.15639 0.15618
vn -0.97528 0.15636 0.15617
vn -0.981 0.15642 0.11474
vn -0.98813 0.12115 0.09442
vn -0.98415 0.1564 0.08354
vn -0.9872 0.15636 0.03135
vn -0.98721 0.15633 0.03135
vn -0.89065 0.45381 0.02828
vn -0.88706 0.45381 0.08477
vn -0.88706 0.4538 0.08476
vn -0.8799 0.4538 0.14088
vn -0.87987 0.45385 0.14089
vn -0.86915 0.45385 0.19646
vn -0.86916 0.45384 0.19646
vn -0.85494 0.45384 0.25122
vn -0.85493 0.45386 0.25122
vn -0.67862 0.7069 0.19941
vn -0.68991 0.7069 0.15594
vn -0.6899 0.7069 0.15594
vn -0.69841 0.7069 0.11183
vn -0.69839 0.70692 0.11183
vn -0.70408 0.70692 0.06728
vn -0.70408 0.70693 0.06728
vn -0.91333 0.40678 0.01879
vn -0.83856 0.54416 0.02661
vn -0.83856 0.54416 0.02661
vn -0.83856 0.54416 0.02661
vn -0.70693 0.70693 0.02247
vn -0.70698 0.70688 0.02245
vn -0.54468 0.83847 0.0173
vn -0.43574 0.89092 0.12805
vn -0.44299 0.89092 0.10013
vn -0.44302 0.8909 0.10013
vn -0.44848 0.8909 0.07181
vn -0.44845 0.89092 0.07181
vn -0.4521 0.89092 0.0432
vn -0.45212 0.89091 0.0432
vn -0.45432 0.8908 0.00766
vn -0.40665 0.91349 0.01292
vn -0.15014 0.98768 0.04412
vn -0.15264 0.98768 0.0345
vn -0.15264 0.98768 0.0345
vn -0.15452 0.98768 0.02474
vn -0.15452 0.98768 0.02475
vn -0.15578 0.98768 0.01489
vn -0.15577 0.98768 0.01488
vn -0.1564 0.98768 0.00497
vn -0.1564 0.98768 0.00497
vn -0.37438 0.92727 -7E-05
vn -0.4065 0.91316 -0.02993
vn -0.24787 0.96878 0.00612
vn -0.1668 0.98596 -0.00783
vn -0.05394 0.99854 0
vn -0.1564 0.98769 -0.00142
vn -0.40668 0.91356 0.00547
vn -0.48706 0.87182 -0.05197
vn -0.34589 0.93827 0
vn -0.54476 0.83859 0
vn -0.54476 0.83859 0
vn -0.70716 0.70706 0
vn -0.8386 0.54475 0
vn -0.8386 0.54475 0
vn -0.91349 0.40686 0
vn -0.98769 0.1564 0
vn 0.9851 0.15621 0.07194
vn 0.92995 0.15611 -0.33289
vn 0.85922 0.15635 -0.48713
vn 0.76316 0.15648 -0.62697
vn 0.58858 0.15623 -0.7932
vn 0.04906 0.15622 -0.9865
vn -0.50695 0.15629 -0.84769
vn -0.80668 0.15609 -0.57001
vn -0.95167 0.15638 -0.26433
vn -0.98737 0.15624 -0.02614
vn -0.15602 0.98763 0.01561
vn -0.15603 0.98763 0.0156
vn -0.4527 0.89051 0.04527
vn -0.4527 0.89051 0.04527
vn -0.70457 0.70613 0.07045
vn -0.70454 0.70616 0.07046
vn -0.88703 0.45311 0.08872
vn -0.88706 0.45306 0.0887
vn -0.13899 0.98763 -0.0726
vn -0.13899 0.98763 -0.0726
vn -0.40324 0.89052 -0.21063
vn -0.40327 0.8905 -0.21066
vn -0.62762 0.70612 -0.32785
vn -0.62758 0.70618 -0.3278
vn -0.79016 0.4531 -0.41272
vn -0.79018 0.45305 -0.41275
vn -0.09535 0.98763 -0.12449
vn -0.09535 0.98763 -0.12447
vn -0.27666 0.89051 -0.36118
vn -0.27666 0.89052 -0.36116
vn -0.43058 0.70615 -0.56209
vn -0.43057 0.70615 -0.5621
vn -0.5421 0.45311 -0.70768
vn -0.5421 0.45308 -0.7077
vn -0.01138 0.98763 -0.1564
vn -0.01138 0.98763 -0.1564
vn -0.03302 0.89053 -0.45372
vn -0.03301 0.89052 -0.45375
vn -0.05138 0.70614 -0.7062
vn -0.05138 0.70613 -0.70621
vn -0.06469 0.45308 -0.88912
vn -0.06468 0.45306 -0.88913
vn 0.07634 0.98763 -0.13699
vn 0.07633 0.98763 -0.13697
vn 0.22146 0.89052 -0.3974
vn 0.22144 0.89053 -0.3974
vn 0.34465 0.70618 -0.61849
vn 0.34469 0.70613 -0.61852
vn 0.43398 0.45301 -0.77875
vn 0.43394 0.45307 -0.77873
vn 0.15666 0.98763 -0.00714
vn 0.15665 0.98763 -0.00715
vn 0.45446 0.89053 -0.02073
vn 0.45446 0.89053 -0.02073
vn 0.70735 0.70612 -0.03227
vn 0.70731 0.70617 -0.03229
vn 0.89054 0.45309 -0.04065
vn 0.89056 0.45306 -0.04064
vn -0.15212 0.98763 0.03802
vn -0.15212 0.98763 0.03802
vn -0.44139 0.89051 0.11032
vn -0.44138 0.89051 0.11032
vn -0.68694 0.70614 0.1717
vn -0.68695 0.70613 0.1717
vn -0.86486 0.45309 0.21616
vn -0.86485 0.45311 0.21617
vn -0.95827 0.15603 0.23952
vn -0.95827 0.15602 0.23952
vn -0.98285 0.15606 0.09828
vn -0.96856 0.23851 0.07074
vn -0.97725 0.15637 0.14327
vn -0.98285 0.15641 -0.09769
vn -0.97875 0.20014 -0.04463
vn -0.89054 0.45309 -0.04061
vn -0.89056 0.45306 -0.04062
vn -0.70735 0.70612 -0.03227
vn -0.70732 0.70616 -0.03225
vn -0.45446 0.89053 -0.02072
vn -0.45449 0.89051 -0.02073
vn -0.15664 0.98763 -0.00715
vn -0.15665 0.98763 -0.00715
vn -0.15396 0.98763 -0.02974
vn -0.15396 0.98763 -0.02974
vn -0.44667 0.89053 -0.08629
vn -0.44669 0.89052 -0.08631
vn -0.69523 0.70612 -0.13433
vn -0.69521 0.70615 -0.13431
vn -0.87528 0.45309 -0.1691
vn -0.87527 0.4531 -0.1691
vn -0.96982 0.15604 -0.18736
vn -0.96982 0.15597 -0.18739
vn -0.92995 0.15611 -0.33289
vn -0.92904 0.1776 -0.32457
vn -0.84158 0.4531 -0.29401
vn -0.84158 0.4531 -0.29402
vn -0.66847 0.70612 -0.23354
vn -0.66845 0.70615 -0.23351
vn -0.42949 0.89052 -0.15004
vn -0.4295 0.89052 -0.15005
vn -0.14803 0.98763 -0.05172
vn -0.14804 0.98763 -0.05172
vn -0.87552 0.15596 -0.45732
vn -0.83969 0.26122 -0.47611
vn -0.8923 0.15635 -0.42351
vn -0.76327 0.15649 -0.62684
vn -0.79582 0.18636 -0.57614
vn -0.72211 0.45307 -0.52277
vn -0.72211 0.45305 -0.52278
vn -0.57355 0.70614 -0.41523
vn -0.57353 0.70618 -0.41519
vn -0.36851 0.89053 -0.26677
vn -0.36853 0.8905 -0.26681
vn -0.12702 0.98763 -0.09196
vn -0.12702 0.98763 -0.09196
vn -0.11237 0.98763 -0.10938
vn -0.11237 0.98763 -0.10937
vn -0.32601 0.89053 -0.3173
vn -0.32602 0.89051 -0.31733
vn -0.5074 0.70614 -0.49388
vn -0.5074 0.70615 -0.49386
vn -0.63884 0.45306 -0.62179
vn -0.63883 0.45311 -0.62176
vn -0.70783 0.15611 -0.68892
vn -0.70782 0.15601 -0.68895
vn -0.60065 0.15602 -0.78414
vn -0.58341 0.20364 -0.78623
vn -0.64456 0.15638 -0.74839
vn -0.44408 0.15636 -0.88224
vn -0.47577 0.21133 -0.8538
vn -0.43395 0.45304 -0.77874
vn -0.43395 0.45307 -0.77872
vn -0.34467 0.70615 -0.61851
vn -0.34467 0.70615 -0.61851
vn -0.22145 0.89053 -0.39739
vn -0.22145 0.89052 -0.39741
vn -0.07633 0.98763 -0.13699
vn -0.07633 0.98763 -0.13696
vn -0.05571 0.98763 -0.1466
vn -0.05571 0.98763 -0.14658
vn -0.16161 0.89053 -0.42525
vn -0.1616 0.89052 -0.42527
vn -0.25152 0.70616 -0.66188
vn -0.25152 0.70612 -0.66191
vn -0.31666 0.45304 -0.83336
vn -0.31667 0.45305 -0.83335
vn -0.35086 0.15603 -0.92333
vn -0.35087 0.15608 -0.92332
vn -0.0339 0.98763 -0.15311
vn -0.0339 0.98763 -0.15311
vn -0.09834 0.89052 -0.44418
vn -0.09834 0.89053 -0.44417
vn -0.15306 0.70613 -0.69134
vn -0.15307 0.70615 -0.69132
vn -0.19272 0.45306 -0.8704
vn -0.19272 0.45308 -0.87039
vn -0.21354 0.15608 -0.96439
vn -0.21352 0.15602 -0.9644
vn -0.07167 0.156 -0.98515
vn -0.04837 0.22694 -0.97271
vn -0.12048 0.15639 -0.98032
vn 0.12047 0.1564 -0.98032
vn 0.07102 0.20509 -0.97616
vn 0.06468 0.45307 -0.88912
vn 0.06469 0.45306 -0.88913
vn 0.05138 0.70614 -0.70621
vn 0.05138 0.70614 -0.70621
vn 0.03301 0.89053 -0.45373
vn 0.03302 0.89052 -0.45374
vn 0.01138 0.98763 -0.15641
vn 0.01138 0.98763 -0.1564
vn 0.0339 0.98763 -0.15311
vn 0.0339 0.98763 -0.1531
vn 0.09833 0.89053 -0.44417
vn 0.09835 0.89052 -0.44419
vn 0.15307 0.70613 -0.69133
vn 0.15307 0.70614 -0.69133
vn 0.19271 0.45308 -0.87039
vn 0.19272 0.45306 -0.8704
vn 0.21353 0.15604 -0.96439
vn 0.21353 0.15606 -0.96439
vn 0.0557 0.98763 -0.14659
vn 0.05571 0.98763 -0.1466
vn 0.16161 0.89052 -0.42528
vn 0.1616 0.89052 -0.42527
vn 0.25152 0.70615 -0.66189
vn 0.2515 0.70617 -0.66187
vn 0.31666 0.45306 -0.83335
vn 0.31668 0.45301 -0.83337
vn 0.35087 0.15605 -0.92333
vn 0.35086 0.15607 -0.92333
vn 0.4808 0.15607 -0.86283
vn 0.49695 0.24987 -0.83102
vn 0.4441 0.1564 -0.88222
vn 0.64463 0.15638 -0.74833
vn 0.59655 0.19393 -0.77879
vn 0.54209 0.45311 -0.70769
vn 0.54211 0.45308 -0.7077
vn 0.43058 0.70615 -0.5621
vn 0.43061 0.70612 -0.56211
vn 0.27668 0.8905 -0.36119
vn 0.27663 0.89053 -0.36115
vn 0.09535 0.98763 -0.12449
vn 0.09535 0.98763 -0.12449
vn 0.11237 0.98763 -0.10937
vn 0.11237 0.98763 -0.10937
vn 0.32605 0.8905 -0.31734
vn 0.32602 0.89051 -0.31733
vn 0.50739 0.70615 -0.49386
vn 0.50738 0.70617 -0.49386
vn 0.63881 0.45311 -0.62179
vn 0.63886 0.45301 -0.6218
vn 0.70784 0.15601 -0.68893
vn 0.70781 0.15609 -0.68894
vn 0.80667 0.15618 -0.57
vn 0.79581 0.18643 -0.57613
vn 0.72212 0.45304 -0.52278
vn 0.72213 0.45302 -0.52278
vn 0.57356 0.70614 -0.41521
vn 0.57352 0.70617 -0.41521
vn 0.36851 0.89052 -0.26679
vn 0.36853 0.89051 -0.26679
vn 0.12702 0.98763 -0.09195
vn 0.12702 0.98763 -0.09196
vn 0.8923 0.15635 -0.42351
vn 0.86611 0.21256 -0.45241
vn 0.79018 0.45304 -0.41276
vn 0.79018 0.45304 -0.41275
vn 0.62758 0.70617 -0.32782
vn 0.62762 0.70614 -0.32782
vn 0.40327 0.89051 -0.21064
vn 0.40324 0.89052 -0.21064
vn 0.13899 0.98763 -0.0726
vn 0.13899 0.98763 -0.07261
vn 0.95158 0.15648 -0.26458
vn 0.92904 0.17761 -0.32456
vn 0.84162 0.45303 -0.29402
vn 0.84161 0.45304 -0.29402
vn 0.66845 0.70614 -0.23353
vn 0.66843 0.70617 -0.23353
vn 0.4295 0.89052 -0.15005
vn 0.42951 0.89051 -0.15005
vn 0.14803 0.98763 -0.05171
vn 0.14804 0.98763 -0.05171
vn 0.15395 0.98763 -0.02975
vn 0.15397 0.98763 -0.02974
vn 0.4467 0.89052 -0.08628
vn 0.44666 0.89053 -0.08629
vn 0.69522 0.70614 -0.13431
vn 0.69524 0.70612 -0.1343
vn 0.87531 0.45303 -0.16908
vn 0.87528 0.45309 -0.1691
vn 0.96981 0.15608 -0.18737
vn 0.96982 0.15604 -0.18736
vn 0.98674 0.15596 -0.04503
vn 0.97619 0.21536 -0.02585
vn 0.98285 0.15641 -0.09769
vn 0.97725 0.15637 0.14327
vn 0.97309 0.20884 0.09733
vn 0.88706 0.45305 0.08873
vn 0.88706 0.45306 0.08872
vn 0.70458 0.70612 0.07047
vn 0.70453 0.70617 0.07044
vn 0.45266 0.89053 0.04526
vn 0.45267 0.89053 0.04526
vn 0.15604 0.98763 0.0156
vn 0.15603 0.98763 0.0156
vn 0.15213 0.98763 0.03803
vn 0.15214 0.98763 0.03803
vn 0.44134 0.89053 0.11031
vn 0.44138 0.89051 0.11033
vn 0.68695 0.70612 0.17172
vn 0.68694 0.70614 0.17172
vn 0.86488 0.45305 0.21619
vn 0.86486 0.45309 0.21617
vn 0.95827 0.15602 0.23952
vn 0.95827 0.15603 0.23952
vn -0.91674 0.15604 0.36775
vn -0.78575 0.1564 0.59844
vn -0.50664 0.15581 0.84796
vn -0.17586 0.97874 0.10554
vn -0.19638 0.97976 0.03877
vn -0.01762 0.98754 0.15639
vn -0.01762 0.98754 0.15638
vn -0.04579 0.91259 0.40631
vn -0.07511 0.89068 0.44838
vn -0.24777 0.96842 0.02792
vn -0.40625 0.91261 0.04578
vn -0.44833 0.89071 0.07511
vn -0.54373 0.83702 0.06125
vn -0.70492 0.70482 0.07941
vn -0.1203 0.45263 0.88355
vn -0.09409 0.54233 0.83488
vn -0.07944 0.70484 0.70491
vn -0.07946 0.70483 0.70492
vn -0.06127 0.8371 0.5436
vn -0.05198 0.98754 0.14854
vn -0.05198 0.98754 0.14853
vn -0.15072 0.88983 0.43068
vn -0.15069 0.88985 0.43066
vn -0.23428 0.70484 0.66956
vn -0.23428 0.70484 0.66956
vn -0.29464 0.4518 0.84206
vn -0.29467 0.45175 0.84208
vn -0.11059 0.15546 0.98163
vn -0.11061 0.15544 0.98163
vn -0.10239 0.4046 0.90874
vn -0.32628 0.15548 0.9324
vn -0.36224 0.23132 0.90292
vn -0.26271 0.15626 0.95214
vn -0.59825 0.15641 0.7859
vn -0.52268 0.18657 0.83186
vn -0.47464 0.45175 0.75541
vn -0.47464 0.45176 0.75541
vn -0.37739 0.70484 0.60064
vn -0.3774 0.70485 0.60064
vn -0.24275 0.88983 0.38635
vn -0.24273 0.88985 0.38634
vn -0.08372 0.98754 0.13325
vn -0.08372 0.98754 0.13326
vn -0.11128 0.98754 0.11127
vn -0.11129 0.98754 0.11127
vn -0.32266 0.88984 0.32262
vn -0.32265 0.88984 0.32263
vn -0.50162 0.70484 0.50157
vn -0.50157 0.70487 0.50158
vn -0.63084 0.45176 0.63084
vn -0.63088 0.45171 0.63083
vn -0.69854 0.15548 0.69848
vn -0.69853 0.15548 0.69848
vn -0.84798 0.15578 0.50661
vn -0.83183 0.18664 0.52271
vn -0.75539 0.45175 0.47467
vn -0.75542 0.45171 0.47466
vn -0.60065 0.70482 0.37742
vn -0.60058 0.70487 0.37743
vn -0.3863 0.88985 0.24277
vn -0.38633 0.88984 0.24276
vn -0.13325 0.98754 0.08373
vn -0.13326 0.98754 0.08373
vn -0.95209 0.15635 0.26283
vn -0.92444 0.20197 0.32344
vn -0.8421 0.45173 0.29463
vn -0.84209 0.45175 0.29464
vn -0.66958 0.70482 0.23429
vn -0.66958 0.70482 0.23428
vn -0.43064 0.88986 0.15068
vn -0.43065 0.88985 0.15067
vn -0.15149 0.98704 0.05301
vn -0.14247 0.98769 0.06464
vn -0.70492 0.70483 0.0794
vn -0.83488 0.54233 0.09404
vn -0.88359 0.45255 0.12027
vn -0.90869 0.40472 0.10244
vn -0.98161 0.15555 0.11066
vn -0.98163 0.15545 0.1106
vn 0.96105 0.15632 0.22794
vn 0.981 0.15642 0.11474
vn 0.99108 0.10332 0.08413
vn 0.91316 0.40657 0.02902
vn 0.89085 0.45379 0.02144
vn 0.70697 0.70688 0.02245
vn 0.70698 0.70688 0.02246
vn 0.83831 0.54455 0.02663
vn 0.1564 0.98768 0.00497
vn 0.1564 0.98768 0.00497
vn 0.45395 0.89091 0.01442
vn 0.40673 0.91354 0.00276
vn 0.54454 0.83855 0.0173
vn 0.15578 0.98768 0.01489
vn 0.15577 0.98768 0.01489
vn 0.4521 0.89092 0.0432
vn 0.45212 0.89091 0.0432
vn 0.70413 0.70688 0.06729
vn 0.70412 0.70688 0.06729
vn 0.88703 0.45387 0.08476
vn 0.88702 0.45388 0.08476
vn 0.98322 0.15635 0.09395
vn 0.9872 0.15635 0.03137
vn 0.98721 0.15633 0.03137
vn 0.97528 0.15635 0.15616
vn 0.97528 0.15631 0.15617
vn 0.87986 0.45387 0.14089
vn 0.87987 0.45386 0.14089
vn 0.69844 0.70687 0.11184
vn 0.69842 0.7069 0.11183
vn 0.44845 0.89092 0.07181
vn 0.44844 0.89092 0.0718
vn 0.15452 0.98768 0.02474
vn 0.15452 0.98768 0.02474
vn 0.96779 0.15638 0.19733
vn 0.96821 0.12111 0.21885
vn 0.86915 0.45385 0.19646
vn 0.86916 0.45384 0.19646
vn 0.68991 0.7069 0.15594
vn 0.68991 0.7069 0.15594
vn 0.44298 0.89092 0.10013
vn 0.44299 0.89092 0.10013
vn 0.15264 0.98768 0.0345
vn 0.15263 0.98768 0.0345
vn 0.94765 0.15628 0.27847
vn 0.94764 0.15636 0.27845
vn 0.85494 0.45383 0.25121
vn 0.85493 0.45386 0.2512
vn 0.67862 0.7069 0.1994
vn 0.67863 0.70689 0.1994
vn 0.43574 0.89092 0.12803
vn 0.43576 0.89091 0.12805
vn 0.15014 0.98768 0.04412
vn 0.15014 0.98768 0.04412
vn 0 0.98769 0.15641
vn 0 0.91354 0.40674
vn 0 0.83869 0.54461
vn 0 0.70706 0.70716
vn 0 0.54476 0.83859
vn 0 0.54474 0.83861
vn 0 0.40674 0.91355
vn 0 0.1564 0.98769
vn 0 0.1564 0.98769
vn 0.1564 0.98769 0
vn 0.06137 0.99811 -0.00394
vn 0.40673 0.91353 0.00545
vn 0.48767 0.87147 -0.05218
vn 0.37437 0.92728 -5E-05
vn 0.40655 0.91314 -0.02998
vn 0.24781 0.96879 0.00611
vn 0.16709 0.98591 -0.00781
vn 0.34592 0.93826 0
vn 0.54463 0.83868 0
vn 0.54463 0.83868 0
vn 0.70715 0.70706 0
vn 0.8386 0.54475 0
vn 0.8386 0.54475 0
vn 0.91355 0.40674 0
vn 0.98769 0.1564 0
vn 0.36774 0.15612 0.91673
vn 0.59825 0.1564 0.7859
vn 0.84794 0.15586 0.50666
vn 0.01762 0.98754 0.15638
vn 0.14247 0.98769 0.06464
vn 0.24737 0.96709 0.0595
vn 0.20115 0.9793 0.02266
vn 0.40631 0.91259 0.04578
vn 0.44837 0.89069 0.0751
vn 0.01762 0.98754 0.15638
vn 0.04579 0.91259 0.40631
vn 0.07511 0.89068 0.44838
vn 0.06127 0.8371 0.5436
vn 0.07945 0.70484 0.7049
vn 0.88354 0.45263 0.1203
vn 0.83488 0.54233 0.09409
vn 0.70492 0.70483 0.07945
vn 0.70492 0.70482 0.07945
vn 0.5436 0.8371 0.06127
vn 0.17584 0.97875 0.10554
vn 0.15148 0.98704 0.05301
vn 0.43067 0.88984 0.15071
vn 0.43065 0.88985 0.15068
vn 0.66958 0.70482 0.23429
vn 0.66958 0.70482 0.23428
vn 0.84206 0.4518 0.29463
vn 0.84208 0.45175 0.29467
vn 0.98163 0.15546 0.1106
vn 0.98163 0.15545 0.11061
vn 0.90875 0.40459 0.10239
vn 0.93239 0.15551 0.32628
vn 0.90294 0.2313 0.36221
vn 0.95214 0.15626 0.26271
vn 0.78588 0.1564 0.59827
vn 0.83186 0.18657 0.52268
vn 0.75542 0.45171 0.47465
vn 0.75542 0.45176 0.47461
vn 0.60063 0.70487 0.37736
vn 0.60065 0.70482 0.37743
vn 0.38634 0.88984 0.24276
vn 0.38632 0.88985 0.24272
vn 0.13325 0.98754 0.08372
vn 0.13325 0.98754 0.08372
vn 0.11128 0.98754 0.11128
vn 0.11128 0.98754 0.11127
vn 0.32264 0.88984 0.32264
vn 0.32263 0.88984 0.32264
vn 0.50157 0.70487 0.50158
vn 0.50157 0.70488 0.50157
vn 0.63086 0.45171 0.63086
vn 0.63086 0.45171 0.63086
vn 0.69851 0.15548 0.69851
vn 0.69851 0.15548 0.69851
vn 0.50666 0.15586 0.84794
vn 0.52268 0.18657 0.83186
vn 0.47464 0.45175 0.75541
vn 0.47462 0.45171 0.75544
vn 0.37739 0.70482 0.60067
vn 0.3774 0.70488 0.6006
vn 0.24274 0.88985 0.38631
vn 0.24274 0.88984 0.38635
vn 0.08372 0.98754 0.13325
vn 0.08372 0.98754 0.13325
vn 0.26274 0.15629 0.95212
vn 0.32349 0.20201 0.92442
vn 0.29467 0.45177 0.84207
vn 0.29466 0.45175 0.84208
vn 0.23429 0.70484 0.66956
vn 0.23428 0.70483 0.66957
vn 0.15069 0.88984 0.43067
vn 0.15071 0.88985 0.43064
vn 0.05198 0.98754 0.14853
vn 0.05198 0.98754 0.14854
vn 0.07944 0.70482 0.70492
vn 0.09409 0.54233 0.83488
vn 0.1203 0.45262 0.88355
vn 0.10239 0.4046 0.90874
vn 0.11061 0.15547 0.98163
vn 0.11059 0.15544 0.98163
vn 0 -0.70706 0.70715
vn 0.70275 -0.70268 0.11129
vn 0.70273 -0.70269 0.11129
vn 0.63394 -0.70269 0.32303
vn 0.63395 -0.70268 0.32303
vn 0.5031 -0.70269 0.5031
vn 0.5031 -0.70269 0.50311
vn 0.32303 -0.70268 0.63394
vn 0.32298 -0.70273 0.63392
vn 0.11128 -0.70274 0.70269
vn 0.11133 -0.70267 0.70275
vn -0.11129 -0.70267 0.70276
vn -0.11132 -0.70274 0.70269
vn -0.32301 -0.70273 0.63391
vn -0.32301 -0.70268 0.63396
vn -0.5031 -0.70269 0.50311
vn -0.50309 -0.70273 0.50306
vn -0.63392 -0.70272 0.32299
vn -0.63394 -0.70269 0.32303
vn -0.70273 -0.70269 0.11131
vn -0.70271 -0.70271 0.1113
vn 0.70714 -0.70707 0
vn -0.70711 -0.70711 0
vn 0.70665 -0.70657 0.03744
vn 0.70661 -0.70661 0.03743
vn 0.6987 -0.70661 0.11188
vn 0.69874 -0.70657 0.11189
vn 0.68301 -0.70657 0.18509
vn 0.68299 -0.70659 0.18508
vn -0.68299 -0.70659 0.18509
vn -0.683 -0.70658 0.18509
vn -0.69873 -0.70658 0.11188
vn -0.6987 -0.70661 0.11188
vn -0.70661 -0.70661 0.03743
vn -0.70661 -0.70661 0.03743
vn -0.69207 -0.70533 0.15344
vn -0.69204 -0.70536 0.15342
vn -0.70871 -0.70536 0.01375
vn -0.70873 -0.70535 0.01375
vn -0.69749 -0.70535 -0.12647
vn -0.69748 -0.70535 -0.12647
vn -0.65877 -0.70536 -0.26171
vn -0.65876 -0.70536 -0.26171
vn -0.59412 -0.70536 -0.38665
vn -0.59415 -0.70532 -0.38666
vn -0.50611 -0.70532 -0.49637
vn -0.5061 -0.70532 -0.49637
vn -0.39812 -0.70532 -0.58653
vn -0.39808 -0.70536 -0.58651
vn -0.27444 -0.70535 -0.65358
vn -0.27446 -0.70532 -0.6536
vn -0.13998 -0.70532 -0.69493
vn -0.13997 -0.70534 -0.69491
vn 0 -0.70534 -0.70887
vn 0 -0.70533 -0.70888
vn 0.13998 -0.70533 -0.69492
vn 0.13997 -0.70533 -0.69493
vn 0.27445 -0.70533 -0.65359
vn 0.27445 -0.70534 -0.65359
vn 0.3981 -0.70534 -0.58653
vn 0.3981 -0.70535 -0.58652
vn 0.50608 -0.70535 -0.49635
vn 0.5061 -0.70532 -0.49638
vn 0.59416 -0.70532 -0.38666
vn 0.59415 -0.70532 -0.38666
vn 0.6588 -0.70532 -0.26172
vn 0.65877 -0.70536 -0.2617
vn 0.69748 -0.70535 -0.12647
vn 0.69753 -0.7053 -0.1265
vn 0.70877 -0.70531 0.01375
vn 0.70875 -0.70532 0.01375
vn 0.69208 -0.70532 0.15344
vn 0.69207 -0.70533 0.15344
vn 0 -1 0
vn 0 -1 -0
vn 0 -1 0
vn 0 -1 -0
vn 0 -1 0
vn 0 -1 0
vn 0 -1 -0
vn -0.62349 0 -0.78183
vn -0.62348 0 -0.78184
vn -0.90096 0 -0.4339
vn -0.90096 0 -0.4339
vn -0.90096 0 0.4339
vn -0.90096 0 0.4339
vn -0.62349 0 0.78183
vn -0.62348 0 0.78184
vn 0.22251 0 0.97493
vn 0.62349 0 0.78184
vn 0.62349 0 0.78183
vn 0.62349 0 -0.78183
vn 0.62348 0 -0.78184
vn 0.22255 0 -0.97492
vn 0 -1 -0
vn 0 -1 0
vn 0 -1 -0
vn 0 -1 0
vn -0.22254 0 -0.97492
vn -0.62351 0 -0.78182
vn -0.62351 0 -0.78182
vn -0.62351 0 0.78182
vn -0.62351 0 0.78182
vn -0.2225 0 0.97493
vn -0.22249 0 0.97493
vn 0.62351 0 0.78182
vn 0.62351 0 0.78182
vn 0.62351 0 -0.78182
vn 0.62351 0 -0.78182
vn -0.22254 0 -0.97492
vn -0.15934 -0.69809 -0.69805
vn -0.4464 -0.6981 -0.5598
vn -0.44643 -0.69807 -0.55981
vn -0.64514 -0.69806 -0.31065
vn -0.64501 -0.69819 -0.31063
vn -0.71615 -0.69794 0
vn -0.71615 -0.69794 0
vn -0.71615 -0.69794 0
vn -0.71592 -0.69818 0
vn -0.64502 -0.69819 0.3106
vn -0.64512 -0.69807 0.31068
vn -0.44643 -0.69807 0.55982
vn -0.44641 -0.6981 0.55979
vn -0.15932 -0.69809 0.69806
vn -0.15932 -0.69806 0.69809
vn 0.15933 -0.69806 0.69809
vn 0.15931 -0.6981 0.69806
vn 0.44642 -0.6981 0.55978
vn 0.44639 -0.69814 0.55976
vn 0.64504 -0.69816 0.31064
vn 0.64501 -0.69819 0.31063
vn 0.71592 -0.69818 0
vn 0.71592 -0.69818 0
vn 0.64501 -0.69819 -0.31062
vn 0.64503 -0.69817 -0.31064
vn 0.4464 -0.69814 -0.55975
vn 0.44641 -0.6981 -0.55979
vn 0.15932 -0.6981 -0.69805
vn 0.15933 -0.69816 -0.69798
vn -0.15931 -0.69817 -0.69798
vn -0.15934 -0.6981 -0.69805
vn -0.44642 -0.6981 -0.55978
vn -0.44645 -0.69807 -0.5598
vn -0.64512 -0.69806 -0.31068
vn -0.6451 -0.69809 -0.31067
vn -0.71602 -0.69807 0
vn -0.71603 -0.69807 0
vn -0.6451 -0.6981 0.31066
vn -0.64512 -0.69807 0.31068
vn -0.44644 -0.69808 0.5598
vn -0.44643 -0.6981 0.55978
vn -0.15932 -0.69809 0.69806
vn -0.15932 -0.69806 0.69809
vn 0.15933 -0.69806 0.69809
vn 0.15931 -0.69809 0.69806
vn 0.44645 -0.69807 0.5598
vn 0.64512 -0.69807 0.31068
vn 0.6451 -0.69809 0.31067
vn 0.71603 -0.69807 0
vn 0.71603 -0.69807 0
vn 0.6451 -0.69809 -0.31067
vn 0.64512 -0.69807 -0.31068
vn 0.44644 -0.69808 -0.5598
vn 0.44643 -0.6981 -0.55978
vn 0.15932 -0.69809 -0.69806
vn 0.15933 -0.69816 -0.69798
vn -0.1593 -0.69817 -0.69799
usemtl mat0
f 1//1 2//1 3//1
f 3//2 2//2 4//2
f 1//3 3//3 5//3
f 5//4 3//4 6//4
f 5//5 6//5 7//5
f 7//6 6//6 8//6
f 8//7 6//7 9//7
f 8//8 9//8 10//8
f 11//9 12//9 13//9
f 13//10 14//10 11//10
f 11//11 14//11 15//11
f 11//12 15//12 9//12
f 9//13 15//13 16//13
f 9//14 16//14 10//14
f 17//15 18//15 19//15
f 19//16 18//16 20//16
f 19//17 20//17 12//17
f 12//18 20//18 21//18
f 12//19 21//19 13//19
f 22//20 23//20 17//20
f 17//21 23//21 24//21
f 17//22 24//22 18//22
f 25//23 26//23 22//23
f 22//24 26//24 27//24
f 22//25 27//25 23//25
f 28//26 29//26 25//26
f 25//27 29//27 30//27
f 25//28 30//28 26//28
f 31//29 32//29 28//29
f 28//30 32//30 33//30
f 28//31 33//31 29//31
f 2//32 34//32 4//32
f 4//33 34//33 35//33
f 4//34 35//34 31//34
f 31//35 35//35 36//35
f 31//36 36//36 32//36
f 37//37 38//37 39//37
f 37//38 39//38 40//38
f 38//39 37//39 41//39
f 41//40 37//40 42//40
f 41//41 42//41 43//41
f 43//42 42//42 44//42
f 44//43 42//43 45//43
f 44//44 45//44 46//44
f 46//45 45//45 47//45
f 47//46 45//46 48//46
f 47//47 48//47 49//47
f 49//48 48//48 50//48
f 50//49 48//49 51//49
f 50//50 51//50 52//50
f 52//51 51//51 53//51
f 53//52 51//52 54//52
f 53//53 54//53 55//53
f 55//54 54//54 56//54
f 56//55 54//55 57//55
f 56//56 57//56 58//56
f 58//57 57//57 59//57
f 59//58 57//58 60//58
f 59//59 60//59 61//59
f 62//60 63//60 64//60
f 64//61 65//61 62//61
f 62//62 65//62 66//62
f 62//63 66//63 60//63
f 60//64 66//64 67//64
f 60//65 67//65 61//65
f 39//66 68//66 40//66
f 40//67 68//67 69//67
f 40//68 69//68 70//68
f 70//69 69//69 71//69
f 70//70 71//70 63//70
f 63//71 71//71 72//71
f 63//72 72//72 64//72
f 73//73 74//73 75//73
f 73//74 75//74 76//74
f 74//75 73//75 77//75
f 77//76 73//76 78//76
f 77//77 78//77 79//77
f 79//78 78//78 80//78
f 80//79 78//79 81//79
f 80//80 81//80 82//80
f 82//81 81//81 83//81
f 83//82 81//82 84//82
f 83//83 84//83 85//83
f 85//84 84//84 86//84
f 86//85 84//85 87//85
f 86//86 87//86 88//86
f 88//87 87//87 89//87
f 89//88 87//88 90//88
f 89//89 90//89 91//89
f 91//90 90//90 92//90
f 92//91 90//91 93//91
f 92//92 93//92 94//92
f 94//93 93//93 95//93
f 95//94 93//94 96//94
f 95//95 96//95 97//95
f 98//96 99//96 100//96
f 100//97 101//97 98//97
f 98//98 101//98 102//98
f 98//99 102//99 96//99
f 96//100 102//100 103//100
f 96//101 103//101 97//101
f 75//102 104//102 76//102
f 76//103 104//103 105//103
f 76//104 105//104 106//104
f 106//105 105//105 107//105
f 106//106 107//106 99//106
f 99//107 107//107 108//107
f 99//108 108//108 100//108
f 109//109 110//109 111//109
f 111//110 110//110 112//110
f 109//111 111//111 113//111
f 113//112 111//112 114//112
f 113//113 114//113 115//113
f 115//114 114//114 116//114
f 116//115 114//115 117//115
f 116//116 117//116 118//116
f 119//117 120//117 121//117
f 121//118 122//118 119//118
f 119//119 122//119 123//119
f 119//120 123//120 117//120
f 117//121 123//121 124//121
f 117//122 124//122 118//122
f 125//123 126//123 127//123
f 127//124 126//124 128//124
f 127//125 128//125 120//125
f 120//126 128//126 129//126
f 120//127 129//127 121//127
f 130//128 131//128 125//128
f 125//129 131//129 132//129
f 125//130 132//130 126//130
f 133//131 134//131 130//131
f 130//132 134//132 135//132
f 130//133 135//133 131//133
f 136//134 137//134 133//134
f 133//135 137//135 138//135
f 133//65 138//65 134//65
f 139//136 140//136 136//136
f 136//137 140//137 141//137
f 136//138 141//138 137//138
f 110//139 142//139 112//139
f 112//140 142//140 143//140
f 112//141 143//141 139//141
f 139//142 143//142 144//142
f 139//143 144//143 140//143
f 145//144 146//144 147//144
f 148//145 149//145 150//145
f 151//144 152//144 153//144
f 153//144 152//144 154//144
f 153//144 154//144 155//144
f 156//144 157//144 158//144
f 158//144 157//144 159//144
f 158//146 159//146 160//146
f 160//144 159//144 161//144
f 150//144 149//144 162//144
f 162//144 149//144 163//144
f 162//147 163//147 164//147
f 147//148 146//148 164//148
f 164//144 146//144 165//144
f 164//144 165//144 162//144
f 154//149 166//149 155//149
f 155//144 166//144 167//144
f 155//150 167//150 168//150
f 168//151 167//151 169//151
f 168//144 169//144 170//144
f 170//152 169//152 171//152
f 170//153 171//153 147//153
f 147//144 171//144 172//144
f 147//144 172//144 145//144
f 173//144 174//144 175//144
f 175//154 174//154 176//154
f 175//144 176//144 177//144
f 177//155 176//155 178//155
f 178//147 176//147 179//147
f 178//144 179//144 180//144
f 180//144 179//144 181//144
f 180//156 181//156 182//156
f 183//144 184//144 185//144
f 173//157 186//157 174//157
f 174//144 186//144 187//144
f 174//144 187//144 188//144
f 188//158 187//158 189//158
f 188//144 189//144 190//144
f 190//144 189//144 191//144
f 190//159 191//159 161//159
f 161//160 191//160 192//160
f 161//144 192//144 160//144
f 193//144 194//144 195//144
f 195//161 194//161 148//161
f 195//144 148//144 196//144
f 196//144 148//144 150//144
f 185//162 184//162 182//162
f 182//163 184//163 197//163
f 182//144 197//144 180//144
f 198//164 199//164 185//164
f 185//144 199//144 200//144
f 185//165 200//165 183//165
f 193//144 201//144 194//144
f 194//144 201//144 202//144
f 194//144 202//144 203//144
f 202//144 204//144 203//144
f 203//144 204//144 205//144
f 203//144 205//144 206//144
f 206//144 205//144 207//144
f 206//144 207//144 208//144
f 208//144 207//144 209//144
f 208//144 209//144 210//144
f 210//144 209//144 211//144
f 210//144 211//144 212//144
f 212//144 211//144 213//144
f 212//144 213//144 214//144
f 214//144 213//144 215//144
f 214//144 215//144 216//144
f 216//166 215//166 217//166
f 216//144 217//144 218//144
f 218//144 217//144 219//144
f 218//144 219//144 220//144
f 220//144 219//144 221//144
f 220//144 221//144 222//144
f 222//144 221//144 223//144
f 222//144 223//144 224//144
f 224//144 223//144 225//144
f 224//144 225//144 198//144
f 198//144 225//144 226//144
f 198//144 226//144 199//144
f 227//167 228//167 229//167
f 230//168 231//168 232//168
f 232//169 231//169 233//169
f 232//170 233//170 234//170
f 234//171 235//171 232//171
f 232//172 235//172 236//172
f 232//173 236//173 237//173
f 237//174 236//174 238//175
f 237//176 238//176 239//176
f 239//177 238//178 240//177
f 239//179 240//180 241//181
f 241//182 240//182 242//182
f 241//183 242//183 243//183
f 243//184 242//184 244//184
f 243//185 244//185 245//185
f 245//186 244//186 246//186
f 247//187 248//187 249//187
f 249//188 248//188 250//188
f 249//189 250//189 251//189
f 251//190 250//190 252//190
f 251//191 252//191 253//191
f 253//192 252//192 254//192
f 253//193 254//193 246//193
f 246//194 254//194 255//194
f 246//195 255//195 245//195
f 256//196 257//196 258//196
f 258//197 259//197 256//197
f 256//198 259//198 260//198
f 256//199 260//199 261//199
f 262//200 263//200 264//200
f 264//201 263//201 261//201
f 264//202 261//202 265//202
f 265//203 261//203 260//203
f 266//204 267//204 268//204
f 268//205 267//205 269//205
f 268//206 269//206 270//206
f 271//207 272//207 273//207
f 273//208 272//208 274//208
f 273//209 274//209 275//209
f 275//210 274//210 276//210
f 275//211 276//212 277//213
f 277//214 276//214 278//214
f 277//215 278//215 279//215
f 279//216 278//216 280//216
f 279//217 280//217 266//217
f 266//218 280//218 281//218
f 266//219 281//219 267//219
f 271//220 282//220 272//220
f 272//221 282//221 283//221
f 272//222 283//222 284//222
f 285//223 286//223 287//223
f 287//224 286//224 288//224
f 285//225 289//225 286//225
f 286//226 289//226 290//226
f 286//227 290//227 291//227
f 291//228 290//228 292//228
f 291//229 292//229 230//229
f 230//230 292//230 293//230
f 230//231 293//231 231//231
f 294//232 295//232 296//232
f 294//233 296//233 297//233
f 288//234 286//234 295//234
f 295//235 286//235 298//235
f 295//236 298//236 296//236
f 247//237 299//237 248//237
f 248//238 299//238 300//238
f 248//239 300//239 301//239
f 300//240 302//240 301//240
f 301//241 302//241 303//241
f 301//242 303//242 304//242
f 303//243 305//243 304//243
f 304//244 305//244 306//244
f 304//245 306//245 307//245
f 307//246 306//246 308//246
f 307//247 308//247 309//247
f 309//248 308//248 310//248
f 309//249 310//249 311//249
f 312//250 313//250 314//250
f 314//251 313//251 315//251
f 314//252 315//252 316//252
f 312//253 317//253 313//253
f 313//254 317//254 318//254
f 313//255 318//255 319//255
f 318//256 320//257 319//256
f 319//258 320//258 321//258
f 319//259 321//259 322//259
f 322//260 321//261 323//262
f 322//263 323//263 270//263
f 270//264 323//264 324//264
f 270//265 324//265 268//265
f 325//266 326//266 327//266
f 326//267 328//267 327//267
f 327//268 328//268 329//268
f 327//269 329//269 330//269
f 316//270 315//270 330//270
f 330//271 315//271 331//271
f 330//272 331//272 327//272
f 283//273 332//273 284//273
f 284//274 332//274 333//274
f 284//275 333//275 334//275
f 334//276 333//276 335//276
f 334//277 335//277 336//277
f 336//278 335//278 337//278
f 336//279 337//279 338//279
f 338//280 339//280 336//280
f 336//281 339//281 340//281
f 336//282 340//282 341//282
f 341//283 340//283 342//283
f 341//284 342//284 343//284
f 311//285 297//285 309//285
f 309//286 297//286 296//286
f 309//287 296//287 344//287
f 344//288 296//288 345//288
f 344//289 345//289 229//289
f 229//290 345//290 346//290
f 229//291 346//291 227//291
f 227//292 346//292 347//292
f 227//293 347//293 257//293
f 257//294 347//294 348//294
f 257//295 348//295 258//295
f 349//296 263//296 350//296
f 350//297 263//297 262//297
f 350//298 262//298 351//298
f 351//299 262//299 352//299
f 351//300 352//300 327//300
f 327//301 352//301 343//301
f 327//302 343//302 325//302
f 325//303 343//303 342//303
f 353//304 354//304 355//304
f 355//305 354//305 356//305
f 355//306 356//306 357//306
f 357//307 356//307 358//307
f 357//308 358//308 359//308
f 359//309 358//309 360//309
f 359//310 360//310 361//310
f 361//311 360//311 362//311
f 363//312 364//312 365//312
f 366//313 367//313 368//313
f 363//314 365//314 368//314
f 368//315 365//315 369//315
f 368//316 369//316 366//316
f 367//317 370//317 368//317
f 368//318 370//318 371//318
f 368//319 371//319 372//319
f 373//320 374//320 375//320
f 375//321 376//321 373//321
f 373//322 376//322 377//322
f 373//323 377//323 378//323
f 377//324 379//324 378//324
f 378//325 379//325 380//325
f 378//326 380//326 381//326
f 380//327 382//327 381//327
f 381//328 382//328 383//328
f 381//329 383//329 384//329
f 384//330 383//330 385//330
f 384//331 385//331 386//331
f 386//332 385//332 387//332
f 386//333 387//333 388//333
f 389//334 390//334 391//334
f 390//335 392//335 391//335
f 391//336 392//336 393//336
f 391//337 393//337 363//337
f 363//338 393//338 394//338
f 363//339 394//339 364//339
f 395//340 396//340 397//340
f 397//341 396//341 398//341
f 397//342 398//342 399//342
f 400//343 401//343 402//343
f 402//344 401//344 403//344
f 403//345 404//345 402//345
f 402//346 404//346 405//346
f 402//347 405//347 406//347
f 406//348 405//348 407//348
f 406//349 407//349 408//349
f 409//350 410//350 411//350
f 407//351 412//351 408//351
f 408//352 412//352 413//352
f 408//353 413//353 414//353
f 414//354 413//354 415//354
f 414//355 415//355 411//355
f 411//356 415//356 416//356
f 411//357 416//357 409//357
f 417//358 418//358 419//358
f 419//359 418//359 420//359
f 419//360 420//360 421//360
f 421//361 422//361 419//361
f 419//362 422//362 423//362
f 419//363 423//363 424//363
f 424//364 423//364 425//364
f 424//365 425//365 397//365
f 397//366 425//366 426//366
f 397//367 426//367 395//367
f 427//368 428//368 429//368
f 430//369 431//369 432//369
f 430//370 432//370 433//370
f 429//371 434//371 427//371
f 427//372 434//372 435//372
f 427//373 435//373 432//373
f 432//374 435//374 436//374
f 432//375 436//375 433//375
f 437//376 438//376 439//376
f 439//377 438//377 440//377
f 439//378 440//378 441//378
f 442//379 443//379 444//379
f 444//380 443//380 439//380
f 444//381 439//381 445//381
f 445//382 439//382 441//382
f 446//383 447//383 448//383
f 442//384 449//384 443//384
f 443//385 449//385 450//385
f 443//386 450//386 451//386
f 451//387 450//387 452//387
f 451//388 452//388 453//388
f 447//389 454//389 448//389
f 448//390 454//390 455//390
f 448//391 455//391 456//391
f 456//392 455//392 457//392
f 456//393 457//393 428//393
f 428//394 457//394 458//394
f 428//395 458//395 429//395
f 32//396 36//396 459//396
f 459//397 36//397 35//397
f 459//398 35//398 34//398
f 34//399 2//399 460//399
f 460//400 2//400 1//400
f 13//401 21//401 461//401
f 13//402 461//402 14//402
f 1//403 5//403 460//403
f 460//404 5//404 7//404
f 460//405 7//405 462//405
f 462//406 7//406 8//406
f 462//407 8//407 463//407
f 463//408 8//408 10//408
f 463//409 10//409 464//409
f 464//410 10//410 16//410
f 464//411 16//411 461//411
f 461//412 16//412 15//412
f 461//413 15//413 14//413
f 20//414 18//414 465//414
f 465//415 18//415 24//415
f 24//416 23//416 465//416
f 465//417 23//417 27//417
f 465//418 27//418 466//418
f 466//419 27//419 26//419
f 26//420 30//420 466//420
f 466//421 30//421 29//421
f 466//422 29//422 459//422
f 459//423 29//423 33//423
f 459//424 33//424 32//424
f 72//425 71//425 467//425
f 66//426 65//426 467//426
f 467//427 65//427 64//427
f 467//428 64//429 72//429
f 468//430 56//430 58//430
f 58//431 59//431 468//431
f 468//432 59//432 61//432
f 468//433 61//433 467//433
f 467//434 61//434 67//434
f 467//435 67//435 66//435
f 469//436 69//437 68//436
f 68//438 39//438 469//438
f 469//439 39//439 38//439
f 469//440 38//440 470//440
f 38//441 41//441 470//441
f 470//442 41//442 43//442
f 470//443 43//443 471//443
f 471//444 43//444 44//444
f 471//445 44//445 46//445
f 46//446 47//446 471//446
f 471//447 47//447 49//447
f 471//448 49//448 472//448
f 472//449 49//449 50//449
f 472//450 50//450 448//450
f 448//451 50//451 451//451
f 448//452 451//452 446//452
f 446//453 451//453 453//453
f 50//454 52//454 451//454
f 451//455 52//455 53//455
f 451//456 53//456 468//456
f 468//457 53//457 55//457
f 468//458 55//458 56//458
f 101//459 100//459 473//459
f 473//460 100//460 108//460
f 473//461 108//461 107//461
f 474//462 103//462 473//462
f 473//463 103//463 102//463
f 473//464 102//464 101//464
f 475//465 105//465 104//465
f 85//466 86//466 476//466
f 85//467 476//467 83//467
f 104//468 75//468 475//468
f 475//469 75//469 74//469
f 475//470 74//470 477//470
f 477//471 74//471 77//471
f 477//472 77//472 478//472
f 478//473 77//473 79//473
f 478//474 79//474 479//474
f 479//475 79//475 80//475
f 479//476 80//476 476//476
f 476//477 80//477 82//477
f 476//478 82//478 83//478
f 88//479 89//479 480//479
f 480//480 89//480 91//480
f 480//481 91//481 92//481
f 92//482 94//482 480//482
f 480//483 94//483 95//483
f 480//484 95//484 474//484
f 474//485 95//485 97//485
f 474//486 97//486 103//486
f 143//487 142//487 481//487
f 482//488 128//489 126//490
f 141//491 140//491 481//491
f 481//492 140//492 144//492
f 481//493 144//493 143//493
f 126//494 132//495 482//496
f 482//497 132//497 131//497
f 482//498 131//498 135//498
f 135//499 134//499 482//499
f 482//500 134//500 138//500
f 482//501 138//501 481//501
f 481//502 138//502 137//502
f 481//503 137//503 141//503
f 410//504 417//504 411//504
f 411//505 417//505 419//505
f 411//506 419//506 483//506
f 483//507 419//507 481//507
f 483//508 481//508 484//508
f 484//509 481//509 142//509
f 123//510 122//510 485//510
f 485//511 122//511 121//511
f 485//512 121//512 129//512
f 142//513 110//513 484//513
f 484//514 110//514 109//514
f 484//515 109//515 113//515
f 113//516 115//516 484//516
f 484//517 115//517 116//517
f 484//518 116//518 486//518
f 486//519 116//519 118//519
f 486//520 118//520 485//520
f 485//521 118//521 124//521
f 485//522 124//522 123//522
f 129//523 128//524 485//525
f 485//526 128//526 482//526
f 485//527 482//527 487//527
f 487//528 482//528 488//528
f 487//529 488//529 489//529
f 489//530 488//530 490//530
f 490//531 488//531 473//531
f 490//532 473//532 475//532
f 475//533 473//533 107//533
f 475//534 107//534 105//534
f 86//535 88//535 476//535
f 476//536 88//536 480//536
f 476//537 480//537 491//537
f 491//538 480//538 368//538
f 491//539 368//539 373//539
f 373//540 368//540 372//540
f 373//541 372//541 374//541
f 388//542 389//542 386//542
f 386//543 389//543 391//543
f 386//544 391//544 492//544
f 492//545 391//545 354//545
f 492//546 354//546 493//546
f 493//547 354//547 353//547
f 493//548 353//548 494//548
f 495//549 361//549 496//549
f 496//550 361//550 362//550
f 496//551 362//551 497//551
f 497//552 362//552 498//552
f 499//553 500//553 501//553
f 502//554 503//554 504//554
f 502//555 504//555 505//555
f 506//556 507//556 501//556
f 501//557 507//557 508//557
f 501//558 508//558 499//558
f 509//559 510//559 511//559
f 511//560 510//560 512//560
f 511//561 512//561 513//561
f 513//562 512//562 514//562
f 513//563 514//563 501//563
f 501//564 514//564 515//564
f 501//565 515//565 506//565
f 500//566 516//567 501//568
f 501//569 516//569 517//569
f 501//570 517//570 498//570
f 498//571 517//571 518//571
f 498//572 518//572 497//572
f 500//573 519//574 516//575
f 516//576 519//576 520//576
f 516//577 520//577 521//577
f 521//578 522//578 516//578
f 516//579 522//579 523//579
f 516//580 523//580 524//580
f 525//581 526//581 527//581
f 525//582 527//582 528//582
f 523//583 529//583 524//583
f 524//584 529//584 530//584
f 524//585 530//585 527//585
f 527//586 530//586 531//586
f 527//587 531//587 528//587
f 526//588 505//588 527//588
f 527//589 505//590 504//591
f 527//592 504//592 532//592
f 532//593 504//593 460//593
f 34//594 460//594 459//594
f 459//595 460//595 504//595
f 459//596 504//596 511//596
f 511//597 504//597 503//597
f 511//598 503//598 509//598
f 21//599 20//599 461//599
f 461//600 20//600 465//600
f 461//601 465//601 533//601
f 533//602 465//602 534//602
f 533//603 534//603 535//603
f 535//604 534//604 536//604
f 536//605 534//605 467//605
f 536//606 467//606 469//606
f 469//607 467//607 71//607
f 469//608 71//608 69//608
f 431//609 437//609 432//609
f 432//610 437//610 439//610
f 432//611 439//611 537//611
f 537//612 439//612 538//612
f 537//613 538//613 539//613
f 539//614 538//614 540//614
f 540//615 538//615 541//615
f 540//616 541//616 542//616
f 542//617 541//617 543//617
f 543//618 541//618 544//618
f 543//619 544//619 545//619
f 545//620 544//620 546//620
f 546//621 544//621 547//621
f 546//622 547//622 548//622
f 548//623 547//623 549//623
f 549//624 547//624 550//624
f 549//625 550//625 551//625
f 551//626 550//626 552//626
f 552//627 550//627 553//627
f 552//628 553//628 554//628
f 554//629 553//629 555//629
f 555//630 553//630 397//630
f 555//631 397//631 402//631
f 402//632 397//632 399//632
f 402//633 399//633 400//633
f 556//634 557//634 558//634
f 558//635 557//635 559//635
f 558//636 559//636 560//636
f 560//637 561//637 558//637
f 558//638 561//638 562//638
f 558//639 562//639 563//639
f 563//640 562//640 564//640
f 563//641 564//641 565//641
f 565//642 564//643 566//644
f 565//645 566//646 567//647
f 567//648 566//648 568//648
f 567//649 568//649 569//649
f 569//650 568//650 570//650
f 569//651 570//651 571//651
f 571//652 570//652 572//652
f 573//653 574//653 575//653
f 575//654 574//654 576//654
f 575//655 576//655 572//655
f 572//656 576//656 577//656
f 572//657 577//657 571//657
f 578//658 579//658 580//658
f 580//659 579//659 573//659
f 580//660 573//660 581//660
f 581//661 573//661 575//661
f 582//662 583//662 584//662
f 584//663 585//663 582//663
f 582//664 585//664 586//664
f 582//665 586//665 587//665
f 587//666 586//666 588//666
f 587//667 588//667 589//667
f 589//668 588//668 590//668
f 590//669 588//669 591//669
f 590//670 591//670 592//670
f 592//671 591//671 593//671
f 593//672 591//672 594//672
f 593//673 594//673 595//673
f 595//674 594//674 596//674
f 595//675 596//675 597//675
f 597//676 596//676 598//676
f 597//677 598//678 599//679
f 599//680 598//680 600//680
f 599//681 600//681 601//681
f 601//682 600//682 602//682
f 601//683 602//683 603//683
f 603//684 604//684 601//684
f 601//685 604//685 605//685
f 601//686 605//686 606//686
f 607//687 608//687 609//687
f 609//688 608//688 610//688
f 609//689 610//689 611//689
f 610//690 612//690 611//690
f 611//691 612//692 613//691
f 611//693 613//693 583//693
f 583//694 613//694 614//694
f 583//695 614//695 584//695
f 615//696 616//696 617//696
f 616//697 618//697 617//697
f 617//698 618//698 619//698
f 617//699 619//699 620//699
f 607//700 609//700 620//700
f 620//701 609//701 621//701
f 620//702 621//702 617//702
f 605//703 622//703 606//703
f 606//704 622//704 623//704
f 606//705 623//705 624//705
f 624//706 623//706 625//706
f 624//707 625//707 626//707
f 626//708 625//708 627//708
f 626//709 627//709 628//709
f 628//710 629//710 626//710
f 626//711 629//711 630//711
f 626//712 630//712 631//712
f 631//713 630//713 632//713
f 631//714 632//714 633//714
f 634//715 635//715 636//715
f 636//716 635//716 637//716
f 634//717 638//717 635//717
f 635//718 638//718 639//718
f 635//719 639//719 640//719
f 640//720 639//720 641//720
f 640//721 641//721 556//721
f 556//722 641//722 642//722
f 556//723 642//723 557//723
f 643//724 644//724 645//724
f 643//725 645//725 646//725
f 637//726 635//726 644//726
f 644//727 635//727 647//727
f 644//728 647//728 645//728
f 578//729 648//729 579//729
f 579//730 648//730 649//730
f 579//731 649//731 650//732
f 650//733 649//733 651//733
f 650//734 651//734 652//734
f 652//735 651//735 653//735
f 653//736 654//736 652//736
f 652//737 654//737 655//737
f 652//738 655//738 656//738
f 656//739 655//739 657//739
f 656//740 657//740 658//740
f 658//741 657//741 659//741
f 658//742 659//742 660//742
f 632//743 615//743 633//743
f 633//744 615//744 617//744
f 633//745 617//745 661//745
f 661//746 617//746 662//746
f 661//747 662//747 663//747
f 663//748 662//748 664//748
f 663//749 664//749 665//749
f 665//750 664//750 666//750
f 665//751 666//751 667//751
f 667//752 666//752 668//752
f 667//753 668//753 669//753
f 669//754 668//754 670//754
f 669//755 670//755 671//755
f 671//756 670//756 672//756
f 671//757 672//757 673//757
f 673//758 672//758 674//758
f 673//759 674//759 675//759
f 675//760 674//760 676//760
f 675//761 676//761 677//761
f 677//762 676//762 678//762
f 677//763 678//763 679//763
f 679//764 678//764 680//764
f 679//765 680//765 681//765
f 681//766 680//766 682//766
f 681//767 682//767 645//767
f 645//768 682//768 658//768
f 645//769 658//769 646//769
f 646//770 658//770 660//770
f 459//144 511//144 683//144
f 683//144 511//144 513//144
f 683//144 513//144 501//144
f 534//144 465//144 683//144
f 683//144 465//144 466//144
f 683//144 466//144 459//144
f 451//144 468//144 683//144
f 683//144 468//144 467//144
f 683//144 467//144 534//144
f 538//144 439//144 683//144
f 683//144 439//144 443//144
f 683//144 443//144 451//144
f 547//144 544//144 683//144
f 683//144 544//144 541//144
f 683//144 541//144 538//144
f 397//144 553//144 683//144
f 683//144 553//144 550//144
f 683//144 550//144 547//144
f 481//144 419//144 683//144
f 683//144 419//144 424//144
f 683//144 424//144 397//144
f 473//144 488//144 683//144
f 683//144 488//144 482//144
f 683//144 482//144 481//144
f 368//144 480//144 683//144
f 683//144 480//144 474//144
f 683//144 474//144 473//144
f 354//144 391//144 683//144
f 683//144 391//144 363//144
f 683//144 363//144 368//144
f 360//144 358//144 683//144
f 683//144 358//144 356//144
f 683//144 356//144 354//144
f 501//144 498//144 683//144
f 683//144 498//144 362//144
f 683//144 362//144 360//144
f 684//771 685//771 686//771
f 687//771 688//771 689//771
f 686//771 690//771 689//771
f 691//771 692//771 693//771
f 688//771 694//771 689//771
f 689//771 694//771 691//771
f 689//771 691//771 695//771
f 695//771 691//771 693//771
f 684//771 686//771 696//771
f 697//771 698//771 685//771
f 685//771 698//771 699//771
f 690//771 700//771 689//771
f 689//771 700//771 701//771
f 689//771 701//771 687//771
f 699//771 702//771 685//771
f 685//771 702//771 703//771
f 685//771 703//771 686//771
f 697//771 704//771 705//771
f 689//771 706//771 686//771
f 686//771 706//771 707//771
f 686//771 707//771 708//771
f 709//771 710//771 711//771
f 711//771 710//771 712//771
f 711//771 712//771 697//771
f 697//771 712//771 713//771
f 697//771 713//771 704//771
f 705//771 714//771 697//771
f 697//771 714//771 715//771
f 697//771 715//771 698//771
f 708//771 716//771 686//771
f 686//771 716//771 717//771
f 686//771 717//771 718//771
f 718//771 719//771 686//771
f 686//771 719//771 720//771
f 686//771 720//771 721//771
f 721//771 722//771 686//771
f 686//771 722//771 723//771
f 686//771 723//771 696//771
f 724//772 725//772 282//772
f 282//773 725//773 283//773
f 283//774 725//774 726//774
f 283//775 726//775 332//775
f 332//776 726//776 727//776
f 332//777 727//777 333//777
f 333//778 727//778 335//778
f 335//779 727//779 728//779
f 335//780 728//780 337//780
f 337//781 728//781 729//781
f 337//782 729//782 338//782
f 338//783 729//783 730//783
f 338//784 730//784 339//784
f 339//785 730//785 731//785
f 339//786 731//786 340//786
f 340//787 731//787 732//787
f 340//788 732//788 342//788
f 342//789 732//789 325//789
f 325//790 732//790 733//790
f 325//791 733//791 326//791
f 326//792 733//792 328//792
f 328//793 733//793 734//794
f 328//795 734//795 329//795
f 329//796 734//796 735//796
f 329//797 735//797 330//797
f 330//798 735//798 736//798
f 330//799 736//799 316//799
f 316//800 736//800 737//800
f 316//801 737//801 314//801
f 314//802 737//802 738//802
f 314//803 738//803 312//803
f 312//804 738//804 739//804
f 312//805 739//805 317//805
f 317//806 739//806 740//806
f 317//807 740//807 318//807
f 318//808 740//808 320//808
f 320//809 740//809 741//809
f 320//810 741//810 321//810
f 282//811 271//811 724//811
f 724//812 271//812 273//812
f 724//813 273//813 742//813
f 742//814 273//814 275//814
f 742//815 275//816 743//817
f 743//818 275//818 277//818
f 743//819 277//819 744//819
f 744//820 277//820 279//820
f 744//821 279//821 745//821
f 745//822 279//822 266//822
f 745//823 266//823 746//823
f 746//824 266//824 268//824
f 746//825 268//825 747//825
f 747//826 268//826 324//826
f 747//827 324//827 741//827
f 741//828 324//828 323//828
f 741//829 323//829 321//829
f 390//830 389//830 733//830
f 390//831 733//831 392//831
f 392//832 733//832 732//832
f 392//833 732//833 393//833
f 393//834 732//834 731//834
f 393//835 731//835 394//835
f 394//836 731//836 730//836
f 394//837 730//837 364//837
f 364//838 730//838 729//838
f 364//839 729//839 365//839
f 365//840 729//840 728//840
f 365//841 728//841 369//841
f 369//842 728//842 727//842
f 369//843 727//843 366//843
f 366//844 727//844 726//844
f 366//845 726//845 367//845
f 367//846 726//846 725//846
f 367//847 725//847 370//847
f 370//848 725//848 724//848
f 370//849 724//849 371//849
f 371//850 724//850 742//850
f 371//851 742//851 372//851
f 372//852 742//852 743//852
f 372//853 743//853 374//853
f 374//854 743//854 744//854
f 374//855 744//855 375//855
f 375//856 744//856 745//856
f 375//857 745//857 376//857
f 376//858 745//858 746//858
f 376//859 746//859 377//859
f 377//860 746//860 747//860
f 377//861 747//861 379//861
f 379//862 747//862 741//863
f 379//864 741//865 380//864
f 380//866 741//866 740//866
f 380//867 740//867 382//867
f 382//868 740//868 739//868
f 382//869 739//869 383//869
f 383//870 739//870 738//870
f 383//871 738//871 385//871
f 385//872 738//872 737//872
f 385//873 737//873 387//873
f 387//874 737//874 736//874
f 387//875 736//875 388//875
f 388//876 736//876 735//876
f 388//877 735//877 389//877
f 389//878 735//878 734//878
f 389//879 734//879 733//879
f 748//880 636//880 637//880
f 748//881 637//881 749//881
f 750//882 557//882 751//882
f 751//883 557//883 642//883
f 751//884 642//884 752//884
f 752//885 642//885 641//885
f 752//886 641//886 753//886
f 753//887 641//887 639//887
f 753//888 639//888 754//888
f 754//889 639//889 638//889
f 754//890 638//890 748//890
f 748//891 638//891 634//891
f 748//892 634//892 636//892
f 755//893 561//893 756//893
f 756//894 561//894 560//894
f 756//895 560//895 750//895
f 750//896 560//896 559//896
f 750//897 559//897 557//897
f 757//898 564//898 755//898
f 755//899 564//899 562//899
f 755//900 562//900 561//900
f 758//901 580//901 759//901
f 759//902 580//902 581//902
f 759//903 581//903 760//903
f 760//904 581//904 575//904
f 760//905 575//905 761//905
f 761//906 575//906 572//906
f 761//907 572//907 762//907
f 762//908 572//908 570//908
f 762//909 570//909 763//909
f 763//910 570//910 568//910
f 763//911 568//911 757//911
f 757//912 568//912 566//912
f 757//913 566//913 564//913
f 764//914 648//914 758//914
f 758//915 648//915 578//915
f 758//916 578//916 580//916
f 765//917 651//917 764//917
f 764//918 651//918 649//918
f 764//919 649//919 648//919
f 637//920 644//920 749//920
f 749//921 644//921 643//921
f 749//922 643//922 766//922
f 766//923 643//923 646//923
f 766//924 646//924 767//924
f 767//925 646//925 660//925
f 767//926 660//926 768//926
f 768//927 660//927 659//927
f 768//928 659//928 769//928
f 769//929 659//929 657//929
f 769//930 657//930 770//930
f 770//931 657//931 655//931
f 770//932 655//932 771//932
f 771//933 655//933 654//933
f 771//934 654//934 765//934
f 765//935 654//935 653//935
f 765//936 653//936 651//936
f 418//937 417//937 757//937
f 418//938 757//938 420//938
f 420//939 757//939 755//939
f 420//940 755//940 421//940
f 421//941 755//941 756//941
f 421//942 756//942 422//942
f 422//943 756//943 750//943
f 422//944 750//944 423//944
f 423//945 750//945 751//945
f 423//946 751//946 425//946
f 425//947 751//947 752//947
f 425//948 752//948 426//948
f 426//949 752//950 753//950
f 426//951 753//951 395//951
f 395//952 753//952 754//952
f 395//953 754//953 396//953
f 396//954 754//954 748//954
f 396//955 748//955 398//955
f 398//956 748//956 749//956
f 398//957 749//957 399//957
f 399//958 749//958 766//958
f 399//959 766//959 400//959
f 400//960 766//960 767//960
f 400//961 767//961 401//961
f 401//962 767//962 768//962
f 401//963 768//963 403//963
f 403//964 768//964 769//964
f 403//965 769//965 404//965
f 404//966 769//966 770//966
f 404//967 770//967 405//967
f 405//968 770//968 771//968
f 405//969 771//969 407//969
f 407//970 771//970 765//970
f 407//971 765//971 412//971
f 412//972 765//972 764//972
f 412//973 764//973 413//973
f 413//974 764//974 758//974
f 413//975 758//975 415//975
f 415//976 758//976 759//976
f 415//977 759//977 416//977
f 416//978 759//978 760//978
f 416//979 760//979 409//979
f 409//980 760//980 761//980
f 409//981 761//981 410//981
f 410//982 761//982 762//982
f 410//983 762//983 417//983
f 417//984 762//984 763//984
f 417//985 763//985 757//985
f 772//986 604//986 603//986
f 772//987 603//987 773//987
f 604//988 772//988 605//988
f 605//989 772//990 774//991
f 605//992 774//992 622//992
f 622//993 774//993 775//993
f 622//994 775//994 623//994
f 623//995 775//995 625//995
f 625//996 775//996 776//996
f 625//997 776//997 627//997
f 627//998 776//998 777//998
f 627//999 777//999 628//999
f 628//1000 777//1000 778//1000
f 628//1001 778//1001 629//1001
f 629//1002 778//1002 779//1002
f 629//1003 779//1003 630//1003
f 630//1004 779//1004 780//1004
f 630//1005 780//1005 632//1005
f 632//1006 780//1006 615//1006
f 615//1007 780//1007 781//1007
f 615//1008 781//1008 616//1008
f 616//1009 781//1009 618//1009
f 618//1010 781//1011 782//1012
f 618//1013 782//1013 619//1013
f 619//1014 782//1014 783//1014
f 619//1015 783//1015 620//1015
f 620//1016 783//1016 784//1016
f 620//1017 784//1017 607//1017
f 607//1018 784//1018 785//1018
f 607//1019 785//1019 608//1019
f 608//1020 785//1020 786//1020
f 608//1021 786//1021 610//1021
f 610//1022 786//1022 787//1022
f 610//1023 787//1023 612//1023
f 612//1024 787//1024 788//1024
f 612//1025 788//1025 613//1025
f 613//1026 788//1026 614//1026
f 614//1027 788//1027 789//1027
f 614//1028 789//1028 584//1028
f 603//1029 602//1029 773//1029
f 773//1030 602//1030 600//1030
f 773//1031 600//1031 790//1031
f 790//1032 600//1032 598//1032
f 790//1033 598//1033 791//1033
f 791//1034 598//1034 596//1034
f 791//1035 596//1035 792//1035
f 792//1036 596//1036 594//1036
f 792//1037 594//1037 793//1037
f 793//1038 594//1038 591//1038
f 793//1039 591//1039 794//1039
f 794//1040 591//1040 588//1040
f 794//1041 588//1041 795//1041
f 795//1042 588//1042 586//1042
f 795//1043 586//1043 789//1043
f 789//1044 586//1044 585//1044
f 789//1045 585//1045 584//1045
f 438//1046 437//1046 781//1046
f 438//1047 781//1047 440//1047
f 440//1048 781//1048 780//1048
f 440//1049 780//1049 441//1049
f 441//1050 780//1050 779//1050
f 441//1051 779//1051 445//1051
f 445//1052 779//1052 778//1052
f 445//1053 778//1053 444//1053
f 444//1054 778//1054 777//1054
f 444//1055 777//1055 442//1055
f 442//1056 777//1056 776//1056
f 442//1057 776//1057 449//1057
f 449//1058 776//1058 775//1058
f 449//1059 775//1059 450//1059
f 450//1060 775//1060 774//1060
f 450//1061 774//1061 452//1061
f 452//1062 774//1062 772//1062
f 452//1063 772//1063 453//1063
f 453//1064 772//1064 773//1064
f 453//1065 773//1065 446//1065
f 446//1066 773//1066 790//1066
f 446//1067 790//1067 447//1067
f 447//1068 790//1068 791//1068
f 447//1069 791//1069 454//1069
f 454//1070 791//1070 792//1070
f 454//1071 792//1071 455//1071
f 455//1072 792//1072 793//1072
f 455//1073 793//1073 457//1073
f 457//1074 793//1074 794//1074
f 457//1075 794//1075 458//1075
f 458//1076 794//1076 795//1076
f 458//1077 795//1077 429//1077
f 429//1078 795//1078 789//1078
f 429//1079 789//1079 434//1080
f 434//1081 789//1081 788//1081
f 434//1082 788//1082 435//1082
f 435//1083 788//1083 787//1083
f 435//1084 787//1084 436//1084
f 436//1085 787//1085 786//1085
f 436//1086 786//1086 433//1086
f 433//1087 786//1087 785//1087
f 433//1088 785//1088 430//1088
f 430//1089 785//1089 784//1089
f 430//1090 784//1090 431//1090
f 431//1091 784//1091 783//1091
f 431//1092 783//1092 437//1092
f 437//1093 783//1093 782//1093
f 437//1094 782//1094 781//1094
f 796//1095 287//1095 288//1095
f 796//1096 288//1096 797//1096
f 798//1097 231//1097 799//1097
f 799//1098 231//1098 293//1098
f 799//1099 293//1099 800//1099
f 800//1100 293//1100 292//1100
f 800//1101 292//1101 801//1101
f 801//1102 292//1102 290//1102
f 801//1103 290//1103 802//1103
f 802//1104 290//1104 289//1104
f 802//1105 289//1105 796//1105
f 796//1106 289//1106 285//1106
f 796//1107 285//1107 287//1107
f 803//1108 235//1108 804//1108
f 804//1109 235//1109 234//1109
f 804//1110 234//1110 798//1110
f 798//1111 234//1111 233//1111
f 798//1112 233//1112 231//1112
f 805//1113 238//1113 803//1113
f 803//1114 238//1114 236//1114
f 803//1115 236//1115 235//1115
f 806//1116 249//1116 807//1116
f 807//1117 249//1117 251//1117
f 807//1118 251//1118 808//1118
f 808//1119 251//1119 253//1119
f 808//1120 253//1120 809//1120
f 809//1121 253//1121 246//1121
f 809//1122 246//1122 810//1122
f 810//1123 246//1123 244//1123
f 810//1124 244//1124 811//1124
f 811//1125 244//1125 242//1125
f 811//1126 242//1126 805//1127
f 805//1128 242//1128 240//1128
f 805//1129 240//1129 238//1129
f 812//1130 299//1130 806//1130
f 806//1131 299//1131 247//1131
f 806//1132 247//1132 249//1132
f 813//1133 302//1133 812//1133
f 812//1134 302//1134 300//1134
f 812//1135 300//1135 299//1135
f 288//1136 295//1136 797//1136
f 797//1137 295//1137 294//1137
f 797//1138 294//1138 814//1138
f 814//1139 294//1139 297//1139
f 814//1140 297//1140 815//1140
f 815//1141 297//1141 311//1141
f 815//1142 311//1142 816//1142
f 816//1143 311//1143 310//1143
f 816//1144 310//1144 817//1144
f 817//1145 310//1145 308//1145
f 817//1146 308//1146 818//1146
f 818//1147 308//1147 306//1147
f 818//1148 306//1148 819//1148
f 819//1149 306//1149 305//1149
f 819//1150 305//1150 813//1150
f 813//1151 305//1151 303//1151
f 813//1152 303//1152 302//1152
f 502//1153 505//1153 805//1153
f 502//1154 805//1155 503//1154
f 503//1156 805//1156 803//1156
f 503//1157 803//1157 509//1157
f 509//1158 803//1158 804//1158
f 509//1159 804//1159 510//1159
f 510//1160 804//1160 798//1160
f 510//1161 798//1161 512//1161
f 512//1162 798//1162 799//1162
f 512//1163 799//1163 514//1163
f 514//1164 799//1164 800//1164
f 514//1165 800//1165 515//1165
f 515//1166 800//1166 801//1166
f 515//1167 801//1168 506//1167
f 506//1169 801//1169 802//1169
f 506//1170 802//1170 507//1170
f 507//1171 802//1171 796//1171
f 507//1172 796//1172 508//1172
f 508//1173 796//1173 797//1173
f 508//1174 797//1174 499//1174
f 499//1175 797//1175 814//1175
f 499//1176 814//1176 500//1176
f 500//1177 814//1177 815//1177
f 500//1178 815//1178 519//1178
f 519//1179 815//1179 816//1179
f 519//1180 816//1180 520//1180
f 520//1181 816//1181 817//1181
f 520//1182 817//1182 521//1182
f 521//1183 817//1183 818//1183
f 521//1184 818//1184 522//1184
f 522//1185 818//1185 819//1185
f 522//1186 819//1186 523//1186
f 523//1187 819//1187 813//1187
f 523//1188 813//1188 529//1188
f 529//1189 813//1189 812//1189
f 529//1190 812//1190 530//1190
f 530//1191 812//1191 806//1191
f 530//1192 806//1192 531//1192
f 531//1193 806//1193 807//1193
f 531//1194 807//1194 528//1194
f 528//1195 807//1195 808//1195
f 528//1196 808//1196 525//1196
f 525//1197 808//1197 809//1197
f 525//1198 809//1198 526//1198
f 526//1199 809//1199 810//1199
f 526//1200 810//1200 505//1200
f 505//1201 810//1201 811//1201
f 505//1202 811//1202 805//1202
f 820//1203 821//1203 822//1203
f 822//1203 821//1203 823//1203
f 824//1204 825//1204 820//1204
f 820//1205 825//1205 821//1205
f 826//1206 178//1206 827//1206
f 827//1207 178//1207 180//1207
f 827//1205 180//1205 828//1205
f 829//1205 830//1205 831//1205
f 831//1205 830//1205 832//1205
f 829//1208 831//1208 833//1208
f 833//1209 831//1209 834//1209
f 833//1210 834//1210 835//1210
f 835//1211 834//1211 836//1211
f 835//1205 836//1205 837//1205
f 837//1212 836//1212 838//1212
f 837//1213 838//1213 839//1213
f 825//1205 840//1205 821//1205
f 821//1205 840//1205 841//1205
f 821//1214 841//1214 842//1214
f 842//1205 841//1205 843//1205
f 842//1205 843//1205 844//1205
f 844//1205 843//1205 845//1205
f 839//1205 846//1205 837//1205
f 837//1215 846//1215 847//1215
f 837//1216 847//1216 848//1216
f 848//1217 847//1217 849//1217
f 848//1218 849//1218 850//1218
f 848//1219 851//1219 837//1219
f 837//1220 851//1220 852//1220
f 837//1221 852//1221 820//1221
f 820//1222 852//1222 853//1222
f 820//1223 853//1223 824//1223
f 180//1205 854//1205 828//1205
f 828//1205 854//1205 855//1205
f 828//1224 855//1224 845//1224
f 845//1205 855//1205 856//1205
f 845//1205 856//1205 844//1205
f 849//1205 857//1205 850//1205
f 850//1225 857//1225 858//1225
f 850//1205 858//1205 859//1205
f 859//1205 858//1205 860//1205
f 859//1205 860//1205 826//1205
f 860//1226 861//1226 826//1226
f 826//1205 861//1205 862//1205
f 826//1227 862//1227 178//1227
f 178//1228 862//1228 863//1228
f 178//1205 863//1205 864//1205
f 864//1205 863//1205 832//1205
f 864//1229 832//1229 865//1229
f 865//1205 832//1205 830//1205
f 866//1230 867//1230 837//1230
f 837//1230 867//1230 835//1230
f 868//1230 869//1230 870//1230
f 870//1230 869//1230 871//1230
f 872//1231 873//1231 150//1231
f 874//1231 875//1231 876//1231
f 876//1232 875//1232 877//1232
f 874//1233 876//1233 878//1233
f 878//1234 876//1234 879//1234
f 878//1231 879//1231 880//1231
f 880//1235 879//1235 881//1235
f 880//1231 881//1231 882//1231
f 882//1236 881//1236 883//1236
f 882//1237 883//1237 884//1237
f 872//1231 150//1231 885//1231
f 885//1238 150//1238 162//1238
f 885//1231 162//1231 886//1231
f 868//1239 887//1239 888//1239
f 868//1231 888//1231 869//1231
f 888//1231 889//1231 869//1231
f 869//1231 889//1231 890//1231
f 869//1240 890//1240 891//1240
f 891//1231 890//1231 892//1231
f 891//1231 892//1231 893//1231
f 893//1231 892//1231 894//1231
f 162//1231 895//1231 886//1231
f 886//1231 895//1231 896//1231
f 886//1241 896//1241 894//1241
f 894//1231 896//1231 897//1231
f 894//1231 897//1231 893//1231
f 898//1231 899//1231 900//1231
f 900//1231 899//1231 882//1231
f 900//1231 882//1231 901//1231
f 901//1231 882//1231 884//1231
f 898//1242 902//1242 899//1242
f 899//1243 902//1243 903//1243
f 899//1244 903//1244 904//1244
f 904//1231 903//1231 905//1231
f 904//1245 905//1245 873//1245
f 899//1231 906//1231 882//1231
f 882//1246 906//1246 907//1246
f 882//1247 907//1247 868//1247
f 868//1248 907//1248 908//1248
f 868//1249 908//1249 887//1249
f 905//1231 909//1231 873//1231
f 873//1250 909//1250 910//1250
f 873//1251 910//1251 150//1251
f 150//1252 910//1252 911//1252
f 150//1231 911//1231 912//1231
f 912//1231 911//1231 877//1231
f 912//1253 877//1253 913//1253
f 913//1231 877//1231 875//1231
f 914//1203 915//1203 882//1203
f 882//1203 915//1203 880//1203
f 916//1254 917//1254 897//1254
f 871//1255 869//1255 918//1255
f 918//1256 869//1256 919//1256
f 920//1257 921//1257 891//1257
f 891//1258 921//1258 922//1258
f 891//1259 922//1259 869//1259
f 869//1260 922//1260 923//1260
f 869//1261 923//1261 919//1261
f 924//1262 925//1262 893//1262
f 893//1263 925//1263 926//1263
f 893//1264 926//1264 891//1264
f 891//1265 926//1265 927//1265
f 891//1266 927//1266 920//1266
f 897//1267 917//1267 893//1267
f 893//1268 917//1268 928//1268
f 893//1269 928//1269 924//1269
f 896//1270 929//1270 897//1270
f 897//1271 929//1271 930//1271
f 897//1272 930//1272 916//1272
f 931//1273 932//1273 875//1273
f 875//1274 932//1274 933//1274
f 875//1275 933//1276 913//1276
f 934//1277 935//1277 874//1277
f 874//1278 935//1278 936//1278
f 874//1279 936//1279 875//1279
f 875//1280 936//1280 937//1280
f 875//1281 937//1281 931//1281
f 938//1282 939//1282 878//1282
f 878//1283 939//1283 940//1283
f 878//1284 940//1284 874//1284
f 874//1285 940//1285 941//1285
f 874//1286 941//1286 934//1286
f 880//1287 915//1287 942//1287
f 942//1288 943//1288 880//1288
f 880//1289 943//1289 944//1289
f 880//1290 944//1290 878//1290
f 878//1291 944//1291 945//1291
f 878//1292 945//1292 938//1292
f 946//1293 947//1293 856//1293
f 823//1294 821//1294 948//1294
f 948//1295 821//1295 949//1295
f 950//1296 951//1296 842//1296
f 842//1297 951//1297 952//1297
f 842//1298 952//1298 821//1298
f 821//1299 952//1299 953//1299
f 821//1300 953//1300 949//1300
f 954//1301 955//1301 844//1301
f 844//1302 955//1302 956//1302
f 844//1303 956//1303 842//1303
f 842//1304 956//1304 957//1304
f 842//1305 957//1305 950//1305
f 856//1306 947//1306 844//1306
f 844//1307 947//1307 958//1307
f 844//1308 958//1308 954//1308
f 855//1309 959//1309 856//1309
f 856//1310 959//1310 960//1310
f 856//1311 960//1311 946//1311
f 961//1312 962//1312 830//1312
f 830//1313 962//1313 963//1313
f 830//1314 963//1314 865//1314
f 964//1315 965//1315 829//1315
f 829//1316 965//1316 966//1316
f 829//1317 966//1317 830//1317
f 830//1318 966//1318 967//1318
f 830//1319 967//1319 961//1319
f 968//1320 969//1320 833//1320
f 833//1321 969//1321 970//1321
f 833//1322 970//1322 829//1322
f 829//1323 970//1323 971//1323
f 829//1324 971//1324 964//1324
f 835//1325 867//1325 972//1325
f 972//1326 973//1326 835//1326
f 835//1327 973//1327 974//1327
f 835//1328 974//1328 833//1328
f 833//1329 974//1329 975//1329
f 833//1330 975//1330 968//1330
f 976//1331 274//1331 977//1331
f 977//1332 274//1332 272//1332
f 976//1333 977//1333 978//1333
f 978//1334 977//1334 979//1334
f 978//1335 979//1335 980//1335
f 980//1336 979//1336 981//1336
f 981//1337 979//1337 870//1337
f 981//1338 870//1338 871//1338
f 982//1339 983//1339 984//1339
f 984//1340 983//1340 270//1340
f 984//1341 270//1341 985//1341
f 986//1342 987//1342 988//1342
f 988//1343 987//1343 989//1343
f 990//1344 991//1345 992//1344
f 993//1346 994//1346 995//1346
f 996//1347 997//1347 994//1347
f 994//1348 997//1348 998//1348
f 994//1349 998//1350 995//1351
f 994//1352 999//1352 996//1352
f 996//1353 999//1353 1000//1353
f 996//1354 1000//1355 1001//1354
f 1002//1356 1003//1356 916//1356
f 916//1357 1003//1357 1004//1357
f 895//1358 1005//1358 896//1358
f 896//1359 1005//1359 1006//1359
f 896//1360 1006//1360 929//1360
f 929//1361 1006//1361 1002//1361
f 929//1362 1002//1362 930//1362
f 930//1363 1002//1363 916//1363
f 995//1364 991//1364 993//1364
f 993//1365 991//1365 990//1365
f 993//1366 990//1366 1007//1366
f 1007//1367 924//1367 993//1367
f 993//1368 924//1368 928//1368
f 993//1369 928//1369 994//1369
f 994//1370 928//1370 917//1370
f 994//1371 917//1371 999//1371
f 999//1372 917//1372 916//1372
f 999//1373 916//1373 1000//1373
f 1000//1374 916//1374 1004//1374
f 1000//1375 1004//1375 1001//1375
f 927//1376 926//1376 1007//1376
f 1007//1377 926//1377 925//1377
f 1007//1378 925//1378 924//1378
f 270//1379 269//1379 985//1379
f 985//1380 269//1380 267//1380
f 985//1381 267//1381 1008//1381
f 1008//1382 267//1382 281//1382
f 1008//1383 281//1383 1009//1383
f 1009//1384 281//1384 280//1384
f 1009//1385 280//1385 1010//1385
f 1010//1386 280//1386 278//1386
f 1010//1387 278//1387 1011//1387
f 1011//1388 278//1388 276//1388
f 1011//1389 276//1389 1012//1389
f 1012//1390 1013//1390 1011//1390
f 1011//1391 1013//1391 1014//1391
f 1011//1392 1014//1392 1010//1392
f 1010//1393 1014//1393 1015//1393
f 1010//1394 1015//1394 1009//1394
f 1009//1395 1015//1395 1016//1395
f 1009//1396 1016//1396 1008//1396
f 1008//1397 1016//1397 1017//1397
f 1008//1398 1017//1398 985//1398
f 985//1399 1017//1399 1018//1399
f 985//1400 1018//1400 984//1400
f 984//1401 1018//1401 989//1401
f 984//1402 989//1402 982//1402
f 982//1403 989//1404 987//1405
f 1013//1406 1019//1406 1014//1406
f 1014//1407 1019//1407 1020//1407
f 1014//1408 1020//1408 1015//1408
f 1015//1409 1020//1409 1021//1409
f 1015//1410 1021//1410 1016//1410
f 1016//1411 1021//1411 1022//1411
f 1016//1412 1022//1412 1017//1412
f 1017//1413 1022//1413 1023//1413
f 1017//1414 1023//1414 1018//1414
f 1018//1415 1023//1415 1024//1415
f 1018//1416 1024//1416 989//1416
f 989//1417 1024//1417 1025//1417
f 989//1418 1025//1418 988//1418
f 276//1419 274//1419 1012//1419
f 1012//1420 274//1420 976//1420
f 1012//1421 976//1421 1013//1421
f 1013//1422 976//1422 978//1422
f 1013//1423 978//1423 1019//1423
f 1019//1424 978//1424 980//1424
f 1019//1425 980//1425 981//1425
f 992//1426 986//1427 990//1427
f 990//1428 986//1428 988//1428
f 990//1429 988//1429 1007//1429
f 1007//1430 988//1430 1025//1430
f 1007//1431 1025//1431 927//1431
f 927//1432 1025//1432 1024//1432
f 927//1433 1024//1433 920//1433
f 920//1434 1024//1434 1023//1434
f 920//1435 1023//1435 921//1435
f 921//1436 1023//1436 1022//1436
f 921//1437 1022//1437 922//1437
f 922//1438 1022//1438 1021//1438
f 922//1439 1021//1439 923//1439
f 923//1440 1021//1440 1020//1440
f 923//1441 1020//1441 919//1441
f 919//1442 1020//1442 1019//1442
f 919//1443 1019//1443 918//1443
f 918//1444 1019//1444 981//1444
f 918//1445 981//1445 871//1445
f 1026//1446 915//1446 1027//1446
f 1027//1447 915//1447 914//1447
f 1026//1448 1027//1448 1028//1448
f 1028//1449 1027//1449 1029//1449
f 1028//1450 1029//1450 1030//1450
f 1030//1451 1029//1451 1031//1451
f 1031//1452 1029//1452 558//1452
f 1031//1453 558//1453 563//1453
f 913//1454 1032//1454 912//1454
f 1032//1455 913//1455 1033//1455
f 913//1456 933//1456 1033//1456
f 1033//1457 933//1457 932//1457
f 1033//1458 932//1458 1034//1458
f 1034//1459 932//1459 1035//1459
f 1035//1460 932//1460 931//1460
f 1035//1461 931//1461 1036//1461
f 1037//1462 1038//1462 1039//1462
f 1039//1463 1038//1463 1040//1463
f 1039//1464 1040//1464 1041//1464
f 1041//1465 1040//1466 1036//1467
f 1042//1468 1043//1468 1037//1468
f 1037//1469 1043//1470 1044//1471
f 1037//1472 1044//1472 1038//1472
f 1045//1473 1046//1473 1047//1473
f 1047//1474 1046//1474 1048//1474
f 1047//1475 1048//1475 1049//1475
f 1036//1476 931//1476 1041//1476
f 1041//1477 931//1477 937//1477
f 1041//1478 937//1478 1039//1478
f 1039//1479 937//1479 936//1479
f 1039//1480 936//1480 1037//1480
f 1037//1481 936//1481 935//1481
f 1037//1482 935//1482 1042//1482
f 1042//1483 935//1483 934//1483
f 1042//1484 934//1484 1050//1484
f 1050//1485 934//1486 941//1485
f 1050//1487 941//1487 1051//1487
f 941//1488 940//1488 1051//1488
f 1051//1489 940//1489 939//1489
f 1051//1490 939//1490 1052//1490
f 1052//1491 939//1491 938//1491
f 1052//1492 938//1492 1053//1492
f 1053//1493 938//1493 945//1493
f 1053//1494 945//1494 1054//1494
f 1054//1495 945//1495 944//1495
f 1054//1496 944//1496 1055//1496
f 1055//1497 944//1497 943//1497
f 1055//1498 943//1498 1056//1498
f 1056//1499 943//1499 942//1499
f 1056//1500 942//1500 1057//1500
f 1057//1501 1058//1501 1056//1501
f 1056//1502 1058//1502 1059//1502
f 1056//1503 1059//1503 1055//1503
f 1055//1504 1059//1504 1060//1504
f 1055//1505 1060//1505 1054//1505
f 1054//1506 1060//1506 1061//1506
f 1054//1507 1061//1507 1053//1507
f 1053//1508 1061//1508 1062//1508
f 1053//1509 1062//1509 1052//1509
f 1052//1510 1062//1510 1063//1510
f 1052//1511 1063//1511 1051//1511
f 1051//1512 1063//1512 1045//1512
f 1051//1513 1045//1513 1050//1513
f 1050//1514 1045//1514 1047//1514
f 1050//1515 1047//1515 1042//1515
f 1042//1516 1047//1516 1049//1516
f 1042//1517 1049//1517 1043//1517
f 1043//1518 1049//1518 1048//1518
f 1058//1519 1064//1519 1059//1519
f 1059//1520 1064//1520 1065//1520
f 1059//1521 1065//1521 1060//1521
f 1060//1522 1065//1522 1066//1522
f 1060//1523 1066//1523 1061//1523
f 1061//1524 1066//1524 1067//1524
f 1061//1525 1067//1525 1062//1525
f 1062//1526 1067//1526 1068//1526
f 1062//1527 1068//1527 1063//1527
f 1063//1528 1068//1528 1069//1528
f 1063//1529 1069//1529 1045//1529
f 1045//1530 1069//1530 1070//1530
f 1045//1531 1070//1531 1046//1531
f 1046//1532 1070//1532 1071//1532
f 942//1533 915//1533 1057//1533
f 1057//1534 915//1534 1026//1534
f 1057//1535 1026//1535 1058//1535
f 1058//1536 1026//1536 1028//1536
f 1058//1537 1028//1537 1064//1537
f 1064//1538 1028//1538 1030//1538
f 1064//1539 1030//1539 1031//1539
f 1071//1540 1070//1540 574//1540
f 574//1541 1070//1541 1069//1541
f 574//1542 1069//1542 576//1542
f 576//1543 1069//1543 1068//1543
f 576//1544 1068//1544 577//1544
f 577//1545 1068//1545 1067//1545
f 577//1546 1067//1546 571//1546
f 571//1547 1067//1547 1066//1547
f 571//1548 1066//1548 569//1548
f 569//1549 1066//1549 1065//1549
f 569//1550 1065//1550 567//1550
f 567//1551 1065//1551 1064//1551
f 567//1552 1064//1552 565//1552
f 565//1553 1064//1553 1031//1553
f 565//1554 1031//1554 563//1554
f 1072//1555 599//1555 1073//1555
f 1073//1556 599//1556 601//1556
f 1072//1557 1073//1557 1074//1557
f 1074//1558 1073//1558 1075//1558
f 1074//1559 1075//1559 1076//1559
f 1076//1560 1075//1560 1077//1560
f 1077//1561 1075//1561 822//1561
f 1077//1562 822//1562 823//1562
f 1078//1563 1079//1563 1080//1563
f 1080//1564 1079//1564 587//1564
f 1080//1565 587//1565 1081//1565
f 1082//1566 1083//1566 1084//1566
f 1084//1567 1083//1567 1085//1567
f 1086//1568 1087//1568 1088//1568
f 1089//1569 1090//1569 1091//1569
f 1092//1570 1093//1570 1090//1570
f 1090//1571 1093//1571 1094//1571
f 1090//1572 1094//1573 1091//1574
f 1090//1575 1095//1575 1092//1575
f 1092//1576 1095//1576 1096//1576
f 1092//1577 1096//1578 1097//1579
f 1098//1580 1099//1580 946//1580
f 854//1581 1100//1581 855//1581
f 855//1582 1100//1582 1101//1582
f 855//1583 1101//1583 959//1583
f 959//1584 1101//1584 1098//1584
f 959//1585 1098//1585 960//1585
f 960//1586 1098//1586 946//1586
f 1091//1587 1087//1587 1089//1587
f 1089//1588 1087//1588 1086//1588
f 1089//1589 1086//1589 1102//1589
f 1102//1590 954//1590 1089//1590
f 1089//1591 954//1591 958//1591
f 1089//1592 958//1592 1090//1592
f 1090//1593 958//1593 947//1593
f 1090//1594 947//1594 1095//1594
f 1095//1595 947//1595 946//1595
f 1095//1596 946//1596 1096//1596
f 1096//1597 946//1597 1099//1597
f 1096//1598 1099//1599 1097//1599
f 957//1600 956//1600 1102//1600
f 1102//1601 956//1602 955//1602
f 1102//1603 955//1603 954//1603
f 587//1604 589//1604 1081//1604
f 1081//1605 589//1605 590//1605
f 1081//1606 590//1606 1103//1606
f 1103//1607 590//1607 592//1607
f 1103//1608 592//1608 1104//1608
f 1104//1609 592//1609 593//1609
f 1104//1610 593//1610 1105//1610
f 1105//1611 593//1611 595//1611
f 1105//1612 595//1612 1106//1612
f 1106//1613 595//1613 597//1613
f 1106//1614 597//1614 1107//1614
f 1107//1615 1108//1615 1106//1615
f 1106//1616 1108//1616 1109//1616
f 1106//1617 1109//1617 1105//1617
f 1105//1618 1109//1618 1110//1618
f 1105//1619 1110//1619 1104//1619
f 1104//1620 1110//1621 1111//1620
f 1104//1622 1111//1622 1103//1622
f 1103//1623 1111//1623 1112//1623
f 1103//1624 1112//1624 1081//1624
f 1081//1625 1112//1625 1113//1625
f 1081//1626 1113//1626 1080//1626
f 1080//1627 1113//1627 1085//1627
f 1080//1628 1085//1628 1078//1628
f 1078//1629 1085//1629 1083//1629
f 1108//1630 1114//1630 1109//1630
f 1109//1631 1114//1631 1115//1631
f 1109//1632 1115//1632 1110//1632
f 1110//1633 1115//1633 1116//1633
f 1110//1634 1116//1634 1111//1634
f 1111//1635 1116//1635 1117//1635
f 1111//1636 1117//1636 1112//1636
f 1112//1637 1117//1637 1118//1637
f 1112//1638 1118//1638 1113//1638
f 1113//1639 1118//1639 1119//1639
f 1113//1640 1119//1640 1085//1640
f 1085//1641 1119//1641 1120//1641
f 1085//1642 1120//1642 1084//1642
f 597//1643 599//1643 1107//1643
f 1107//1644 599//1644 1072//1644
f 1107//1645 1072//1645 1108//1645
f 1108//1646 1072//1646 1074//1646
f 1108//1647 1074//1647 1114//1647
f 1114//1648 1074//1648 1076//1648
f 1114//1649 1076//1649 1077//1649
f 1088//1650 1082//1651 1086//1651
f 1086//1652 1082//1652 1084//1652
f 1086//1653 1084//1653 1102//1653
f 1102//1654 1084//1654 1120//1654
f 1102//1655 1120//1655 957//1655
f 957//1656 1120//1656 1119//1656
f 957//1657 1119//1657 950//1657
f 950//1658 1119//1658 1118//1658
f 950//1659 1118//1659 951//1659
f 951//1660 1118//1660 1117//1660
f 951//1661 1117//1661 952//1661
f 952//1662 1117//1662 1116//1662
f 952//1663 1116//1663 953//1663
f 953//1664 1116//1664 1115//1664
f 953//1665 1115//1665 949//1665
f 949//1666 1115//1666 1114//1666
f 949//1667 1114//1667 948//1667
f 948//1668 1114//1668 1077//1668
f 948//1669 1077//1669 823//1669
f 1121//1670 867//1670 1122//1670
f 1122//1671 867//1671 866//1671
f 1121//1672 1122//1672 1123//1672
f 1123//1673 1122//1673 1124//1673
f 1123//1674 1124//1674 1125//1674
f 1125//1675 1124//1675 1126//1675
f 1126//1676 1124//1676 232//1676
f 1126//1677 232//1677 237//1677
f 865//1678 1127//1678 864//1678
f 1127//1679 865//1679 1128//1679
f 865//1680 963//1680 1128//1680
f 1128//1681 963//1681 962//1681
f 1128//1682 962//1682 1129//1682
f 1129//1683 962//1683 1130//1683
f 1130//1684 962//1684 961//1684
f 1130//1685 961//1685 1131//1685
f 1132//1686 1133//1686 1134//1686
f 1134//1687 1133//1687 1135//1687
f 1134//1688 1135//1689 1136//1688
f 1136//1690 1135//1690 1131//1691
f 1137//1692 1138//1692 1132//1692
f 1132//1693 1138//1694 1139//1695
f 1132//1696 1139//1696 1133//1696
f 1140//1697 1141//1697 1142//1697
f 1142//1698 1141//1698 1143//1698
f 1142//1699 1143//1699 1144//1699
f 1131//1700 961//1700 1136//1700
f 1136//1701 961//1701 967//1701
f 1136//1702 967//1702 1134//1702
f 1134//1703 967//1703 966//1703
f 1134//1704 966//1704 1132//1704
f 1132//1705 966//1705 965//1705
f 1132//1706 965//1706 1137//1706
f 1137//1707 965//1707 964//1707
f 1137//1708 964//1708 1145//1708
f 1145//1709 964//1709 971//1709
f 1145//1710 971//1710 1146//1710
f 971//1711 970//1711 1146//1712
f 1146//1713 970//1713 969//1713
f 1146//1714 969//1714 1147//1714
f 1147//1715 969//1715 968//1715
f 1147//1716 968//1716 1148//1716
f 1148//1717 968//1717 975//1717
f 1148//1718 975//1718 1149//1718
f 1149//1719 975//1719 974//1719
f 1149//1720 974//1720 1150//1720
f 1150//1721 974//1721 973//1721
f 1150//1722 973//1722 1151//1722
f 1151//1723 973//1723 972//1723
f 1151//1724 972//1724 1152//1724
f 1152//1725 1153//1725 1151//1725
f 1151//1726 1153//1726 1154//1726
f 1151//1727 1154//1727 1150//1727
f 1150//1728 1154//1728 1155//1728
f 1150//1729 1155//1729 1149//1729
f 1149//1730 1155//1730 1156//1730
f 1149//1731 1156//1731 1148//1731
f 1148//1732 1156//1732 1157//1732
f 1148//1733 1157//1733 1147//1733
f 1147//1734 1157//1734 1158//1734
f 1147//1735 1158//1735 1146//1735
f 1146//1736 1158//1736 1140//1736
f 1146//1737 1140//1737 1145//1737
f 1145//1738 1140//1738 1142//1738
f 1145//1739 1142//1739 1137//1739
f 1137//1740 1142//1740 1144//1740
f 1137//1741 1144//1741 1138//1741
f 1138//1742 1144//1742 1143//1742
f 1153//1743 1159//1743 1154//1743
f 1154//1744 1159//1744 1160//1744
f 1154//1745 1160//1745 1155//1745
f 1155//1746 1160//1746 1161//1746
f 1155//1747 1161//1747 1156//1747
f 1156//1748 1161//1748 1162//1748
f 1156//1749 1162//1749 1157//1749
f 1157//1750 1162//1750 1163//1750
f 1157//1751 1163//1751 1158//1751
f 1158//1752 1163//1752 1164//1752
f 1158//1753 1164//1753 1140//1753
f 1140//1754 1164//1754 1165//1754
f 1140//1755 1165//1755 1141//1755
f 1141//1756 1165//1756 1166//1756
f 972//1757 867//1757 1152//1757
f 1152//1758 867//1758 1121//1758
f 1152//1759 1121//1759 1153//1759
f 1153//1760 1121//1760 1123//1760
f 1153//1761 1123//1761 1159//1761
f 1159//1762 1123//1762 1125//1762
f 1159//1763 1125//1763 1126//1763
f 1166//1764 1165//1764 252//1764
f 252//1765 1165//1765 1164//1765
f 252//1766 1164//1766 254//1766
f 254//1767 1164//1767 1163//1767
f 254//1768 1163//1768 255//1768
f 255//1769 1163//1769 1162//1769
f 255//1770 1162//1770 245//1770
f 245//1771 1162//1771 1161//1771
f 245//1772 1161//1772 243//1772
f 243//1773 1161//1773 1160//1773
f 243//1774 1160//1774 241//1774
f 241//1775 1160//1775 1159//1775
f 241//1776 1159//1776 239//1776
f 239//1777 1159//1777 1126//1777
f 239//1778 1126//1778 237//1778
f 1167//1231 1168//1231 1169//1231
f 1169//1231 1168//1231 1170//1231
f 1171//144 227//144 257//144
f 261//1779 263//1779 1172//1779
f 359//1780 361//1780 1173//1780
f 1173//144 1174//144 359//144
f 359//1781 1174//1781 1170//1781
f 359//144 1170//144 357//144
f 357//144 1170//144 1168//144
f 357//144 1168//144 355//144
f 1168//144 1175//144 257//144
f 257//1782 1175//1782 1176//1782
f 257//1783 1176//1783 1171//1783
f 1172//144 1177//144 261//144
f 261//1782 1177//1782 1178//1782
f 261//1784 1178//1784 256//1784
f 256//1785 1178//1785 1179//1785
f 256//144 1179//144 257//144
f 257//144 1179//144 1180//144
f 257//144 1180//144 1168//144
f 1168//1786 1180//1786 1181//1786
f 1168//1787 1181//1787 355//1787
f 355//1788 1181//1788 1182//1788
f 355//1789 1182//1789 353//1789
f 1183//1205 1180//1205 1184//1205
f 1184//1205 1180//1205 1179//1205
f 228//1790 227//1790 1171//1790
f 228//1791 1171//1791 1185//1791
f 1185//1792 1171//1792 1176//1792
f 1185//1793 1176//1793 1186//1793
f 1186//1794 1176//1794 1175//1794
f 1186//1795 1175//1795 1187//1795
f 1187//1796 1175//1796 1168//1796
f 1187//1796 1168//1796 1167//1796
f 1169//1797 1170//1797 1174//1797
f 1169//1798 1174//1798 1188//1798
f 1188//1799 1174//1799 1173//1799
f 1188//1800 1173//1800 1189//1800
f 1189//1801 1173//1801 361//1801
f 1189//1802 361//1802 495//1802
f 1184//1803 1179//1803 1178//1803
f 1184//1803 1178//1803 1190//1803
f 1190//1804 1178//1804 1177//1804
f 1190//1805 1177//1805 1191//1805
f 1191//1806 1177//1806 1172//1806
f 1191//1807 1172//1807 1192//1807
f 1192//1808 1172//1808 263//1808
f 1192//1809 263//1809 349//1809
f 494//1810 353//1810 1182//1810
f 494//1811 1182//1811 1193//1811
f 1193//1812 1182//1812 1181//1812
f 1193//1813 1181//1813 1194//1813
f 1194//1814 1181//1814 1180//1814
f 1194//1815 1180//1815 1183//1815
f 200//1816 199//1816 587//1816
f 854//1817 180//1817 1100//1817
f 1100//1818 180//1818 197//1818
f 1100//1819 197//1819 1101//1819
f 1101//1820 197//1820 1098//1820
f 1093//1821 1092//1821 184//1821
f 184//1822 1092//1822 1097//1822
f 184//1823 1097//1823 197//1823
f 197//1824 1097//1825 1099//1824
f 197//1826 1099//1827 1098//1827
f 587//1828 1079//1828 200//1828
f 200//1829 1079//1829 1078//1829
f 200//1830 1078//1830 183//1830
f 183//1831 1078//1831 1083//1831
f 183//1832 1083//1832 1082//1832
f 183//1833 1082//1833 184//1833
f 184//1834 1082//1834 1088//1834
f 184//1835 1088//1835 1087//1835
f 1087//1836 1091//1836 184//1836
f 184//1837 1091//1838 1094//1839
f 184//1840 1094//1840 1093//1840
f 587//1841 199//1841 226//1841
f 207//1842 205//1842 573//1842
f 573//1843 205//1843 204//1843
f 573//1844 204//1844 574//1844
f 573//1845 579//1845 207//1845
f 207//1846 579//1846 650//1846
f 207//1847 650//1847 209//1847
f 650//1848 652//1848 209//1848
f 209//1849 652//1849 656//1849
f 209//1850 656//1850 211//1850
f 656//1851 658//1851 211//1851
f 211//1852 658//1852 682//1852
f 211//1853 682//1853 213//1853
f 682//1854 680//1854 213//1854
f 213//1855 680//1855 678//1855
f 213//1856 678//1856 215//1856
f 678//1857 676//1857 215//1857
f 215//1858 676//1858 674//1858
f 215//1859 674//1859 217//1859
f 217//1860 674//1860 672//1860
f 672//1861 670//1861 217//1861
f 217//1862 670//1862 668//1862
f 217//1863 668//1863 219//1863
f 668//1864 666//1864 219//1864
f 219//1865 666//1865 664//1865
f 219//1866 664//1866 221//1866
f 664//1867 662//1867 221//1867
f 221//1868 662//1868 617//1868
f 221//1869 617//1869 223//1869
f 617//1870 621//1870 223//1870
f 223//1871 621//1871 609//1871
f 223//1872 609//1872 225//1872
f 609//1873 611//1873 225//1873
f 225//1874 611//1874 583//1874
f 225//1875 583//1875 226//1875
f 226//1876 583//1876 582//1876
f 226//1877 582//1877 587//1877
f 1034//1878 1035//1878 196//1878
f 1034//1879 196//1879 1033//1879
f 1033//1880 196//1880 1032//1880
f 1032//1881 196//1881 150//1881
f 1032//1882 150//1882 912//1882
f 1038//1883 195//1883 1040//1883
f 1040//1884 195//1884 196//1884
f 1040//1885 196//1886 1036//1885
f 1036//1887 196//1887 1035//1887
f 574//1888 204//1888 1071//1888
f 1071//1889 204//1889 202//1889
f 1071//1890 202//1890 1046//1890
f 1046//1891 202//1891 201//1891
f 1046//1892 201//1892 1048//1892
f 1048//1893 201//1893 193//1893
f 1048//1894 193//1894 1043//1894
f 1043//1895 193//1895 195//1895
f 1043//1896 195//1897 1044//1898
f 1044//1899 195//1899 1038//1899
f 1129//1900 1130//1900 177//1900
f 1129//1901 177//1901 1128//1901
f 1128//1902 177//1902 1127//1902
f 1127//1903 177//1903 178//1903
f 1127//1904 178//1904 864//1904
f 1133//1905 175//1905 1135//1905
f 1135//1906 175//1906 177//1906
f 1135//1907 177//1907 1131//1907
f 1131//1908 177//1908 1130//1908
f 252//1909 189//1909 1166//1909
f 1166//1910 189//1910 187//1910
f 1166//1911 187//1911 1141//1911
f 1141//1912 187//1912 186//1912
f 1141//1913 186//1913 1143//1913
f 1143//1914 186//1914 173//1914
f 1143//1915 173//1915 1138//1915
f 1138//1916 173//1916 175//1916
f 1138//1917 175//1918 1139//1919
f 1139//1920 175//1920 1133//1920
f 189//1921 252//1921 250//1921
f 228//1922 156//1922 229//1922
f 229//1923 156//1923 158//1923
f 189//1924 250//1924 191//1924
f 191//1925 250//1925 248//1925
f 191//1926 248//1926 192//1926
f 248//1927 301//1927 192//1927
f 192//1928 301//1928 304//1928
f 192//1929 304//1929 160//1929
f 304//1930 307//1930 160//1930
f 160//1931 307//1931 309//1931
f 160//1932 309//1932 158//1932
f 158//1933 309//1933 344//1933
f 158//1934 344//1934 229//1934
f 1187//1935 1167//1935 156//1935
f 1187//1936 156//1936 1186//1936
f 1185//1937 1186//1937 156//1937
f 228//1938 1185//1938 156//1938
f 1169//1939 157//1939 1167//1939
f 1167//1940 157//1940 156//1940
f 1189//1941 495//1941 157//1941
f 1189//1942 157//1942 1188//1942
f 1169//1943 1188//1943 157//1943
f 157//1944 495//1944 496//1944
f 157//1945 496//1945 159//1945
f 496//1946 497//1946 159//1946
f 159//1947 497//1947 518//1947
f 159//1948 518//1948 161//1948
f 518//1949 517//1949 161//1949
f 161//1950 517//1950 516//1950
f 161//1951 516//1951 190//1951
f 516//1952 524//1952 190//1952
f 190//1953 524//1953 527//1953
f 190//1954 527//1954 188//1954
f 527//1955 532//1955 188//1955
f 188//1956 532//1956 460//1956
f 188//1957 460//1957 174//1957
f 460//1958 462//1958 174//1958
f 174//1959 462//1959 463//1959
f 174//1960 463//1960 176//1960
f 176//1961 463//1961 464//1961
f 176//1962 464//1962 179//1962
f 464//1963 461//1963 179//1963
f 179//1964 461//1964 533//1964
f 179//1965 533//1965 181//1965
f 533//1966 535//1966 181//1966
f 181//1967 535//1967 536//1967
f 181//1968 536//1968 182//1968
f 536//1969 469//1969 182//1969
f 182//1970 469//1970 470//1970
f 182//1971 470//1971 185//1971
f 470//1972 471//1972 185//1972
f 185//1973 471//1973 472//1973
f 185//1974 472//1974 198//1974
f 472//1975 448//1975 198//1975
f 198//1976 448//1976 456//1976
f 198//1977 456//1977 224//1977
f 456//1978 428//1978 224//1978
f 224//1979 428//1979 427//1979
f 224//1980 427//1980 222//1980
f 427//1981 432//1981 222//1981
f 222//1982 432//1982 537//1982
f 222//1983 537//1983 220//1983
f 537//1984 539//1984 220//1984
f 220//1985 539//1985 540//1985
f 220//1986 540//1986 218//1986
f 540//1987 542//1987 218//1987
f 218//1988 542//1988 543//1988
f 218//1989 543//1989 216//1989
f 543//1990 545//1990 216//1990
f 216//1991 545//1991 546//1991
f 216//1992 546//1992 214//1992
f 546//1993 548//1993 214//1993
f 214//1994 548//1994 549//1994
f 214//1995 549//1995 212//1995
f 549//1996 551//1996 212//1996
f 212//1997 551//1997 552//1997
f 212//1998 552//1998 210//1998
f 552//1999 554//1999 210//1999
f 210//2000 554//2000 555//2000
f 210//2001 555//2001 208//2001
f 208//2002 555//2002 402//2002
f 208//2003 402//2003 206//2003
f 402//2004 406//2004 206//2004
f 206//2005 406//2005 408//2005
f 206//2006 408//2006 203//2006
f 408//2007 414//2007 203//2007
f 203//2008 414//2008 411//2008
f 203//2009 411//2009 194//2009
f 411//2010 483//2010 194//2010
f 194//2011 483//2011 484//2011
f 194//2012 484//2012 148//2012
f 484//2013 486//2013 148//2013
f 148//2014 486//2014 485//2014
f 148//2015 485//2015 149//2015
f 485//2016 487//2016 149//2016
f 149//2017 487//2017 489//2017
f 149//2018 489//2018 163//2018
f 489//2019 490//2019 163//2019
f 163//2020 490//2020 475//2020
f 163//2021 475//2021 164//2021
f 475//2022 477//2022 164//2022
f 164//2023 477//2023 478//2023
f 164//2024 478//2024 147//2024
f 478//2025 479//2025 147//2025
f 147//2026 479//2026 476//2026
f 147//2027 476//2027 170//2027
f 476//2028 491//2028 170//2028
f 170//2029 491//2029 373//2029
f 170//2030 373//2030 168//2030
f 373//2031 378//2031 168//2031
f 168//2032 378//2032 381//2032
f 168//2033 381//2033 155//2033
f 381//2034 384//2034 155//2034
f 155//2035 384//2035 386//2035
f 155//2036 386//2036 153//2036
f 494//2037 151//2037 493//2037
f 493//2038 151//2038 153//2038
f 493//2039 153//2039 492//2039
f 492//2040 153//2040 386//2040
f 1194//2041 1183//2041 151//2041
f 1194//2042 151//2042 1193//2042
f 494//2043 1193//2043 151//2043
f 1184//2044 152//2044 1183//2044
f 1183//2045 152//2045 151//2045
f 1192//2046 349//2046 152//2046
f 1192//2047 152//2047 1191//2047
f 1190//2048 1191//2048 152//2048
f 1184//2049 1190//2049 152//2049
f 322//2050 270//2050 169//2050
f 169//2051 270//2051 171//2051
f 154//2052 152//2052 349//2052
f 349//2053 350//2053 154//2053
f 154//2054 350//2054 351//2054
f 154//2055 351//2055 166//2055
f 351//2056 327//2056 166//2056
f 166//2057 327//2057 331//2057
f 166//2058 331//2058 167//2058
f 331//2059 315//2059 167//2059
f 167//2060 315//2060 313//2060
f 167//2061 313//2061 169//2061
f 169//2062 313//2062 319//2062
f 169//2063 319//2063 322//2063
f 172//2064 171//2064 270//2064
f 165//2065 1003//2065 1002//2065
f 895//2066 162//2066 1005//2066
f 1005//2067 162//2068 165//2068
f 1005//2069 165//2069 1006//2069
f 1006//2070 165//2070 1002//2070
f 997//2071 996//2071 146//2071
f 146//2072 996//2072 1001//2072
f 146//2073 1001//2073 165//2073
f 165//2074 1001//2075 1004//2075
f 165//2076 1004//2076 1003//2076
f 270//2077 983//2077 172//2077
f 172//2078 983//2078 982//2078
f 172//2079 982//2079 145//2079
f 145//2080 982//2080 987//2080
f 145//2081 987//2081 986//2081
f 145//2082 986//2082 146//2082
f 146//2083 986//2083 992//2083
f 146//2084 992//2085 991//2085
f 991//2086 995//2086 146//2086
f 146//2087 995//2088 998//2089
f 146//2090 998//2090 997//2090
f 820//2091 693//2091 837//2091
f 837//2092 693//2092 692//2092
f 822//2093 695//2093 820//2093
f 820//2094 695//2094 693//2094
f 691//2095 866//2095 692//2095
f 692//2096 866//2096 837//2096
f 601//2097 707//2097 1073//2097
f 1073//2098 707//2098 706//2098
f 1073//2099 706//2099 1075//2099
f 1075//2100 706//2100 689//2100
f 1075//2101 689//2101 822//2101
f 822//2102 689//2102 695//2102
f 866//2103 691//2103 1122//2103
f 1122//2104 691//2104 694//2104
f 1122//2105 694//2105 1124//2105
f 1124//2106 694//2106 688//2106
f 1124//2107 688//2107 232//2107
f 232//2108 688//2108 687//2108
f 708//2109 707//2109 601//2109
f 601//2110 606//2110 708//2110
f 708//2111 606//2111 624//2111
f 708//2112 624//2112 716//2112
f 624//2113 626//2113 716//2113
f 716//2114 626//2114 631//2114
f 716//2115 631//2115 717//2115
f 631//2116 633//2116 717//2116
f 717//2117 633//2117 661//2117
f 717//2118 661//2118 718//2118
f 661//2119 663//2119 718//2119
f 718//2120 663//2120 665//2120
f 718//2121 665//2121 719//2121
f 665//2122 667//2122 719//2122
f 719//2123 667//2123 669//2123
f 719//2124 669//2124 720//2124
f 720//2125 669//2125 671//2125
f 671//2126 673//2126 720//2126
f 720//2127 673//2127 675//2127
f 720//2128 675//2128 721//2128
f 675//2129 677//2129 721//2129
f 721//2130 677//2130 679//2130
f 721//2131 679//2131 722//2131
f 679//2132 681//2132 722//2132
f 722//2133 681//2133 645//2133
f 722//2134 645//2134 723//2134
f 645//2135 647//2135 723//2135
f 723//2136 647//2136 635//2136
f 723//2137 635//2137 696//2137
f 558//2138 684//2138 556//2138
f 556//2139 684//2139 696//2139
f 556//2140 696//2140 640//2140
f 640//2141 696//2141 635//2141
f 714//2142 705//2142 272//2142
f 272//2143 284//2143 714//2143
f 714//2144 284//2144 334//2144
f 714//2145 334//2145 715//2145
f 334//2146 336//2146 715//2146
f 715//2147 336//2147 341//2147
f 715//2148 341//2148 698//2148
f 341//2149 343//2149 698//2149
f 698//2150 343//2150 352//2150
f 698//2151 352//2151 699//2151
f 352//2152 262//2152 699//2152
f 699//2153 262//2153 264//2153
f 699//2154 264//2154 702//2154
f 264//2155 265//2155 702//2155
f 702//2156 265//2156 260//2156
f 702//2157 260//2157 703//2157
f 703//2158 260//2158 259//2158
f 259//2159 258//2159 703//2159
f 703//2160 258//2160 348//2160
f 703//2161 348//2161 686//2161
f 348//2162 347//2162 686//2162
f 686//2163 347//2163 346//2163
f 686//2164 346//2164 690//2164
f 346//2165 345//2165 690//2165
f 690//2166 345//2166 296//2166
f 690//2167 296//2167 700//2167
f 296//2168 298//2168 700//2168
f 700//2169 298//2169 286//2169
f 700//2170 286//2170 701//2170
f 232//2171 687//2171 230//2171
f 230//2172 687//2172 701//2172
f 230//2173 701//2173 291//2173
f 291//2174 701//2174 286//2174
f 914//2175 711//2175 1027//2175
f 1027//2176 711//2176 697//2176
f 1027//2177 697//2177 1029//2177
f 1029//2178 697//2178 685//2178
f 1029//2179 685//2179 558//2179
f 558//2180 685//2180 684//2180
f 272//2181 705//2181 977//2181
f 977//2182 705//2182 704//2182
f 977//2183 704//2183 979//2183
f 979//2184 704//2184 713//2184
f 979//2185 713//2185 870//2185
f 870//2186 713//2186 712//2186
f 882//2093 709//2093 914//2093
f 914//2094 709//2094 711//2094
f 710//2095 868//2095 712//2095
f 712//2096 868//2096 870//2096
f 868//2187 710//2187 882//2187
f 882//2188 710//2188 709//2188
f 133//2189 1195//2189 136//2189
f 136//1231 1195//1231 1196//1231
f 136//1231 1196//1231 139//1231
f 139//1231 1196//1231 1197//1231
f 139//1231 1197//1231 112//1231
f 112//2190 1197//2190 1198//2190
f 112//1231 1198//1231 111//1231
f 111//2191 1198//2191 1199//2191
f 111//1231 1199//1231 114//1231
f 1199//2192 1200//2192 114//2192
f 114//1231 1200//1231 1201//1231
f 114//1231 1201//1231 117//1231
f 117//1231 1201//1231 1202//1231
f 117//2193 1202//2193 119//2193
f 119//1231 1202//1231 1203//1231
f 119//2194 1203//2194 120//2194
f 120//1231 1203//1231 1204//1231
f 120//1231 1204//1231 127//1231
f 127//2195 1204//2195 1205//2195
f 127//2196 1205//2196 125//2196
f 125//2197 1205//2197 1206//2197
f 125//1231 1206//1231 130//1231
f 130//2198 1206//2198 1207//2198
f 130//1231 1207//1231 133//1231
f 133//2199 1207//2199 1208//2199
f 133//1231 1208//1231 1195//1231
f 1209//2200 1199//2200 1198//2200
f 1209//2201 1210//2201 1199//2201
f 1199//2202 1210//2202 1211//2202
f 1199//2203 1211//2203 1200//2203
f 1211//2204 1212//2204 1200//2204
f 1200//2205 1212//2205 1213//2205
f 1200//2206 1213//2206 1201//2206
f 1213//2207 1214//2207 1201//2207
f 1201//2208 1214//2208 1215//2208
f 1201//2209 1215//2209 1202//2209
f 1215//2210 1216//2210 1202//2210
f 1202//2211 1216//2211 1217//2211
f 1202//2212 1217//2212 1203//2212
f 1217//2213 1218//2213 1203//2213
f 1203//2214 1218//2214 1219//2214
f 1203//2215 1219//2215 1204//2215
f 1219//2216 1220//2216 1204//2216
f 1204//2217 1220//2217 1221//2217
f 1204//2218 1221//2218 1205//2218
f 1221//2219 1222//2219 1205//2219
f 1205//2220 1222//2220 1223//2220
f 1205//2221 1223//2221 1206//2221
f 1223//2222 1224//2222 1206//2222
f 1206//2223 1224//2223 1225//2223
f 1206//2224 1225//2224 1207//2224
f 1225//2225 1226//2225 1207//2225
f 1207//2226 1226//2226 1227//2226
f 1207//2227 1227//2227 1208//2227
f 1227//2228 1228//2228 1208//2228
f 1208//2229 1228//2229 1229//2229
f 1208//2230 1229//2230 1195//2230
f 1229//2231 1230//2231 1195//2231
f 1195//2232 1230//2232 1231//2232
f 1195//2233 1231//2233 1196//2233
f 1231//2234 1232//2234 1196//2234
f 1196//2235 1232//2235 1233//2235
f 1196//2236 1233//2236 1197//2236
f 1233//2237 1234//2237 1197//2237
f 1197//2238 1234//2238 1235//2238
f 1197//2239 1235//2239 1198//2239
f 1198//2240 1235//2240 1236//2240
f 1198//2241 1236//2241 1209//2241
f 96//2242 1237//2242 98//2242
f 98//1231 1237//1231 1238//1231
f 98//1231 1238//1231 99//1231
f 99//1231 1238//1231 1239//1231
f 99//1231 1239//1231 106//1231
f 106//2243 1239//2243 1240//2243
f 106//2244 1240//2244 76//2244
f 76//2245 1240//2245 1241//2245
f 76//2246 1241//2246 73//2246
f 1241//2247 1242//2247 73//2247
f 73//1231 1242//1231 1243//1231
f 73//2248 1243//2248 78//2248
f 78//2249 1243//2249 1244//2249
f 78//2250 1244//2250 81//2250
f 81//1231 1244//1231 1245//1231
f 81//1231 1245//1231 84//1231
f 84//1231 1245//1231 1246//1231
f 84//1231 1246//1231 87//1231
f 87//2251 1246//2251 1247//2251
f 87//1231 1247//1231 90//1231
f 90//2252 1247//2252 1248//2252
f 90//1231 1248//1231 93//1231
f 93//1231 1248//1231 1249//1231
f 93//1231 1249//1231 96//1231
f 96//1231 1249//1231 1250//1231
f 96//2253 1250//2253 1237//2253
f 1251//2254 1241//2254 1240//2254
f 1251//2255 1252//2255 1241//2255
f 1241//2256 1252//2256 1253//2256
f 1241//2257 1253//2257 1242//2257
f 1253//2258 1254//2258 1242//2258
f 1242//2205 1254//2205 1255//2205
f 1242//2259 1255//2259 1243//2259
f 1255//2260 1256//2260 1243//2260
f 1243//2208 1256//2208 1257//2208
f 1243//2261 1257//2261 1244//2261
f 1257//2262 1258//2262 1244//2262
f 1244//2211 1258//2211 1259//2211
f 1244//2263 1259//2263 1245//2263
f 1259//2264 1260//2264 1245//2264
f 1245//2265 1260//2265 1261//2265
f 1245//2266 1261//2266 1246//2266
f 1261//2267 1262//2267 1246//2267
f 1246//2268 1262//2268 1263//2268
f 1246//2269 1263//2269 1247//2269
f 1263//2270 1264//2270 1247//2270
f 1247//2271 1264//2271 1265//2271
f 1247//2272 1265//2272 1248//2272
f 1265//2273 1266//2273 1248//2273
f 1248//2274 1266//2274 1267//2274
f 1248//2275 1267//2275 1249//2275
f 1267//2276 1268//2276 1249//2276
f 1249//2277 1268//2277 1269//2277
f 1249//2278 1269//2278 1250//2278
f 1269//2228 1270//2228 1250//2228
f 1250//2279 1270//2279 1271//2279
f 1250//2280 1271//2280 1237//2280
f 1271//2231 1272//2231 1237//2231
f 1237//2281 1272//2281 1273//2281
f 1237//2282 1273//2282 1238//2282
f 1273//2234 1274//2234 1238//2234
f 1238//2283 1274//2283 1275//2283
f 1238//2284 1275//2284 1239//2284
f 1275//2285 1276//2285 1239//2285
f 1239//2286 1276//2286 1277//2286
f 1239//2287 1277//2287 1240//2287
f 1240//2288 1277//2288 1278//2288
f 1240//2289 1278//2289 1251//2289
f 57//1205 1279//1205 60//1205
f 60//1205 1279//1205 1280//1205
f 60//2290 1280//2290 62//2290
f 62//1205 1280//1205 1281//1205
f 62//2291 1281//2291 63//2291
f 63//1205 1281//1205 1282//1205
f 63//1205 1282//1205 70//1205
f 70//2292 1282//2292 1283//2292
f 70//2293 1283//2293 40//2293
f 40//2294 1283//2294 1284//2294
f 40//1205 1284//1205 37//1205
f 37//2295 1284//2295 1285//2295
f 37//1205 1285//1205 42//1205
f 1285//2296 1286//2296 42//2296
f 42//1205 1286//1205 1287//1205
f 42//2297 1287//2297 45//2297
f 45//1205 1287//1205 1288//1205
f 45//1205 1288//1205 48//1205
f 48//1205 1288//1205 1289//1205
f 48//1205 1289//1205 51//1205
f 51//2298 1289//2298 1290//2298
f 51//1205 1290//1205 54//1205
f 54//2299 1290//2299 1291//2299
f 54//1205 1291//1205 57//1205
f 57//2295 1291//2295 1292//2295
f 57//1205 1292//1205 1279//1205
f 1293//2300 1284//2300 1283//2300
f 1293//2301 1294//2301 1284//2301
f 1284//2302 1294//2302 1295//2302
f 1284//2303 1295//2303 1285//2303
f 1295//2304 1296//2304 1285//2304
f 1285//2305 1296//2305 1297//2305
f 1285//2306 1297//2306 1286//2306
f 1297//2307 1298//2307 1286//2307
f 1286//2308 1298//2308 1299//2308
f 1286//2309 1299//2309 1287//2309
f 1299//2310 1300//2310 1287//2310
f 1287//2311 1300//2311 1301//2311
f 1287//2312 1301//2312 1288//2312
f 1301//2313 1302//2313 1288//2313
f 1288//2314 1302//2314 1303//2314
f 1288//2315 1303//2315 1289//2315
f 1303//2316 1304//2316 1289//2316
f 1289//2317 1304//2317 1305//2317
f 1289//2318 1305//2318 1290//2318
f 1305//2319 1306//2319 1290//2319
f 1290//2320 1306//2320 1307//2320
f 1290//2321 1307//2321 1291//2321
f 1307//2322 1308//2322 1291//2322
f 1291//2323 1308//2323 1309//2323
f 1291//2324 1309//2324 1292//2324
f 1309//2325 1310//2325 1292//2325
f 1292//2326 1310//2326 1311//2326
f 1292//2327 1311//2327 1279//2327
f 1311//2328 1312//2328 1279//2328
f 1279//2329 1312//2329 1313//2329
f 1279//2330 1313//2330 1280//2330
f 1313//2331 1314//2331 1280//2331
f 1280//2332 1314//2332 1315//2332
f 1280//2333 1315//2333 1281//2333
f 1315//2334 1316//2334 1281//2334
f 1281//2335 1316//2335 1317//2335
f 1281//2336 1317//2336 1282//2336
f 1317//2337 1318//2337 1282//2337
f 1282//2338 1318//2338 1319//2338
f 1282//2339 1319//2339 1283//2339
f 1283//2340 1319//2340 1320//2340
f 1283//2341 1320//2341 1293//2341
f 22//2342 1321//2342 25//2342
f 25//2343 1321//2343 1322//2343
f 25//2344 1322//2344 28//2344
f 28//1205 1322//1205 1323//1205
f 28//1205 1323//1205 31//1205
f 31//1205 1323//1205 1324//1205
f 31//1205 1324//1205 4//1205
f 4//2345 1324//2345 1325//2345
f 4//1205 1325//1205 3//1205
f 3//2346 1325//2346 1326//2346
f 3//1205 1326//1205 6//1205
f 6//1205 1326//1205 1327//1205
f 6//1205 1327//1205 9//1205
f 1327//1205 1328//1205 9//1205
f 9//2347 1328//2347 1329//2347
f 9//2348 1329//2348 11//2348
f 11//1205 1329//1205 1330//1205
f 11//1205 1330//1205 12//1205
f 12//1205 1330//1205 1331//1205
f 12//1205 1331//1205 19//1205
f 19//2349 1331//2349 1332//2349
f 19//2350 1332//2350 17//2350
f 17//2351 1332//2351 1333//2351
f 17//2352 1333//2352 22//2352
f 22//2353 1333//2353 1334//2353
f 22//1205 1334//1205 1321//1205
f 1335//2354 1326//2354 1325//2354
f 1335//2355 1336//2355 1326//2355
f 1326//2302 1336//2302 1337//2302
f 1326//2356 1337//2356 1327//2356
f 1337//2357 1338//2357 1327//2357
f 1327//2305 1338//2305 1339//2305
f 1327//2358 1339//2358 1328//2358
f 1339//2359 1340//2359 1328//2359
f 1328//2308 1340//2308 1341//2308
f 1328//2360 1341//2360 1329//2360
f 1341//2361 1342//2361 1329//2361
f 1329//2362 1342//2362 1343//2362
f 1329//2363 1343//2363 1330//2363
f 1343//2364 1344//2364 1330//2364
f 1330//2314 1344//2314 1345//2314
f 1330//2365 1345//2365 1331//2365
f 1345//2366 1346//2366 1331//2366
f 1331//2367 1346//2367 1347//2367
f 1331//2368 1347//2368 1332//2368
f 1347//2369 1348//2369 1332//2369
f 1332//2370 1348//2370 1349//2370
f 1332//2371 1349//2371 1333//2371
f 1349//2372 1350//2372 1333//2372
f 1333//2373 1350//2373 1351//2373
f 1333//2374 1351//2374 1334//2374
f 1351//2325 1352//2325 1334//2325
f 1334//2375 1352//2375 1353//2375
f 1334//2376 1353//2376 1321//2376
f 1353//2377 1354//2377 1321//2377
f 1321//2378 1354//2378 1355//2378
f 1321//2379 1355//2379 1322//2379
f 1355//2331 1356//2331 1322//2331
f 1322//2380 1356//2380 1357//2380
f 1322//2381 1357//2381 1323//2381
f 1357//2334 1358//2334 1323//2334
f 1323//2382 1358//2382 1359//2382
f 1323//2383 1359//2383 1324//2383
f 1359//2337 1360//2337 1324//2337
f 1324//2384 1360//2384 1361//2384
f 1324//2385 1361//2385 1325//2385
f 1325//2386 1361//2386 1362//2386
f 1325//2387 1362//2387 1335//2387
f 839//2388 838//2388 1360//2388
f 1360//2389 1359//2389 839//2389
f 839//2390 1359//2390 1358//2390
f 839//2391 1358//2391 846//2391
f 1358//2392 1357//2392 846//2392
f 846//2393 1357//2393 1356//2393
f 846//2394 1356//2394 847//2394
f 1356//2395 1355//2395 847//2395
f 847//2396 1355//2396 1354//2396
f 847//2397 1354//2397 849//2397
f 1354//2398 1353//2398 849//2398
f 849//2399 1353//2399 1352//2399
f 849//2400 1352//2400 857//2400
f 1352//2401 1351//2401 857//2401
f 857//2402 1351//2402 1350//2402
f 857//2403 1350//2403 858//2403
f 1350//2404 1349//2404 858//2404
f 858//2405 1349//2405 1348//2405
f 858//2406 1348//2406 860//2406
f 860//2407 1348//2407 1347//2407
f 860//2408 1347//2408 861//2408
f 1347//2409 1346//2410 861//2410
f 861//2411 1346//2411 1345//2411
f 861//2412 1345//2412 862//2412
f 1345//2413 1344//2413 862//2413
f 862//2414 1344//2414 1343//2414
f 862//2415 1343//2415 863//2415
f 1343//2416 1342//2416 863//2416
f 863//2417 1342//2417 1341//2417
f 863//2418 1341//2418 832//2418
f 1341//2419 1340//2419 832//2419
f 832//2420 1340//2420 1339//2420
f 832//2421 1339//2421 831//2421
f 1339//2422 1338//2422 831//2422
f 831//2423 1338//2423 1337//2423
f 831//2424 1337//2424 834//2424
f 1337//2425 1336//2425 834//2425
f 834//2426 1336//2426 1335//2426
f 834//2427 1335//2427 836//2427
f 836//2428 1335//2428 1362//2428
f 836//2429 1362//2429 838//2429
f 838//2430 1362//2430 1361//2430
f 838//2431 1361//2431 1360//2431
f 884//2432 883//2432 1234//2432
f 1234//2433 1233//2433 884//2433
f 884//2434 1233//2434 1232//2434
f 884//2435 1232//2435 901//2435
f 1232//2436 1231//2436 901//2436
f 901//2437 1231//2437 1230//2437
f 901//2438 1230//2438 900//2438
f 1230//2439 1229//2439 900//2439
f 900//2440 1229//2440 1228//2440
f 900//2441 1228//2441 898//2441
f 1228//2442 1227//2442 898//2442
f 898//2443 1227//2443 1226//2443
f 898//2444 1226//2444 902//2444
f 1226//2445 1225//2445 902//2445
f 902//2446 1225//2446 1224//2446
f 902//2447 1224//2447 903//2447
f 1224//2448 1223//2448 903//2448
f 903//2449 1223//2449 1222//2449
f 903//2450 1222//2450 905//2450
f 905//2451 1222//2451 1221//2451
f 905//2452 1221//2452 909//2452
f 1221//2453 1220//2453 909//2453
f 909//2454 1220//2454 1219//2454
f 909//2455 1219//2455 910//2455
f 1219//2456 1218//2456 910//2456
f 910//2457 1218//2457 1217//2457
f 910//2458 1217//2458 911//2458
f 1217//2459 1216//2459 911//2459
f 911//2460 1216//2460 1215//2460
f 911//2461 1215//2461 877//2461
f 1215//2462 1214//2462 877//2462
f 877//2463 1214//2463 1213//2463
f 877//2464 1213//2464 876//2464
f 1213//2465 1212//2465 876//2465
f 876//2466 1212//2466 1211//2466
f 876//2467 1211//2467 879//2467
f 1211//2468 1210//2469 879//2468
f 879//2470 1210//2470 1209//2470
f 879//2471 1209//2471 881//2471
f 881//2472 1209//2472 1236//2472
f 881//2473 1236//2473 883//2473
f 883//2474 1236//2474 1235//2474
f 883//2475 1235//2475 1234//2475
f 906//2476 899//2476 1276//2476
f 1276//2477 1275//2477 906//2477
f 906//2478 1275//2478 1274//2478
f 906//2479 1274//2479 907//2479
f 1274//2480 1273//2480 907//2480
f 907//2481 1273//2481 1272//2481
f 907//2482 1272//2482 908//2482
f 1272//2483 1271//2483 908//2483
f 908//2484 1271//2484 1270//2484
f 908//2485 1270//2485 887//2485
f 1270//2486 1269//2486 887//2486
f 887//2487 1269//2487 1268//2487
f 887//2488 1268//2488 888//2488
f 1268//2489 1267//2489 888//2489
f 888//2490 1267//2490 1266//2490
f 888//2491 1266//2491 889//2491
f 1266//2492 1265//2492 889//2492
f 889//2493 1265//2493 1264//2493
f 889//2494 1264//2494 890//2494
f 890//2451 1264//2451 1263//2451
f 890//2495 1263//2495 892//2495
f 1263//2496 1262//2496 892//2496
f 892//2497 1262//2497 1261//2497
f 892//2498 1261//2498 894//2498
f 1261//2499 1260//2499 894//2499
f 894//2500 1260//2500 1259//2500
f 894//2501 1259//2501 886//2501
f 1259//2459 1258//2459 886//2459
f 886//2502 1258//2502 1257//2502
f 886//2503 1257//2503 885//2503
f 1257//2504 1256//2504 885//2504
f 885//2505 1256//2505 1255//2505
f 885//2506 1255//2506 872//2506
f 1255//2507 1254//2507 872//2507
f 872//2508 1254//2508 1253//2508
f 872//2509 1253//2509 873//2509
f 1253//2510 1252//2510 873//2510
f 873//2511 1252//2511 1251//2511
f 873//2512 1251//2512 904//2512
f 904//2513 1251//2513 1278//2513
f 904//2514 1278//2515 899//2514
f 899//2516 1278//2516 1277//2516
f 899//2517 1277//2517 1276//2517
f 851//2518 848//2518 1318//2518
f 1318//2519 1317//2519 851//2519
f 851//2520 1317//2520 1316//2520
f 851//2521 1316//2521 852//2521
f 1316//2522 1315//2522 852//2522
f 852//2523 1315//2523 1314//2523
f 852//2524 1314//2524 853//2524
f 1314//2525 1313//2525 853//2525
f 853//2526 1313//2526 1312//2526
f 853//2527 1312//2527 824//2527
f 1312//2528 1311//2528 824//2528
f 824//2529 1311//2529 1310//2529
f 824//2530 1310//2530 825//2530
f 1310//2531 1309//2531 825//2531
f 825//2532 1309//2532 1308//2532
f 825//2533 1308//2533 840//2533
f 1308//2534 1307//2534 840//2534
f 840//2535 1307//2535 1306//2535
f 840//2536 1306//2536 841//2536
f 841//2537 1306//2537 1305//2537
f 841//2538 1305//2538 843//2538
f 1305//2539 1304//2540 843//2539
f 843//2541 1304//2541 1303//2541
f 843//2542 1303//2542 845//2542
f 1303//2543 1302//2543 845//2543
f 845//2544 1302//2544 1301//2544
f 845//2545 1301//2545 828//2545
f 1301//2546 1300//2546 828//2546
f 828//2547 1300//2547 1299//2547
f 828//2548 1299//2548 827//2548
f 1299//2549 1298//2549 827//2549
f 827//2550 1298//2550 1297//2550
f 827//2551 1297//2551 826//2551
f 1297//2552 1296//2552 826//2552
f 826//2553 1296//2553 1295//2553
f 826//2554 1295//2554 859//2554
f 1295//2555 1294//2555 859//2555
f 859//2556 1294//2556 1293//2556
f 859//2557 1293//2557 850//2557
f 850//2558 1293//2558 1320//2558
f 850//2559 1320//2559 848//2559
f 848//2560 1320//2560 1319//2560
f 848//2561 1319//2561 1318//2561
f 1363//1231 1364//1231 1365//1231
f 1366//1231 1367//1231 1368//1231
f 1369//1231 1370//1231 1371//1231
f 1372//1231 1373//1231 1374//1231
f 1375//1231 1376//1231 1377//1231
f 1377//2562 1376//2562 1378//2562
f 1379//2563 1380//2563 1381//2563
f 1381//2564 1380//2564 1382//2564
f 1381//1231 1382//1231 1383//1231
f 1383//1231 1382//1231 1384//1231
f 1383//2565 1384//2565 1378//2565
f 1385//1231 1386//1231 1379//1231
f 1379//1231 1386//1231 1387//1231
f 1379//2566 1387//2566 1380//2566
f 1388//1231 1364//1231 1389//1231
f 1389//1231 1364//1231 1390//1231
f 1389//1231 1390//1231 1391//1231
f 1391//1231 1390//1231 1392//1231
f 1391//1231 1392//1231 1385//1231
f 1385//2567 1392//2567 1393//2567
f 1385//1231 1393//1231 1386//1231
f 1388//2568 1394//2568 1364//2568
f 1364//1231 1394//1231 1395//1231
f 1364//1231 1395//1231 1365//1231
f 1365//2569 1395//2569 1372//2569
f 1396//1231 1397//1231 1398//1231
f 1399//2570 1400//2570 1398//2570
f 1398//2571 1400//2571 1401//2571
f 1398//2572 1401//2572 1396//2572
f 1402//1231 1403//1231 1399//1231
f 1399//2573 1403//2573 1404//2573
f 1399//2574 1404//2574 1400//2574
f 1405//1231 1406//1231 1407//1231
f 1407//1231 1406//1231 1408//1231
f 1408//1231 1409//1231 1368//1231
f 1368//2575 1409//2575 1410//2575
f 1368//2576 1410//2576 1411//2576
f 1411//2577 1410//2577 1412//2577
f 1411//1231 1412//1231 1413//1231
f 1414//1231 1415//1231 1416//1231
f 1417//1231 1418//1231 1419//1231
f 1419//1231 1418//1231 1420//1231
f 1419//2578 1420//2578 1421//2578
f 1415//1231 1422//1231 1416//1231
f 1416//2579 1422//2579 1396//2579
f 1416//2580 1396//2580 1423//2580
f 1423//1231 1396//1231 1401//1231
f 1422//2581 1424//2581 1396//2581
f 1396//1231 1424//1231 1425//1231
f 1396//1231 1425//1231 1397//1231
f 1397//2582 1425//2582 1426//2582
f 1397//1231 1426//1231 1427//1231
f 1427//2583 1426//2583 1428//2583
f 1427//2584 1428//2584 1429//2584
f 1429//2585 1428//2585 1430//2585
f 1429//2586 1430//2586 1417//2586
f 1417//1231 1430//1231 1431//1231
f 1417//1231 1431//1231 1418//1231
f 1432//2587 1433//2587 1434//2587
f 1434//1231 1433//1231 1435//1231
f 1434//1231 1435//1231 1436//1231
f 1437//2588 1438//2588 1439//2588
f 1439//2589 1438//2589 1440//2589
f 1439//1231 1440//1231 1441//1231
f 1441//2590 1440//2590 1442//2590
f 1443//1231 1444//1231 1445//1231
f 1446//2591 1447//2591 1442//2591
f 1442//2592 1447//2592 1448//2592
f 1442//1231 1448//1231 1441//1231
f 1445//2593 1444//2593 1449//2593
f 1449//1231 1444//1231 1450//1231
f 1449//2594 1450//2594 1446//2594
f 1446//1231 1450//1231 1451//1231
f 1446//2595 1451//2595 1447//2595
f 1452//2596 1453//2596 1454//2596
f 1454//1231 1453//1231 1371//1231
f 1454//1231 1371//1231 1455//1231
f 1450//1231 1456//1231 1451//1231
f 1451//2597 1456//2597 1457//2597
f 1451//1231 1457//1231 1370//1231
f 1370//2598 1457//2598 1458//2598
f 1458//1231 1459//1231 1370//1231
f 1370//2599 1459//2599 1460//2599
f 1370//2600 1460//2600 1371//2600
f 1371//2601 1460//2601 1461//2601
f 1371//2602 1461//2602 1455//2602
f 1378//1231 1384//1231 1377//1231
f 1377//1231 1384//1231 1462//1231
f 1377//1231 1462//1231 1371//1231
f 1371//2603 1462//2603 1463//2603
f 1371//2604 1463//2604 1369//2604
f 1464//1231 1363//1231 1465//1231
f 1465//1231 1363//1231 1466//1231
f 1465//2605 1466//2605 1467//2605
f 1468//1231 1469//1231 1470//1231
f 1470//1231 1469//1231 1471//1231
f 1470//2606 1471//2606 1466//2606
f 1466//1231 1471//1231 1472//1231
f 1466//2607 1472//2607 1467//2607
f 1473//1231 1474//1231 1475//1231
f 1474//1231 1476//1231 1475//1231
f 1475//1231 1476//1231 1477//1231
f 1475//1231 1477//1231 1468//1231
f 1468//1231 1477//1231 1478//1231
f 1468//1231 1478//1231 1469//1231
f 1464//2608 1479//2608 1363//2608
f 1363//2609 1479//2609 1480//2609
f 1363//2610 1480//2610 1481//2610
f 1481//1231 1480//1231 1482//1231
f 1481//1231 1482//1231 1483//1231
f 1483//1231 1482//1231 1473//1231
f 1483//1231 1473//1231 1484//1231
f 1484//1231 1473//1231 1475//1231
f 1485//1231 1486//1231 1468//1231
f 1468//2611 1486//2611 1487//2611
f 1468//1231 1487//1231 1475//1231
f 1475//1231 1487//1231 1488//1231
f 1475//1231 1488//1231 1489//1231
f 1490//1231 1411//1231 1402//1231
f 1402//2612 1411//2612 1413//2612
f 1402//2613 1413//2613 1403//2613
f 1491//2614 1492//2614 1419//2614
f 1419//2615 1492//2615 1493//2615
f 1419//1231 1493//1231 1417//1231
f 1417//2616 1493//2616 1494//2616
f 1417//2617 1494//2617 1429//2617
f 1495//2618 1496//2618 1491//2618
f 1491//1231 1496//1231 1497//1231
f 1491//2619 1497//2619 1492//2619
f 1498//2620 1499//2620 1500//2620
f 1498//2621 1500//2621 1491//2621
f 1491//2622 1500//2622 1501//2622
f 1491//2623 1501//2623 1495//2623
f 1496//1231 1502//1231 1497//1231
f 1497//2624 1502//2624 1503//2624
f 1497//2625 1503//2625 1504//2625
f 1504//2626 1503//2626 1505//2626
f 1504//2627 1505//2627 1506//2627
f 1506//2628 1505//2628 1507//2628
f 1506//2629 1507//2629 1508//2629
f 1507//2630 1509//2630 1508//2630
f 1508//1231 1509//1231 1510//1231
f 1508//1231 1510//1231 1498//1231
f 1498//1231 1510//1231 1511//1231
f 1498//2631 1511//2631 1499//2631
f 1498//2632 1512//2632 1508//2632
f 1508//2633 1512//2633 1513//2633
f 1508//2634 1513//2634 1514//2634
f 1515//1231 1516//1231 1513//1231
f 1513//2635 1516//2635 1517//2635
f 1513//1231 1517//1231 1514//1231
f 1513//1231 1518//1231 1519//1231
f 1520//2636 1521//2636 1434//2636
f 1434//2637 1521//2637 1522//2637
f 1519//2638 1523//2638 1513//2638
f 1513//2639 1523//2639 1524//2639
f 1513//2640 1524//2640 1515//2640
f 1436//1231 1437//1231 1434//1231
f 1434//1231 1437//1231 1439//1231
f 1434//1231 1439//1231 1520//1231
f 1520//1231 1439//1231 1525//1231
f 1524//1231 1526//1231 1515//1231
f 1515//2641 1526//2641 1527//2641
f 1515//1231 1527//1231 1528//1231
f 1528//2642 1527//2642 1529//2642
f 1528//1231 1529//1231 1439//1231
f 1439//2643 1529//2643 1530//2643
f 1439//2644 1530//2644 1525//2644
f 1445//2645 1531//2645 1443//2645
f 1443//2646 1531//2646 1532//2646
f 1443//2647 1532//2647 1452//2647
f 1452//1231 1532//1231 1433//1231
f 1452//2648 1433//2648 1453//2648
f 1453//1231 1433//1231 1432//1231
f 1533//1231 1534//1231 1535//1231
f 1535//1231 1534//1231 1536//1231
f 1536//1231 1537//1231 1466//1231
f 1466//2649 1537//2649 1538//2649
f 1466//1231 1538//1231 1470//1231
f 1470//2650 1538//2650 1539//2650
f 1408//1231 1368//1231 1407//1231
f 1407//1231 1368//1231 1367//1231
f 1407//1231 1367//1231 1540//1231
f 1540//1231 1541//1231 1407//1231
f 1407//2651 1541//2651 1542//2651
f 1407//1231 1542//1231 1543//1231
f 1543//2652 1542//2652 1544//2652
f 1372//1231 1374//1231 1365//1231
f 1365//1231 1374//1231 1545//1231
f 1365//1231 1545//1231 1546//1231
f 1536//1231 1466//1231 1535//1231
f 1535//1231 1466//1231 1547//1231
f 1535//2653 1547//2653 1548//2653
f 1363//1231 1365//1231 1466//1231
f 1466//2654 1365//2654 1549//2654
f 1466//2655 1549//2655 1550//2655
f 1550//2656 1551//2656 1466//2656
f 1466//2657 1551//2657 1552//2657
f 1466//2658 1552//2658 1547//2658
f 1553//1231 1546//1231 1554//1231
f 1554//1231 1546//1231 1535//1231
f 1554//2659 1535//2659 1555//2659
f 1555//2660 1535//2660 1548//2660
f 1553//2661 1556//2661 1546//2661
f 1546//1231 1556//1231 1557//1231
f 1546//1231 1557//1231 1365//1231
f 1365//1231 1557//1231 1558//1231
f 1365//2662 1558//2662 1549//2662
f 1545//1231 1559//1231 1546//1231
f 1546//1231 1559//1231 1560//1231
f 1546//1231 1560//1231 1535//1231
f 1535//1231 1560//1231 1543//1231
f 1535//1231 1543//1231 1533//1231
f 1533//1231 1543//1231 1544//1231
f 1423//1231 1405//1231 1416//1231
f 1416//1231 1405//1231 1407//1231
f 1416//1231 1407//1231 1561//1231
f 1561//1231 1407//1231 1543//1231
f 1561//1231 1543//1231 1562//1231
f 1562//1231 1543//1231 1560//1231
f 1562//1231 1560//1231 1432//1231
f 1432//1231 1560//1231 1559//1231
f 1432//1231 1559//1231 1453//1231
f 1453//1231 1559//1231 1545//1231
f 1453//1231 1545//1231 1371//1231
f 1371//1231 1545//1231 1374//1231
f 1371//1231 1374//1231 1377//1231
f 1377//2663 1374//2663 1373//2663
f 1377//2664 1373//2664 1375//2664
f 1522//2665 1518//2665 1434//2665
f 1434//1231 1518//1231 1513//1231
f 1434//1231 1513//1231 1432//1231
f 1432//1231 1513//1231 1512//1231
f 1432//1231 1512//1231 1562//1231
f 1562//1231 1512//1231 1498//1231
f 1562//1231 1498//1231 1561//1231
f 1561//1231 1498//1231 1491//1231
f 1561//1231 1491//1231 1416//1231
f 1416//1231 1491//1231 1419//1231
f 1416//1231 1419//1231 1414//1231
f 1414//1231 1419//1231 1421//1231
f 1539//2666 1366//2666 1470//2666
f 1470//1231 1366//1231 1368//1231
f 1470//1231 1368//1231 1468//1231
f 1468//1231 1368//1231 1411//1231
f 1468//1231 1411//1231 1485//1231
f 1485//2667 1411//2667 1490//2667
f 1563//144 1564//144 1565//144
f 1565//144 1564//144 1566//144
f 1567//1230 1568//1230 1569//1230
f 1569//1230 1568//1230 1570//1230
f 1571//2668 1572//2668 1573//2668
f 1573//2669 1572//2669 1574//2669
f 1575//2670 1576//2670 1577//2670
f 1577//2671 1576//2671 1573//2671
f 1577//2672 1573//2672 1578//2672
f 1578//2673 1573//2673 1574//2673
f 1575//2674 1579//2674 1576//2674
f 1576//2675 1579//2675 1580//2675
f 1576//2676 1580//2676 1581//2676
f 1581//2677 1580//2677 1582//2677
f 1581//2678 1582//2678 1583//2678
f 1583//2679 1582//2679 1584//2679
f 1585//2680 1586//2680 1587//2680
f 1587//2681 1586//2681 1583//2681
f 1587//2682 1583//2682 1588//2682
f 1588//2683 1583//2683 1584//2683
f 1585//2684 1589//2684 1586//2684
f 1586//2685 1589//2685 1590//2685
f 1586//2686 1590//2686 1591//2686
f 1591//2687 1590//2687 1592//2687
f 1591//2688 1592//2688 1593//2688
f 1593//2689 1592//2689 1594//2689
f 1593//2690 1594//2690 1595//2690
f 1595//2691 1596//2691 1593//2691
f 1593//2692 1596//2692 1597//2692
f 1593//2693 1597//2693 1598//2693
f 1598//2694 1597//2694 1599//2694
f 1598//2695 1599//2695 1600//2695
f 1600//2696 1599//2696 1601//2696
f 1602//2697 1603//2697 1604//2697
f 1604//2698 1603//2698 1600//2698
f 1604//2699 1600//2699 1605//2699
f 1605//2700 1600//2700 1601//2700
f 1602//2701 1606//2701 1603//2701
f 1603//2702 1606//2702 1607//2702
f 1603//2702 1607//2702 1608//2702
f 1608//2703 1607//2703 1609//2703
f 1608//2704 1609//2704 1610//2704
f 1610//2705 1609//2705 1611//2705
f 1612//2706 1613//2706 1614//2706
f 1614//2707 1613//2707 1610//2707
f 1614//2708 1610//2708 1615//2708
f 1615//2709 1610//2709 1611//2709
f 1612//2710 1616//2710 1613//2710
f 1613//2711 1616//2711 1617//2711
f 1613//2712 1617//2712 1618//2712
f 1619//2713 1620//2713 1621//2713
f 1621//2714 1620//2714 1618//2714
f 1621//2715 1618//2715 1622//2715
f 1622//2716 1618//2716 1617//2716
f 1619//2717 1623//2717 1620//2717
f 1620//2718 1623//2718 1624//2718
f 1620//2719 1624//2719 1625//2719
f 1625//2720 1624//2720 1626//2720
f 1625//2721 1626//2721 1627//2721
f 1627//2722 1626//2722 1628//2722
f 1629//2723 1630//2723 1631//2723
f 1631//2724 1630//2724 1627//2724
f 1631//2725 1627//2725 1632//2725
f 1632//2726 1627//2726 1628//2726
f 1629//2727 1633//2727 1630//2727
f 1630//2728 1633//2728 1634//2728
f 1630//2729 1634//2729 1635//2729
f 1635//2730 1634//2730 1636//2730
f 1635//2731 1636//2731 1637//2731
f 1637//2732 1636//2732 1638//2732
f 1639//2733 1640//2733 1641//2733
f 1641//2734 1640//2734 1637//2734
f 1641//2735 1637//2735 1642//2735
f 1642//2736 1637//2736 1638//2736
f 1643//1203 1644//1203 1645//1203
f 1645//1203 1644//1203 1646//1203
f 1647//1205 1648//1205 1649//1205
f 1650//2737 1651//2737 1652//2737
f 1653//1205 1654//1205 1650//1205
f 1650//2738 1654//2738 1655//2738
f 1650//2739 1655//2739 1651//2739
f 1656//1205 1657//1205 1658//1205
f 1658//1205 1657//1205 1659//1205
f 1658//2740 1659//2740 1660//2740
f 1660//1205 1659//1205 1652//1205
f 1661//1205 1662//1205 1663//1205
f 1664//2741 1665//2741 1666//2741
f 1666//2742 1665//2742 1667//2742
f 1666//1205 1667//1205 1668//1205
f 1668//1205 1667//1205 1656//1205
f 1662//2743 1669//2743 1663//2743
f 1663//2744 1669//2744 1670//2744
f 1663//1205 1670//1205 1653//1205
f 1653//2745 1670//2745 1671//2745
f 1653//2746 1671//2746 1654//2746
f 1672//1205 1673//1205 1674//1205
f 1674//2747 1673//2747 1675//2747
f 1674//2748 1675//2748 1676//2748
f 1677//1205 1678//1205 1679//1205
f 1679//2749 1678//2749 1680//2749
f 1680//2750 1678//2750 1681//2750
f 1680//1205 1681//1205 1682//1205
f 1682//2751 1681//2751 1683//2751
f 1682//2752 1683//2752 1672//2752
f 1672//2753 1683//2753 1684//2753
f 1672//2754 1684//2754 1673//2754
f 1679//1205 1685//1205 1677//1205
f 1677//2755 1685//2755 1686//2755
f 1677//1205 1686//1205 1650//1205
f 1650//2756 1686//2756 1687//2756
f 1650//2757 1687//2757 1688//2757
f 1689//1205 1690//1205 1691//1205
f 1690//1205 1692//1205 1691//1205
f 1691//2758 1692//2758 1693//2758
f 1691//1205 1693//1205 1649//1205
f 1649//2759 1693//2759 1694//2759
f 1649//2760 1694//2760 1676//2760
f 1695//1205 1696//1205 1691//1205
f 1691//2761 1696//2761 1697//2761
f 1691//1205 1697//1205 1698//1205
f 1699//1205 1700//1205 1701//1205
f 1701//2762 1700//2762 1702//2762
f 1701//1205 1702//1205 1703//1205
f 1703//2763 1702//2763 1704//2763
f 1703//1205 1704//1205 1705//1205
f 1705//1205 1704//1205 1706//1205
f 1697//1205 1707//1205 1698//1205
f 1698//2764 1707//2764 1708//2764
f 1698//1205 1708//1205 1709//1205
f 1708//1205 1710//1205 1709//1205
f 1709//2765 1710//2765 1711//2765
f 1709//2766 1711//2766 1712//2766
f 1712//2767 1713//2767 1714//2767
f 1714//1205 1713//1205 1715//1205
f 1714//1205 1715//1205 1706//1205
f 1706//2768 1715//2768 1716//2768
f 1706//2769 1716//2769 1705//2769
f 1717//2770 1718//2770 1698//2770
f 1698//2771 1718//2771 1719//2771
f 1653//2772 1720//2772 1721//2772
f 1717//1205 1698//1205 1722//1205
f 1722//1205 1698//1205 1709//1205
f 1722//2773 1709//2773 1723//2773
f 1724//1205 1725//1205 1726//1205
f 1726//2774 1725//2774 1727//2774
f 1726//1205 1727//1205 1728//1205
f 1721//1205 1729//1205 1653//1205
f 1653//1205 1729//1205 1730//1205
f 1653//1205 1730//1205 1663//1205
f 1663//2775 1730//2775 1731//2775
f 1663//1205 1731//1205 1732//1205
f 1732//1205 1731//1205 1733//1205
f 1724//2776 1734//2776 1725//2776
f 1725//2777 1734//2777 1732//2777
f 1725//2778 1732//2778 1735//2778
f 1733//1205 1736//1205 1732//1205
f 1732//1205 1736//1205 1737//1205
f 1732//2779 1737//2779 1735//2779
f 1735//2780 1737//2780 1738//2780
f 1735//2781 1738//2781 1739//2781
f 1739//2782 1738//2782 1740//2782
f 1741//1205 1742//1205 1743//1205
f 1712//2783 1714//2783 1709//2783
f 1709//2784 1714//2784 1744//2784
f 1709//2785 1744//2785 1745//2785
f 1745//2786 1746//2786 1709//2786
f 1709//2787 1746//2787 1747//2787
f 1709//2788 1747//2788 1741//2788
f 1740//2789 1723//2789 1739//2789
f 1739//1205 1723//1205 1709//1205
f 1739//1205 1709//1205 1748//1205
f 1748//1205 1709//1205 1741//1205
f 1748//2790 1741//2790 1749//2790
f 1749//2791 1741//2791 1743//2791
f 1750//1205 1751//1205 1691//1205
f 1691//1205 1751//1205 1700//1205
f 1691//1205 1700//1205 1695//1205
f 1695//1205 1700//1205 1699//1205
f 1752//1205 1753//1205 1649//1205
f 1649//2792 1753//2792 1754//2792
f 1649//1205 1754//1205 1691//1205
f 1691//2793 1754//2793 1755//2793
f 1691//2794 1755//2794 1750//2794
f 1751//1205 1756//1205 1700//1205
f 1700//2795 1756//2795 1757//2795
f 1700//2796 1757//2796 1758//2796
f 1758//2797 1757//2797 1759//2797
f 1758//2798 1759//2798 1760//2798
f 1760//2799 1759//2799 1761//2799
f 1760//2800 1761//2800 1762//2800
f 1762//2801 1761//2801 1763//2801
f 1762//2802 1763//2802 1764//2802
f 1764//1205 1763//1205 1765//1205
f 1764//1205 1765//1205 1766//1205
f 1766//1205 1765//1205 1767//1205
f 1766//2803 1767//2803 1648//2803
f 1648//1205 1767//1205 1768//1205
f 1648//1205 1768//1205 1649//1205
f 1649//2804 1768//2804 1769//2804
f 1649//2805 1769//2805 1752//2805
f 1676//1205 1675//1205 1649//1205
f 1649//1205 1675//1205 1770//1205
f 1649//2806 1770//2806 1647//2806
f 1771//2807 1772//2807 1677//2807
f 1677//2808 1772//2808 1773//2808
f 1677//2809 1773//2809 1678//2809
f 1774//2810 1775//2810 1650//2810
f 1776//1205 1677//1205 1777//1205
f 1777//1205 1677//1205 1650//1205
f 1777//2811 1650//2811 1778//2811
f 1778//2812 1650//2812 1775//2812
f 1776//2813 1779//2813 1677//2813
f 1677//2814 1779//2814 1780//2814
f 1677//1205 1780//1205 1771//1205
f 1771//1205 1780//1205 1781//1205
f 1771//1205 1781//1205 1782//1205
f 1652//2815 1659//2815 1650//2815
f 1650//2816 1659//2816 1783//2816
f 1650//2817 1783//2817 1774//2817
f 1784//1205 1785//1205 1659//1205
f 1659//1205 1785//1205 1786//1205
f 1659//2818 1786//2818 1783//2818
f 1787//1205 1788//1205 1789//1205
f 1789//2819 1788//2819 1790//2819
f 1789//1205 1790//1205 1782//1205
f 1782//1205 1790//1205 1791//1205
f 1782//1205 1791//1205 1771//1205
f 1659//2820 1792//2820 1793//2820
f 1787//1205 1784//1205 1788//1205
f 1788//1205 1784//1205 1659//1205
f 1788//1205 1659//1205 1794//1205
f 1794//1205 1659//1205 1793//1205
f 1656//2821 1667//2821 1657//2821
f 1657//2822 1667//2822 1795//2822
f 1657//1205 1795//1205 1659//1205
f 1659//1205 1795//1205 1796//1205
f 1659//2823 1796//2823 1792//2823
f 1664//1205 1661//1205 1665//1205
f 1665//1205 1661//1205 1663//1205
f 1665//1205 1663//1205 1797//1205
f 1798//1205 1799//1205 1663//1205
f 1799//1205 1800//1205 1663//1205
f 1663//2824 1800//2824 1801//2824
f 1663//2825 1801//2825 1797//2825
f 1732//2826 1802//2826 1663//2826
f 1663//1205 1802//1205 1803//1205
f 1663//2827 1803//2827 1798//2827
f 1798//1205 1803//1205 1804//1205
f 1798//1205 1804//1205 1805//1205
f 1806//2828 1807//2828 1808//2828
f 1809//1205 1810//1205 1811//1205
f 1811//1205 1810//1205 1812//1205
f 1811//1205 1812//1205 1813//1205
f 1813//1205 1812//1205 1814//1205
f 1813//2829 1814//2829 1815//2829
f 1815//2830 1814//2830 1728//2830
f 1815//2831 1728//2831 1816//2831
f 1816//1205 1728//1205 1727//1205
f 1809//1205 1817//1205 1810//1205
f 1810//1205 1817//1205 1818//1205
f 1810//2832 1818//2832 1808//2832
f 1808//2833 1818//2833 1819//2833
f 1808//2834 1819//2834 1806//2834
f 1816//2835 1820//2835 1815//2835
f 1815//1205 1820//1205 1821//1205
f 1815//2836 1821//2836 1822//2836
f 1822//1205 1821//1205 1823//1205
f 1822//2837 1823//2837 1824//2837
f 1824//1205 1823//1205 1825//1205
f 1826//1205 1827//1205 1828//1205
f 1828//1205 1827//1205 1829//1205
f 1828//1205 1829//1205 1823//1205
f 1823//2838 1829//2838 1830//2838
f 1823//1205 1830//1205 1825//1205
f 1688//1205 1689//1205 1650//1205
f 1650//2839 1689//2839 1691//2839
f 1650//1205 1691//1205 1653//1205
f 1653//1205 1691//1205 1698//1205
f 1653//2840 1698//2840 1720//2840
f 1720//2841 1698//2841 1719//2841
f 1831//2842 1405//2842 1423//2842
f 1831//2843 1832//2843 1405//2843
f 1405//2844 1832//2844 1833//2844
f 1405//2845 1833//2845 1406//2845
f 1833//2846 1834//2846 1406//2846
f 1406//2847 1834//2847 1835//2847
f 1406//2848 1835//2848 1408//2848
f 1835//2849 1836//2849 1408//2849
f 1408//2850 1836//2850 1837//2850
f 1408//2851 1837//2851 1409//2851
f 1837//2852 1838//2852 1409//2852
f 1409//2853 1838//2853 1839//2853
f 1409//2854 1839//2854 1410//2854
f 1839//2855 1840//2855 1410//2855
f 1410//2856 1840//2856 1841//2856
f 1410//2857 1841//2857 1412//2857
f 1841//2858 1842//2858 1412//2858
f 1412//2859 1842//2859 1843//2859
f 1412//2860 1843//2860 1413//2860
f 1843//2861 1844//2861 1413//2861
f 1413//2862 1844//2862 1845//2862
f 1413//2863 1845//2863 1403//2863
f 1845//2864 1846//2864 1403//2864
f 1403//2865 1846//2865 1847//2865
f 1403//2866 1847//2866 1404//2866
f 1847//2867 1848//2867 1404//2867
f 1404//2868 1848//2868 1849//2868
f 1404//2869 1849//2869 1400//2869
f 1849//2870 1850//2870 1400//2870
f 1400//2871 1850//2871 1851//2871
f 1400//2872 1851//2872 1401//2872
f 1851//2873 1852//2873 1401//2873
f 1401//2874 1852//2874 1853//2874
f 1401//2875 1853//2875 1423//2875
f 1423//2876 1853//2876 1854//2876
f 1423//2877 1854//2877 1831//2877
f 1660//2878 1852//2878 1658//2878
f 1658//2879 1852//2879 1851//2879
f 1658//2880 1851//2880 1656//2880
f 1851//2881 1850//2881 1656//2881
f 1656//2882 1850//2882 1849//2882
f 1656//2883 1849//2883 1668//2883
f 1849//2884 1848//2884 1668//2884
f 1668//2885 1848//2885 1847//2885
f 1668//2886 1847//2886 1666//2886
f 1666//2887 1847//2887 1846//2887
f 1666//2888 1846//2888 1664//2888
f 1846//2889 1845//2889 1664//2889
f 1664//2890 1845//2890 1844//2890
f 1664//2891 1844//2891 1661//2891
f 1661//2892 1844//2892 1843//2892
f 1661//2893 1843//2893 1662//2893
f 1843//2894 1842//2894 1662//2894
f 1662//2895 1842//2895 1841//2895
f 1662//2896 1841//2896 1669//2896
f 1841//2897 1840//2897 1669//2897
f 1669//2898 1840//2898 1839//2898
f 1669//2899 1839//2899 1670//2899
f 1670//2900 1839//2900 1838//2900
f 1670//2901 1838//2901 1671//2901
f 1838//2902 1837//2902 1671//2902
f 1671//2903 1837//2903 1836//2903
f 1671//2904 1836//2904 1654//2904
f 1654//2905 1836//2905 1835//2905
f 1654//2906 1835//2906 1655//2906
f 1835//2907 1834//2907 1655//2907
f 1655//2908 1834//2908 1833//2908
f 1655//2909 1833//2909 1651//2909
f 1833//2910 1832//2910 1651//2910
f 1651//2911 1832//2911 1831//2911
f 1651//2912 1831//2912 1652//2912
f 1652//2913 1831//2913 1854//2913
f 1652//2914 1854//2914 1660//2914
f 1660//2915 1854//2915 1853//2915
f 1660//2916 1853//2916 1852//2916
f 1855//2917 1420//2917 1418//2917
f 1855//2918 1856//2918 1420//2918
f 1420//2919 1856//2919 1857//2919
f 1420//2920 1857//2920 1421//2920
f 1857//2921 1858//2921 1421//2921
f 1421//2922 1858//2922 1859//2922
f 1421//2923 1859//2923 1414//2923
f 1859//2924 1860//2924 1414//2924
f 1414//2850 1860//2850 1861//2850
f 1414//2925 1861//2925 1415//2925
f 1861//2852 1862//2852 1415//2852
f 1415//2926 1862//2926 1863//2926
f 1415//2927 1863//2927 1422//2927
f 1863//2928 1864//2928 1422//2928
f 1422//2929 1864//2929 1865//2929
f 1422//2930 1865//2930 1424//2930
f 1865//2931 1866//2931 1424//2931
f 1424//2932 1866//2932 1867//2932
f 1424//2933 1867//2933 1425//2933
f 1867//2934 1868//2934 1425//2934
f 1425//2935 1868//2935 1869//2935
f 1425//2936 1869//2936 1426//2936
f 1869//2937 1870//2937 1426//2937
f 1426//2865 1870//2865 1871//2865
f 1426//2938 1871//2938 1428//2938
f 1871//2867 1872//2867 1428//2867
f 1428//2939 1872//2939 1873//2939
f 1428//2940 1873//2940 1430//2940
f 1873//2870 1874//2870 1430//2870
f 1430//2941 1874//2941 1875//2941
f 1430//2942 1875//2942 1431//2942
f 1875//2943 1876//2943 1431//2943
f 1431//2944 1876//2944 1877//2944
f 1431//2945 1877//2945 1418//2945
f 1418//2946 1877//2946 1878//2946
f 1418//2947 1878//2947 1855//2947
f 1782//2948 1876//2948 1789//2948
f 1789//2949 1876//2949 1875//2949
f 1789//2950 1875//2950 1787//2950
f 1875//2951 1874//2951 1787//2951
f 1787//2952 1874//2952 1873//2952
f 1787//2953 1873//2953 1784//2953
f 1873//2954 1872//2954 1784//2954
f 1784//2955 1872//2955 1871//2955
f 1784//2956 1871//2956 1785//2956
f 1785//2957 1871//2957 1870//2957
f 1785//2958 1870//2958 1786//2958
f 1870//2959 1869//2959 1786//2959
f 1786//2960 1869//2960 1868//2960
f 1786//2891 1868//2891 1783//2891
f 1783//2961 1868//2961 1867//2961
f 1783//2893 1867//2893 1774//2893
f 1867//2962 1866//2962 1774//2962
f 1774//2963 1866//2963 1865//2963
f 1774//2964 1865//2964 1775//2964
f 1865//2965 1864//2965 1775//2965
f 1775//2966 1864//2966 1863//2966
f 1775//2967 1863//2967 1778//2967
f 1778//2968 1863//2968 1862//2968
f 1778//2969 1862//2969 1777//2969
f 1862//2970 1861//2970 1777//2970
f 1777//2971 1861//2971 1860//2971
f 1777//2972 1860//2972 1776//2972
f 1860//2973 1859//2973 1776//2973
f 1776//2974 1859//2974 1858//2974
f 1776//2975 1858//2975 1779//2975
f 1779//2976 1858//2976 1857//2976
f 1779//2977 1857//2977 1780//2977
f 1857//2978 1856//2978 1780//2978
f 1780//2979 1856//2979 1855//2979
f 1780//2980 1855//2980 1781//2980
f 1781//2981 1855//2981 1878//2981
f 1781//2982 1878//2982 1782//2982
f 1782//2983 1878//2983 1877//2983
f 1782//2984 1877//2984 1876//2984
f 1879//2985 1507//2985 1505//2985
f 1879//2986 1880//2986 1507//2986
f 1507//2987 1880//2987 1881//2987
f 1507//2988 1881//2988 1509//2988
f 1881//2989 1882//2989 1509//2989
f 1509//2990 1882//2990 1883//2990
f 1509//2991 1883//2991 1510//2991
f 1883//2992 1884//2992 1510//2992
f 1510//2993 1884//2993 1885//2993
f 1510//2994 1885//2994 1511//2994
f 1885//2852 1886//2852 1511//2852
f 1511//2995 1886//2995 1887//2995
f 1511//2996 1887//2996 1499//2996
f 1887//2997 1888//2997 1499//2997
f 1499//2998 1888//2998 1889//2998
f 1499//2999 1889//2999 1500//2999
f 1889//3000 1890//3000 1500//3000
f 1500//3001 1890//3001 1891//3001
f 1500//3002 1891//3002 1501//3002
f 1891//3003 1892//3003 1501//3003
f 1501//3004 1892//3004 1893//3004
f 1501//3005 1893//3005 1495//3005
f 1893//3006 1894//3006 1495//3006
f 1495//3007 1894//3007 1895//3007
f 1495//3008 1895//3008 1496//3008
f 1895//3009 1896//3009 1496//3009
f 1496//3010 1896//3010 1897//3010
f 1496//3011 1897//3011 1502//3011
f 1897//3012 1898//3012 1502//3012
f 1502//3013 1898//3013 1899//3013
f 1502//3014 1899//3014 1503//3014
f 1899//3015 1900//3015 1503//3015
f 1503//3016 1900//3016 1901//3016
f 1503//3017 1901//3017 1505//3017
f 1505//3018 1901//3018 1902//3018
f 1505//3019 1902//3019 1879//3019
f 1680//3020 1900//3020 1679//3020
f 1679//3021 1900//3021 1899//3021
f 1679//3022 1899//3022 1685//3022
f 1899//3023 1898//3023 1685//3023
f 1685//3024 1898//3024 1897//3024
f 1685//3025 1897//3025 1686//3025
f 1897//3026 1896//3026 1686//3026
f 1686//3027 1896//3027 1895//3027
f 1686//3028 1895//3028 1687//3028
f 1687//3029 1895//3029 1894//3029
f 1687//3030 1894//3030 1688//3030
f 1894//3031 1893//3031 1688//3031
f 1688//3032 1893//3032 1892//3032
f 1688//3033 1892//3033 1689//3033
f 1689//3034 1892//3034 1891//3034
f 1689//3035 1891//3035 1690//3035
f 1891//3036 1890//3036 1690//3036
f 1690//3037 1890//3037 1889//3037
f 1690//3038 1889//3038 1692//3038
f 1889//3039 1888//3039 1692//3039
f 1692//3040 1888//3040 1887//3040
f 1692//3041 1887//3041 1693//3041
f 1693//3042 1887//3042 1886//3042
f 1693//3043 1886//3043 1694//3043
f 1886//3044 1885//3044 1694//3044
f 1694//3045 1885//3045 1884//3045
f 1694//3046 1884//3046 1676//3046
f 1884//3047 1883//3047 1676//3047
f 1676//3048 1883//3048 1882//3048
f 1676//3049 1882//3049 1674//3049
f 1674//3050 1882//3050 1881//3050
f 1674//3051 1881//3051 1672//3051
f 1881//3052 1880//3052 1672//3052
f 1672//3053 1880//3053 1879//3053
f 1672//3054 1879//3054 1682//3054
f 1682//3055 1879//3055 1902//3055
f 1682//3056 1902//3056 1680//3056
f 1680//3057 1902//3057 1901//3057
f 1680//3058 1901//3058 1900//3058
f 1903//3059 1526//3059 1524//3059
f 1903//3060 1904//3061 1526//3062
f 1526//3063 1904//3063 1905//3063
f 1526//3064 1905//3064 1527//3064
f 1905//3065 1906//3065 1527//3065
f 1527//3066 1906//3067 1907//3066
f 1527//3068 1907//3068 1529//3068
f 1907//3069 1908//3069 1529//3069
f 1529//3070 1908//3070 1909//3070
f 1529//3071 1909//3071 1530//3071
f 1909//3072 1910//3072 1530//3072
f 1530//3073 1910//3073 1911//3073
f 1530//3074 1911//3074 1525//3074
f 1911//2928 1912//2928 1525//2928
f 1525//3075 1912//3075 1913//3075
f 1525//3076 1913//3076 1520//3076
f 1913//3077 1914//3077 1520//3077
f 1520//3078 1914//3078 1915//3078
f 1520//3079 1915//3079 1521//3079
f 1915//2934 1916//2934 1521//2934
f 1521//3080 1916//3080 1917//3080
f 1521//3081 1917//3081 1522//3081
f 1917//3082 1918//3082 1522//3082
f 1522//3007 1918//3007 1919//3007
f 1522//3083 1919//3083 1518//3083
f 1919//3084 1920//3084 1518//3084
f 1518//3010 1920//3010 1921//3010
f 1518//3085 1921//3085 1519//3085
f 1921//3086 1922//3086 1519//3086
f 1519//3087 1922//3087 1923//3087
f 1519//3088 1923//3088 1523//3088
f 1923//2943 1924//2943 1523//2943
f 1523//3089 1924//3089 1925//3090
f 1523//3091 1925//3091 1524//3091
f 1524//2946 1925//2946 1926//2946
f 1524//2947 1926//2947 1903//2947
f 1769//3092 1924//3092 1752//3092
f 1752//3093 1924//3093 1923//3093
f 1752//3094 1923//3094 1753//3094
f 1923//3095 1922//3095 1753//3095
f 1753//3096 1922//3096 1921//3096
f 1753//3097 1921//3097 1754//3097
f 1921//3098 1920//3098 1754//3098
f 1754//3099 1920//3099 1919//3099
f 1754//3100 1919//3100 1755//3100
f 1755//3101 1919//3101 1918//3101
f 1755//3102 1918//3102 1750//3102
f 1918//3103 1917//3103 1750//3103
f 1750//3104 1917//3104 1916//3104
f 1750//3105 1916//3105 1751//3105
f 1751//3106 1916//3106 1915//3106
f 1751//3107 1915//3107 1756//3107
f 1915//3108 1914//3108 1756//3108
f 1756//3109 1914//3109 1913//3109
f 1756//3110 1913//3110 1757//3110
f 1913//3111 1912//3111 1757//3111
f 1757//3112 1912//3112 1911//3112
f 1757//3113 1911//3113 1759//3113
f 1759//3114 1911//3114 1910//3114
f 1759//3115 1910//3115 1761//3115
f 1910//3116 1909//3116 1761//3116
f 1761//3117 1909//3117 1908//3117
f 1761//3118 1908//3118 1763//3118
f 1908//3119 1907//3119 1763//3119
f 1763//3120 1907//3120 1906//3120
f 1763//3121 1906//3121 1765//3121
f 1765//3122 1906//3122 1905//3122
f 1765//3123 1905//3123 1767//3123
f 1905//3124 1904//3124 1767//3124
f 1767//3125 1904//3125 1903//3125
f 1767//3126 1903//3126 1768//3126
f 1768//3127 1903//3127 1926//3127
f 1768//3128 1926//3128 1769//3128
f 1769//3129 1926//3129 1925//3129
f 1769//3130 1925//3130 1924//3130
f 1927//3131 1450//3131 1444//3131
f 1927//3132 1928//3132 1450//3132
f 1450//3133 1928//3133 1929//3133
f 1450//3134 1929//3134 1456//3134
f 1929//3135 1930//3135 1456//3135
f 1456//2990 1930//2990 1931//2990
f 1456//3068 1931//3068 1457//3068
f 1931//3136 1932//3136 1457//3136
f 1457//3070 1932//3070 1933//3070
f 1457//3137 1933//3137 1458//3137
f 1933//3072 1934//3072 1458//3072
f 1458//3138 1934//3138 1935//3138
f 1458//3139 1935//3139 1459//3139
f 1935//2855 1936//2855 1459//2855
f 1459//3140 1936//3140 1937//3140
f 1459//3141 1937//3141 1460//3141
f 1937//3142 1938//3142 1460//3142
f 1460//3143 1938//3143 1939//3143
f 1460//3144 1939//3144 1461//3144
f 1939//2861 1940//2861 1461//2861
f 1461//3145 1940//3145 1941//3145
f 1461//3146 1941//3146 1455//3146
f 1941//3147 1942//3147 1455//3147
f 1455//3007 1942//3007 1943//3007
f 1455//3148 1943//3148 1454//3148
f 1943//3084 1944//3084 1454//3084
f 1454//3149 1944//3149 1945//3149
f 1454//3150 1945//3150 1452//3150
f 1945//3086 1946//3086 1452//3086
f 1452//3013 1946//3013 1947//3013
f 1452//3151 1947//3151 1443//3151
f 1947//2873 1948//2873 1443//2873
f 1443//2874 1948//2874 1949//2874
f 1443//3152 1949//3152 1444//3152
f 1444//2876 1949//2876 1950//2876
f 1444//2877 1950//2877 1927//2877
f 1696//3153 1948//3153 1697//3153
f 1697//3154 1948//3154 1947//3154
f 1697//3155 1947//3155 1707//3155
f 1947//3156 1946//3156 1707//3156
f 1707//3157 1946//3157 1945//3157
f 1707//3158 1945//3158 1708//3158
f 1945//3159 1944//3159 1708//3159
f 1708//3160 1944//3160 1943//3160
f 1708//3161 1943//3161 1710//3161
f 1710//3162 1943//3162 1942//3162
f 1710//3163 1942//3163 1711//3163
f 1942//3164 1941//3164 1711//3164
f 1711//3165 1941//3165 1940//3165
f 1711//3166 1940//3166 1712//3166
f 1712//3167 1940//3167 1939//3167
f 1712//3107 1939//3107 1713//3107
f 1939//3168 1938//3168 1713//3168
f 1713//3169 1938//3169 1937//3169
f 1713//3170 1937//3170 1715//3170
f 1937//2897 1936//2897 1715//2897
f 1715//3171 1936//3171 1935//3171
f 1715//3172 1935//3172 1716//3172
f 1716//3173 1935//3173 1934//3173
f 1716//3174 1934//3174 1705//3174
f 1934//3175 1933//3175 1705//3175
f 1705//3176 1933//3176 1932//3176
f 1705//3177 1932//3177 1703//3177
f 1703//3178 1932//3178 1931//3178
f 1703//3179 1931//3179 1701//3179
f 1931//3180 1930//3180 1701//3180
f 1701//3181 1930//3181 1929//3181
f 1701//3182 1929//3182 1699//3182
f 1929//3183 1928//3183 1699//3183
f 1699//3184 1928//3184 1927//3184
f 1699//3185 1927//3185 1695//3185
f 1695//3186 1927//3186 1950//3186
f 1695//3187 1950//3187 1696//3187
f 1696//3188 1950//3188 1949//3188
f 1696//3189 1949//3189 1948//3189
f 1951//3190 1553//3190 1554//3190
f 1951//3191 1952//3191 1553//3191
f 1553//3192 1952//3192 1953//3192
f 1553//3193 1953//3193 1556//3193
f 1953//2989 1954//2989 1556//2989
f 1556//3194 1954//3194 1955//3194
f 1556//3195 1955//3195 1557//3195
f 1955//3196 1956//3196 1557//3196
f 1557//3197 1956//3197 1957//3197
f 1557//2994 1957//2994 1558//2994
f 1957//3198 1958//3198 1558//3198
f 1558//3199 1958//3199 1959//3199
f 1558//3200 1959//3200 1549//3200
f 1959//3201 1960//3201 1549//3201
f 1549//3202 1960//3202 1961//3202
f 1549//3203 1961//3203 1550//3203
f 1961//3204 1962//3204 1550//3204
f 1550//3205 1962//3205 1963//3205
f 1550//3206 1963//3206 1551//3206
f 1963//3207 1964//3207 1551//3207
f 1551//3208 1964//3208 1965//3208
f 1551//3209 1965//3209 1552//3209
f 1965//3210 1966//3210 1552//3210
f 1552//3211 1966//3211 1967//3211
f 1552//3008 1967//3008 1547//3008
f 1967//3212 1968//3212 1547//3212
f 1547//3213 1968//3213 1969//3213
f 1547//3214 1969//3214 1548//3214
f 1969//3215 1970//3215 1548//3215
f 1548//3013 1970//3013 1971//3013
f 1548//3216 1971//3216 1555//3216
f 1971//3217 1972//3217 1555//3217
f 1555//3218 1972//3218 1973//3218
f 1555//3219 1973//3219 1554//3219
f 1554//3220 1973//3220 1974//3220
f 1554//3221 1974//3221 1951//3221
f 1721//3222 1972//3222 1729//3222
f 1729//3223 1972//3223 1971//3223
f 1729//3224 1971//3224 1730//3224
f 1971//3225 1970//3225 1730//3225
f 1730//3226 1970//3226 1969//3226
f 1730//3227 1969//3227 1731//3227
f 1969//3228 1968//3228 1731//3228
f 1731//3229 1968//3229 1967//3229
f 1731//3230 1967//3230 1733//3230
f 1733//3231 1967//3231 1966//3231
f 1733//3232 1966//3232 1736//3232
f 1966//3233 1965//3233 1736//3233
f 1736//3234 1965//3234 1964//3234
f 1736//3235 1964//3235 1737//3235
f 1737//3236 1964//3236 1963//3236
f 1737//3035 1963//3035 1738//3035
f 1963//3237 1962//3237 1738//3237
f 1738//3238 1962//3238 1961//3238
f 1738//3239 1961//3239 1740//3239
f 1961//3240 1960//3240 1740//3240
f 1740//3241 1960//3241 1959//3241
f 1740//3242 1959//3242 1723//3242
f 1723//3243 1959//3243 1958//3243
f 1723//3244 1958//3244 1722//3244
f 1958//3245 1957//3245 1722//3245
f 1722//3246 1957//3246 1956//3246
f 1722//3247 1956//3247 1717//3247
f 1717//3248 1956//3248 1955//3248
f 1717//3249 1955//3249 1718//3249
f 1955//3250 1954//3250 1718//3250
f 1718//3251 1954//3251 1953//3251
f 1718//3252 1953//3252 1719//3252
f 1953//3253 1952//3253 1719//3253
f 1719//3254 1952//3254 1951//3254
f 1719//3255 1951//3255 1720//3255
f 1720//3256 1951//3256 1974//3256
f 1720//3257 1974//3257 1721//3257
f 1721//3258 1974//3258 1973//3258
f 1721//3259 1973//3259 1972//3259
f 1975//3260 1976//3260 1977//3260
f 1975//3261 1978//3261 1976//3261
f 1976//3262 1978//3262 1979//3262
f 1976//3263 1979//3263 1980//3263
f 1979//3264 1981//3264 1980//3264
f 1980//3265 1981//3265 1982//3265
f 1980//3266 1982//3266 1983//3266
f 1982//3267 1984//3267 1983//3267
f 1983//3268 1984//3268 1985//3268
f 1983//3269 1985//3269 1986//3269
f 1985//3270 1987//3270 1986//3270
f 1986//3271 1987//3271 1988//3271
f 1986//3272 1988//3272 1989//3272
f 1988//3273 1990//3273 1989//3273
f 1989//3274 1990//3274 1991//3274
f 1989//3275 1991//3275 1992//3275
f 1991//3276 1993//3276 1992//3276
f 1992//3277 1993//3277 1994//3277
f 1992//3278 1994//3278 1995//3278
f 1994//3279 1996//3279 1995//3279
f 1995//3280 1996//3280 1997//3280
f 1995//3281 1997//3281 1998//3281
f 1997//3282 1999//3282 1998//3282
f 1998//3283 1999//3283 2000//3283
f 1998//3284 2000//3284 2001//3284
f 2000//3285 2002//3285 2001//3285
f 2001//3286 2002//3286 2003//3286
f 2001//3287 2003//3287 2004//3287
f 2003//3288 2005//3288 2004//3288
f 2004//3289 2005//3289 2006//3289
f 2004//3290 2006//3290 2007//3290
f 2006//3291 2008//3291 2007//3291
f 2007//3292 2008//3292 2009//3292
f 2007//3293 2009//3293 1977//3293
f 1977//3294 2009//3294 2010//3294
f 1977//3295 2010//3295 1975//3295
f 1803//3296 2008//3296 1804//3296
f 1804//3297 2008//3297 2006//3297
f 1804//3298 2006//3298 1805//3298
f 1805//3299 2006//3299 2005//3299
f 1805//3300 2005//3300 2011//3300
f 2011//3301 2005//3301 2003//3301
f 2011//3302 2003//3302 2012//3302
f 2012//3303 2003//3303 2002//3303
f 2012//3304 2002//3304 2013//3304
f 2013//3305 2002//3305 2000//3305
f 2013//3306 2000//3306 2014//3306
f 2014//3307 2000//3307 1999//3307
f 2014//3308 1999//3308 2015//3308
f 2015//3309 1999//3309 1807//3309
f 1807//3310 1999//3310 1997//3310
f 1807//3311 1997//3311 1808//3311
f 1808//3312 1997//3312 1996//3312
f 1808//3313 1996//3313 1810//3313
f 1810//3314 1996//3314 1994//3314
f 1810//3315 1994//3315 1812//3315
f 1994//3316 1993//3316 1812//3316
f 1812//3317 1993//3317 1991//3317
f 1812//3318 1991//3318 1814//3318
f 1991//3319 1990//3319 1814//3319
f 1814//3320 1990//3320 1988//3320
f 1814//3321 1988//3321 1728//3321
f 1728//3322 1988//3322 1987//3322
f 1728//3323 1987//3323 1726//3323
f 1987//3324 1985//3324 1726//3324
f 1726//3325 1985//3325 1984//3325
f 1726//3326 1984//3326 1724//3326
f 1724//3327 1984//3327 1982//3327
f 1724//3328 1982//3328 1734//3328
f 1982//3329 1981//3329 1734//3329
f 1734//3330 1981//3330 1979//3330
f 1734//3331 1979//3331 1732//3331
f 1979//3332 1978//3332 1732//3332
f 1732//3333 1978//3333 1975//3333
f 1732//3334 1975//3334 1802//3334
f 1802//3335 1975//3335 2010//3335
f 1802//3336 2010//3336 1803//3336
f 1803//3337 2010//3337 2009//3337
f 1803//3338 2009//3338 2008//3338
f 2016//3339 2017//3339 2018//3339
f 2016//3340 2019//3340 2017//3340
f 2017//3341 2019//3341 2020//3341
f 2017//3342 2020//3342 2021//3342
f 2020//3343 2022//3343 2021//3343
f 2021//3265 2022//3265 2023//3265
f 2021//3266 2023//3266 2024//3266
f 2023//3267 2025//3267 2024//3267
f 2024//3344 2025//3344 2026//3344
f 2024//3345 2026//3345 2027//3345
f 2026//3346 2028//3346 2027//3346
f 2027//3347 2028//3347 2029//3347
f 2027//3348 2029//3348 2030//3348
f 2029//3349 2031//3349 2030//3349
f 2030//3350 2031//3350 2032//3350
f 2030//3351 2032//3351 2033//3351
f 2032//3352 2034//3352 2033//3352
f 2033//3353 2034//3353 2035//3353
f 2033//3354 2035//3354 2036//3354
f 2035//3355 2037//3355 2036//3355
f 2036//3356 2037//3356 2038//3356
f 2036//3357 2038//3357 2039//3357
f 2038//3282 2040//3282 2039//3282
f 2039//3358 2040//3358 2041//3358
f 2039//3359 2041//3359 2042//3359
f 2041//3360 2043//3360 2042//3360
f 2042//3361 2043//3361 2044//3361
f 2042//3362 2044//3362 2045//3362
f 2044//3288 2046//3288 2045//3288
f 2045//3363 2046//3363 2047//3363
f 2045//3364 2047//3364 2048//3364
f 2047//3291 2049//3291 2048//3291
f 2048//3365 2049//3365 2050//3365
f 2048//3366 2050//3366 2018//3366
f 2018//3294 2050//3294 2051//3294
f 2018//3367 2051//3367 2016//3367
f 2052//3368 2053//3368 2026//3368
f 2026//3369 2053//3369 2028//3369
f 1739//3370 2049//3370 1735//3370
f 1735//3371 2049//3371 2047//3371
f 1735//3372 2047//3372 1725//3372
f 2047//3373 2046//3373 1725//3373
f 1725//3374 2046//3374 2044//3374
f 1725//3375 2044//3375 1727//3375
f 2044//3376 2043//3376 1727//3376
f 1727//3377 2043//3377 2041//3377
f 1727//3378 2041//3378 1816//3378
f 1816//3379 2041//3379 2040//3379
f 1816//3380 2040//3380 1820//3380
f 2040//3381 2038//3381 1820//3381
f 1820//3382 2038//3382 2037//3382
f 1820//3383 2037//3383 1821//3383
f 1821//3384 2037//3384 2035//3384
f 1821//3035 2035//3035 1823//3035
f 2035//3385 2034//3385 1823//3385
f 1823//3386 2034//3386 2032//3386
f 1823//3387 2032//3387 1828//3387
f 2053//3388 2054//3388 2028//3388
f 2028//3389 2054//3389 1826//3389
f 2028//3390 1826//3390 2029//3390
f 2029//3391 1826//3391 1828//3391
f 2029//3392 1828//3392 2031//3392
f 2031//3393 1828//3393 2032//3393
f 2052//3394 2026//3394 2055//3394
f 2055//3395 2026//3395 2025//3395
f 2055//3396 2025//3396 2056//3396
f 2056//3397 2025//3397 2023//3397
f 2056//3398 2023//3398 1742//3398
f 1742//3399 2023//3399 2022//3399
f 1742//3400 2022//3400 1743//3400
f 1743//3401 2022//3401 2020//3401
f 1743//3402 2020//3402 1749//3402
f 2020//3403 2019//3403 1749//3403
f 1749//3404 2019//3404 2016//3404
f 1749//3405 2016//3405 1748//3405
f 1748//3406 2016//3406 2051//3406
f 1748//3407 2051//3407 1739//3407
f 1739//3408 2051//3408 2050//3408
f 1739//3409 2050//3409 2049//3409
f 1569//3410 1570//3410 2057//3410
f 2057//3411 1570//3411 2058//3411
f 2058//3412 2059//3412 2057//3412
f 2057//3413 2059//3413 2060//3413
f 2057//3414 2060//3414 2061//3414
f 2061//3415 2060//3415 2062//3415
f 2061//3416 2062//3416 2063//3416
f 2063//3417 2062//3417 2064//3417
f 1572//3418 1571//3418 2065//3418
f 2065//3419 1571//3419 2063//3419
f 2065//3420 2063//3420 2066//3420
f 2066//3421 2063//3421 2064//3421
f 1640//3422 1639//3422 2067//3422
f 2067//3423 1639//3423 2068//3423
f 2068//3424 2069//3424 2067//3424
f 2067//3425 2069//3425 2070//3425
f 2067//3426 2070//3426 2071//3426
f 2071//3427 2070//3427 2072//3427
f 2071//3428 2072//3428 2073//3428
f 2073//3429 2072//3429 2074//3429
f 1644//3430 1643//3430 2075//3430
f 2075//3431 1643//3431 2073//3431
f 2075//3432 2073//3432 2076//3432
f 2076//3433 2073//3433 2074//3433
f 1646//3434 2077//3434 1645//3434
f 1645//3435 2077//3435 2078//3435
f 2077//3436 2079//3436 2078//3436
f 2078//3437 2079//3437 2080//3437
f 2078//3438 2080//3438 2081//3438
f 2080//3439 2082//3439 2081//3439
f 2081//3440 2082//3440 2083//3440
f 2081//3441 2083//3441 2084//3441
f 2084//3442 2083//3442 2085//3442
f 2084//3443 2085//3443 2086//3443
f 1564//3444 1563//3444 2087//3444
f 2087//3445 1563//3445 2086//3445
f 2087//3446 2086//3446 2088//3446
f 2088//3447 2086//3447 2085//3447
f 1566//3448 2089//3448 1565//3448
f 1565//3449 2089//3449 2090//3449
f 2089//3450 2091//3450 2090//3450
f 2090//3451 2091//3451 2092//3451
f 2090//3452 2092//3452 2093//3452
f 2092//3453 2094//3453 2093//3453
f 2093//3454 2094//3454 2095//3454
f 2093//3455 2095//3455 2096//3455
f 2096//3456 2095//3456 2097//3456
f 2096//3457 2097//3457 2098//3457
f 1568//3458 1567//3458 2099//3458
f 2099//3459 1567//3459 2098//3459
f 2099//3460 2098//3460 2100//3460
f 2100//3461 2098//3461 2097//3461
f 2101//3462 2102//3462 2103//3462
f 2102//3463 1564//3463 2087//3463
f 1807//3464 2104//3464 2105//3464
f 1807//3465 2105//3465 2015//3465
f 2015//3466 2105//3466 2106//3466
f 2015//3467 2106//3467 2014//3467
f 2102//3468 2087//3468 2103//3468
f 2103//3469 2087//3469 2088//3469
f 2103//3470 2088//3470 2107//3470
f 2088//3471 2085//3471 2107//3471
f 2107//3472 2085//3472 2083//3472
f 2107//3473 2083//3473 2108//3473
f 2108//3474 2083//3474 2082//3474
f 2108//3475 2082//3475 2109//3475
f 2109//3476 2082//3476 2080//3476
f 2109//3477 2080//3477 2110//3477
f 2110//3478 2080//3478 2079//3478
f 2110//3479 2079//3479 2111//3479
f 2111//3480 2079//3480 2077//3480
f 2111//3481 2077//3481 1646//3481
f 2112//3482 2113//3482 2114//3482
f 2114//3483 2113//3483 2101//3483
f 2101//3484 2103//3484 2114//3484
f 2114//3485 2103//3485 2107//3485
f 2114//3486 2107//3486 2115//3486
f 2115//3487 2107//3487 2108//3487
f 2115//3488 2108//3488 2116//3488
f 2116//3489 2108//3489 2109//3489
f 2116//3490 2109//3490 2117//3490
f 2117//3491 2109//3491 2110//3491
f 2117//3492 2110//3492 2118//3492
f 2118//3493 2110//3493 2111//3493
f 2118//3494 2111//3494 2119//3494
f 2120//3495 2121//3495 2112//3495
f 1646//3496 2122//3496 2111//3496
f 2111//3497 2122//3497 2123//3497
f 2111//3498 2123//3498 2119//3498
f 2119//3499 2123//3499 2124//3499
f 2119//3500 2124//3500 2125//3500
f 2112//3501 2114//3501 2120//3501
f 2120//3502 2114//3502 2115//3502
f 2120//3503 2115//3503 2126//3503
f 2126//3504 2115//3504 2116//3504
f 2126//3505 2116//3505 2127//3505
f 2127//3506 2116//3506 2117//3506
f 2127//3507 2117//3507 2128//3507
f 2128//3508 2117//3508 2118//3508
f 2128//3509 2118//3509 2104//3509
f 2104//3510 2118//3510 2119//3510
f 2104//3511 2119//3511 2105//3511
f 2105//3512 2119//3512 2125//3512
f 2105//3513 2125//3513 2106//3513
f 1807//3514 1806//3514 2104//3514
f 2104//3515 1806//3515 1819//3515
f 2104//3516 1819//3516 2128//3516
f 2128//3517 1819//3517 1818//3517
f 2128//3518 1818//3518 2127//3518
f 2127//3519 1818//3519 1817//3519
f 2127//3520 1817//3520 2126//3520
f 2126//3521 1817//3521 1809//3521
f 2126//3522 1809//3522 2120//3522
f 2120//3523 1809//3523 1811//3523
f 2120//3524 1811//3524 2121//3524
f 1798//3525 1805//3525 2129//3525
f 2129//3526 1805//3526 2011//3526
f 2129//3527 2011//3527 2130//3527
f 2014//3528 2106//3528 2013//3528
f 2013//3529 2106//3529 2125//3529
f 2013//3530 2125//3530 2012//3530
f 1646//3531 1644//3531 2122//3531
f 2122//3532 1644//3532 2131//3532
f 2122//3533 2131//3533 2123//3533
f 2123//3533 2131//3533 2132//3533
f 2123//3534 2132//3534 2124//3534
f 2124//3535 2132//3535 2133//3535
f 2124//3536 2133//3536 2125//3536
f 2125//3537 2133//3537 2130//3537
f 2125//3538 2130//3538 2012//3538
f 2012//3539 2130//3539 2011//3539
f 1822//3540 2134//3540 1815//3540
f 1815//3541 2134//3541 2135//3541
f 1815//3542 2135//3542 1813//3542
f 1566//3543 1564//3543 2136//3543
f 2136//3544 1564//3544 2102//3544
f 2136//3545 2102//3545 2137//3545
f 2137//3546 2102//3546 2101//3546
f 2137//3547 2101//3547 2138//3547
f 2138//3548 2101//3548 2113//3548
f 2138//3549 2113//3549 2135//3549
f 2135//3550 2113//3550 2112//3550
f 2135//3551 2112//3551 1813//3551
f 1813//3552 2112//3552 2121//3552
f 1813//3553 2121//3553 1811//3553
f 2139//3554 1799//3554 1798//3554
f 1667//3555 1665//3555 2140//3555
f 2140//3556 1665//3556 2141//3556
f 2140//3557 2141//3557 2142//3557
f 2142//3558 2141//3558 2143//3558
f 2142//3559 2143//3559 2144//3559
f 2144//3560 2143//3560 2145//3560
f 2144//3561 2145//3561 1639//3561
f 1797//3562 1801//3562 2146//3562
f 2146//3563 1801//3563 2147//3563
f 2146//3564 2147//3564 2148//3564
f 2148//3565 2147//3565 2149//3565
f 2148//3566 2149//3566 2150//3566
f 2150//3567 2149//3567 2151//3567
f 1801//3568 1800//3568 2147//3568
f 2147//3569 1800//3569 2152//3569
f 2147//3570 2152//3570 2149//3570
f 2149//3571 2152//3571 2153//3571
f 2149//3572 2153//3572 2151//3572
f 2151//3573 2153//3573 2154//3573
f 1798//3574 2129//3574 2139//3574
f 2139//3575 2129//3575 2130//3575
f 2139//3576 2130//3576 2155//3576
f 2155//3577 2130//3577 2133//3577
f 2155//3578 2133//3578 2156//3578
f 2156//3579 2133//3579 2132//3579
f 2156//3580 2132//3580 2131//3580
f 2070//3581 2069//3581 2145//3581
f 2145//3582 2069//3582 2068//3582
f 2145//3583 2068//3583 1639//3583
f 2154//3584 2072//3584 2151//3584
f 2151//3585 2072//3585 2070//3585
f 2151//3586 2070//3586 2150//3586
f 2150//3587 2070//3587 2145//3587
f 2150//3588 2145//3588 2148//3588
f 2148//3589 2145//3589 2143//3589
f 2148//3590 2143//3590 2146//3590
f 2146//3591 2143//3591 2141//3591
f 2146//3592 2141//3592 1797//3592
f 1797//3593 2141//3593 1665//3593
f 2075//3594 2076//3594 2154//3594
f 2154//3595 2076//3595 2074//3595
f 2154//3596 2074//3596 2072//3596
f 1800//3597 1799//3597 2152//3597
f 2152//3598 1799//3598 2139//3598
f 2152//3599 2139//3599 2153//3599
f 2153//3600 2139//3600 2155//3600
f 2153//3601 2155//3601 2154//3601
f 2154//3602 2155//3602 2156//3602
f 2154//3603 2156//3603 2075//3603
f 2075//3604 2156//3604 2131//3604
f 2075//3605 2131//3605 1644//3605
f 2157//3606 2158//3606 2159//3606
f 2158//3607 1568//3607 2099//3607
f 2158//3608 2099//3608 2159//3608
f 2159//3609 2099//3609 2100//3609
f 2159//3610 2100//3610 2160//3610
f 2100//3611 2097//3611 2160//3611
f 2160//3612 2097//3612 2095//3612
f 2160//3613 2095//3613 2161//3613
f 2161//3614 2095//3614 2094//3614
f 2161//3615 2094//3615 2162//3615
f 2162//3616 2094//3616 2092//3616
f 2162//3617 2092//3617 2163//3617
f 2163//3618 2092//3618 2091//3618
f 2163//3619 2091//3619 2164//3619
f 2164//3620 2091//3620 2089//3620
f 2164//3621 2089//3621 1566//3621
f 2165//3622 2166//3622 2167//3622
f 2167//3623 2166//3623 2157//3623
f 2157//3624 2159//3624 2167//3624
f 2167//3625 2159//3625 2160//3625
f 2167//3626 2160//3626 2168//3626
f 2168//3627 2160//3627 2161//3627
f 2168//3628 2161//3628 2169//3628
f 2169//3629 2161//3629 2162//3629
f 2169//3630 2162//3630 2170//3630
f 2170//3631 2162//3631 2163//3631
f 2170//3632 2163//3632 2171//3632
f 2171//3633 2163//3633 2164//3633
f 2171//3634 2164//3634 2172//3634
f 2054//3635 2053//3635 2173//3635
f 2173//3636 2053//3636 2174//3636
f 2173//3637 2174//3637 2165//3637
f 1566//3638 2136//3638 2164//3638
f 2164//3639 2136//3639 2137//3639
f 2164//3640 2137//3640 2172//3640
f 2172//3641 2137//3641 2138//3641
f 2172//3642 2138//3642 2135//3642
f 2165//3643 2167//3643 2173//3643
f 2173//3644 2167//3644 2168//3644
f 2173//3645 2168//3645 2175//3645
f 2175//3646 2168//3646 2169//3646
f 2175//3647 2169//3647 2176//3647
f 2176//3648 2169//3648 2170//3648
f 2176//3649 2170//3649 2177//3649
f 2177//3650 2170//3650 2171//3650
f 2177//3651 2171//3651 2178//3651
f 2178//3652 2171//3652 2172//3652
f 2178//3653 2172//3653 2179//3653
f 2179//3654 2172//3654 2135//3654
f 2179//3655 2135//3655 2134//3655
f 2054//3656 2173//3656 1826//3656
f 1826//3657 2173//3657 2175//3657
f 1826//3658 2175//3658 1827//3658
f 1827//3659 2175//3659 2176//3659
f 1827//3660 2176//3660 1829//3660
f 1829//3661 2176//3661 2177//3661
f 1829//3662 2177//3662 1830//3662
f 1830//3663 2177//3663 2178//3663
f 1830//3664 2178//3664 1825//3664
f 1825//3665 2178//3665 2179//3665
f 1825//3666 2179//3666 1824//3666
f 1824//3667 2179//3667 2134//3667
f 1824//3668 2134//3668 1822//3668
f 1667//3669 2140//3669 2180//3669
f 2140//3670 2142//3670 2181//3670
f 2142//3671 2144//3671 2182//3671
f 1636//3672 2183//3672 1638//3672
f 1638//3673 2183//3673 2184//3673
f 1638//3674 2184//3674 1642//3674
f 1642//3675 2184//3675 2182//3675
f 1642//3676 2182//3676 1641//3676
f 1641//3677 2182//3677 2144//3677
f 1641//3678 2144//3678 1639//3678
f 1636//3679 1634//3679 2183//3679
f 2183//3680 1634//3680 1633//3680
f 2183//3681 1633//3681 2185//3681
f 2185//3682 1633//3682 1629//3682
f 2185//3683 1629//3683 2186//3683
f 2186//3684 1629//3684 1631//3684
f 2186//3685 1631//3685 2187//3685
f 2187//3686 1631//3687 1632//3687
f 1632//3688 1628//3688 2187//3688
f 2187//3689 1628//3689 1626//3689
f 2187//3690 1626//3690 2188//3690
f 1626//3691 1624//3691 2188//3691
f 2188//3692 1624//3692 1623//3692
f 2188//3693 1623//3693 2189//3693
f 2189//3694 1623//3694 1619//3694
f 2189//3695 1619//3695 2190//3695
f 2190//3696 1619//3696 1621//3696
f 2190//3697 1621//3697 2191//3697
f 2191//3698 1621//3698 1622//3698
f 1622//3699 1617//3699 2191//3699
f 2191//3700 1617//3700 1616//3700
f 2191//3701 1616//3701 2192//3701
f 2192//3702 1616//3702 1612//3702
f 2192//3703 1612//3703 2193//3703
f 1612//3704 1614//3704 2193//3704
f 2193//3705 1614//3705 1615//3705
f 2193//3706 1615//3706 2194//3706
f 1615//3707 1611//3707 2194//3707
f 2194//3708 1611//3708 1609//3708
f 2194//3709 1609//3709 2195//3709
f 1609//3710 1607//3710 2195//3710
f 2195//3711 1607//3711 1606//3711
f 2195//3712 1606//3712 2196//3712
f 2196//3713 1606//3713 1602//3713
f 2196//3714 1602//3714 2197//3714
f 2197//3715 1602//3715 1604//3715
f 2197//3716 1604//3716 2198//3716
f 2198//3717 1604//3717 1605//3717
f 1605//3718 1601//3718 2198//3718
f 2198//3719 1601//3719 1599//3719
f 2198//3720 1599//3720 2199//3720
f 1599//3721 1597//3721 2199//3721
f 2199//3722 1597//3722 1596//3722
f 2199//3723 1596//3723 2200//3723
f 2200//3724 1596//3724 1595//3724
f 2200//3725 1595//3725 2201//3725
f 2201//3726 1595//3726 1594//3726
f 2201//3727 1594//3727 2202//3727
f 2202//3728 1594//3728 1592//3728
f 1592//3729 1590//3729 2202//3729
f 2202//3730 1590//3730 1589//3730
f 2202//3731 1589//3731 2203//3731
f 2203//3732 1589//3732 1585//3732
f 2203//3733 1585//3733 2204//3733
f 1585//3734 1587//3734 2204//3734
f 2204//3735 1587//3735 1588//3735
f 2204//3736 1588//3736 2205//3736
f 1588//3737 1584//3737 2205//3737
f 2205//3738 1584//3738 1582//3738
f 2205//3739 1582//3739 2206//3739
f 1582//3740 1580//3740 2206//3740
f 2206//3741 1580//3741 1579//3741
f 2206//3742 1579//3742 2207//3742
f 2207//3743 1579//3743 1575//3743
f 2207//3744 1575//3744 2208//3744
f 2208//3745 1575//3745 1577//3745
f 2208//3746 1577//3746 2209//3746
f 2209//3747 1577//3747 1578//3747
f 1578//3748 1574//3748 2209//3748
f 2209//3749 1574//3749 1572//3749
f 2209//3750 1572//3750 2210//3750
f 2142//3751 2182//3751 2181//3751
f 2181//3752 2182//3752 2184//3752
f 2181//3753 2184//3753 2211//3753
f 2211//3754 2184//3754 2183//3754
f 2211//3755 2183//3755 2212//3755
f 2212//3756 2183//3756 2185//3756
f 2212//3757 2185//3757 2213//3757
f 2213//3758 2185//3758 2186//3758
f 2213//3759 2186//3759 2214//3759
f 2214//3760 2186//3760 2187//3760
f 2214//3761 2187//3761 2215//3761
f 2215//3762 2187//3762 2188//3762
f 2215//3763 2188//3763 2216//3763
f 2216//3764 2188//3764 2189//3764
f 2216//3765 2189//3765 2217//3765
f 2217//3766 2189//3766 2190//3766
f 2217//3767 2190//3767 2218//3767
f 2218//3768 2190//3768 2191//3768
f 2218//3769 2191//3769 2219//3769
f 2219//3770 2191//3770 2192//3770
f 2219//3771 2192//3771 2220//3771
f 2220//3772 2192//3772 2193//3772
f 2220//3773 2193//3773 2221//3773
f 2221//3774 2193//3774 2194//3774
f 2221//3775 2194//3775 2222//3775
f 2222//3776 2194//3776 2195//3776
f 2222//3777 2195//3777 2223//3777
f 2223//3778 2195//3778 2196//3778
f 2223//3779 2196//3779 2224//3779
f 2224//3780 2196//3780 2197//3780
f 2224//3781 2197//3781 2225//3781
f 2225//3782 2197//3782 2198//3782
f 2225//3783 2198//3783 2226//3783
f 2226//3784 2198//3784 2199//3784
f 2226//3785 2199//3785 2227//3785
f 2227//3786 2199//3786 2200//3786
f 2227//3787 2200//3787 2228//3787
f 2228//3788 2200//3788 2201//3788
f 2228//3789 2201//3789 2229//3789
f 2229//3790 2201//3790 2202//3790
f 2229//3791 2202//3791 2230//3791
f 2230//3792 2202//3792 2203//3792
f 2230//3793 2203//3793 2231//3793
f 2231//3794 2203//3794 2204//3794
f 2231//3795 2204//3795 2232//3795
f 2232//3796 2204//3796 2205//3796
f 2232//3797 2205//3797 2233//3797
f 2233//3798 2205//3798 2206//3798
f 2233//3799 2206//3799 2234//3799
f 2234//3800 2206//3800 2207//3800
f 2234//3801 2207//3801 2235//3801
f 2235//3802 2207//3802 2208//3802
f 2235//3803 2208//3803 2236//3803
f 2236//3804 2208//3804 2209//3804
f 2236//3805 2209//3805 2237//3805
f 2237//3806 2209//3806 2210//3806
f 2237//3807 2210//3807 2238//3807
f 2140//3808 2181//3808 2180//3808
f 2180//3809 2181//3809 2211//3809
f 2180//3810 2211//3810 2239//3810
f 2239//3811 2211//3811 2212//3811
f 2239//3812 2212//3812 2240//3812
f 2240//3813 2212//3813 2213//3813
f 2240//3814 2213//3814 2241//3814
f 2241//3815 2213//3815 2214//3815
f 2241//3816 2214//3816 2242//3816
f 2242//3817 2214//3817 2215//3817
f 2242//3818 2215//3818 2243//3818
f 2243//3819 2215//3819 2216//3819
f 2243//3820 2216//3820 2244//3820
f 2244//3821 2216//3821 2217//3821
f 2244//3822 2217//3822 2245//3822
f 2245//3823 2217//3823 2218//3823
f 2245//3824 2218//3824 2246//3824
f 2246//3825 2218//3825 2219//3825
f 2246//3826 2219//3826 2247//3826
f 2247//3827 2219//3827 2220//3827
f 2247//3828 2220//3828 2248//3828
f 2248//3829 2220//3829 2221//3829
f 2248//3830 2221//3830 2249//3830
f 2249//3831 2221//3831 2222//3831
f 2249//3832 2222//3832 2250//3832
f 2250//3833 2222//3833 2223//3833
f 2250//3834 2223//3834 2251//3834
f 2251//3835 2223//3835 2224//3835
f 2251//3836 2224//3836 2252//3836
f 2252//3837 2224//3837 2225//3837
f 2252//3838 2225//3838 2253//3838
f 2253//3839 2225//3839 2226//3839
f 2253//3840 2226//3840 2254//3840
f 2254//3841 2226//3841 2227//3841
f 2254//3842 2227//3842 2255//3842
f 2255//3843 2227//3843 2228//3843
f 2255//3844 2228//3844 2256//3844
f 2256//3845 2228//3845 2229//3845
f 2256//3846 2229//3846 2257//3846
f 2257//3847 2229//3847 2230//3847
f 2257//3848 2230//3848 2258//3848
f 2258//3849 2230//3849 2231//3849
f 2258//3850 2231//3850 2259//3850
f 2259//3851 2231//3851 2232//3851
f 2259//3852 2232//3852 2260//3852
f 2260//3853 2232//3853 2233//3853
f 2260//3854 2233//3854 2261//3854
f 2261//3855 2233//3855 2234//3855
f 2261//3856 2234//3856 2262//3856
f 2262//3857 2234//3857 2235//3857
f 2262//3858 2235//3858 2263//3858
f 2263//3859 2235//3859 2236//3859
f 2263//3860 2236//3860 2264//3860
f 2264//3861 2236//3861 2237//3861
f 2264//3862 2237//3862 2265//3862
f 2265//3863 2237//3863 2238//3863
f 2265//3864 2238//3864 2266//3864
f 1667//3865 2180//3865 1795//3865
f 1795//3866 2180//3866 2239//3866
f 1795//3867 2239//3867 1796//3867
f 1796//3868 2239//3868 2240//3868
f 1796//3869 2240//3869 1792//3869
f 1792//3870 2240//3870 2241//3870
f 1792//3871 2241//3871 1793//3871
f 1793//3872 2241//3872 2242//3872
f 1793//3873 2242//3873 1794//3873
f 1794//3874 2242//3874 2243//3874
f 1794//3875 2243//3875 1788//3875
f 1788//3876 2243//3876 2244//3876
f 1788//3877 2244//3877 1790//3877
f 1790//3878 2244//3878 2245//3878
f 1790//3879 2245//3879 1791//3879
f 1791//3880 2245//3880 2246//3880
f 1791//3881 2246//3881 1771//3881
f 1771//3882 2246//3882 2247//3882
f 1771//3883 2247//3883 1772//3883
f 1772//3884 2247//3884 2248//3884
f 1772//3885 2248//3885 1773//3885
f 1773//3886 2248//3886 2249//3886
f 1773//3887 2249//3887 1678//3887
f 1678//3888 2249//3888 2250//3888
f 1678//3889 2250//3889 1681//3889
f 1681//3890 2250//3890 2251//3890
f 1681//3891 2251//3891 1683//3891
f 1683//3892 2251//3892 2252//3892
f 1683//3893 2252//3893 1684//3893
f 1684//3894 2252//3894 2253//3894
f 1684//3895 2253//3895 1673//3895
f 1673//3896 2253//3896 2254//3896
f 1673//3897 2254//3897 1675//3897
f 1675//3898 2254//3898 2255//3898
f 1675//3899 2255//3899 1770//3899
f 1770//3900 2255//3900 2256//3900
f 1770//3901 2256//3901 1647//3901
f 1647//3902 2256//3902 2257//3902
f 1647//3903 2257//3903 1648//3903
f 1648//3904 2257//3904 2258//3904
f 1648//3905 2258//3905 1766//3905
f 1766//3906 2258//3906 2259//3906
f 1766//3907 2259//3907 1764//3907
f 1764//3908 2259//3908 2260//3908
f 1764//3909 2260//3909 1762//3909
f 1762//3910 2260//3910 2261//3910
f 1762//3911 2261//3911 1760//3911
f 1760//3912 2261//3912 2262//3912
f 1760//3913 2262//3913 1758//3913
f 1758//3914 2262//3914 2263//3914
f 1758//3915 2263//3915 1700//3915
f 1700//3916 2263//3916 2264//3916
f 1700//3917 2264//3917 1702//3917
f 1702//3918 2264//3918 2265//3918
f 1702//3919 2265//3919 1704//3919
f 1704//3920 2265//3920 2266//3920
f 1704//3921 2266//3921 1706//3921
f 2055//3922 2056//3922 2267//3922
f 2053//3923 2052//3923 2174//3923
f 2174//3924 2052//3924 2165//3924
f 1742//3925 1741//3925 2056//3925
f 2056//3926 1741//3926 2268//3926
f 2056//3927 2268//3927 2267//3927
f 2052//3928 2055//3928 2165//3928
f 2165//3929 2055//3929 2267//3929
f 2165//3930 2267//3930 2166//3930
f 2166//3931 2267//3931 2269//3931
f 2166//3932 2269//3932 2157//3932
f 2157//3933 2269//3933 2270//3933
f 2157//3934 2270//3934 2158//3934
f 2158//3934 2270//3934 2271//3934
f 2158//3935 2271//3935 1568//3935
f 1568//3936 2271//3936 1570//3936
f 1741//3937 1747//3937 2268//3937
f 2268//3938 1747//3938 2272//3938
f 1570//3939 2271//3939 2273//3939
f 2273//3940 2271//3940 2270//3940
f 2273//3941 2270//3941 2274//3941
f 2274//3942 2270//3942 2269//3942
f 2274//3943 2269//3943 2272//3943
f 2272//3944 2269//3944 2267//3944
f 2272//3945 2267//3945 2268//3945
f 1746//3946 1745//3946 2275//3946
f 2275//3947 1745//3947 2276//3947
f 2275//3948 2276//3948 2277//3948
f 2277//3949 2276//3949 2278//3949
f 2277//3950 2278//3950 2279//3950
f 2279//3951 2278//3951 2280//3951
f 1745//3952 1744//3952 2276//3952
f 2276//3953 1744//3953 2281//3953
f 2276//3954 2281//3954 2278//3954
f 2278//3955 2281//3955 2282//3955
f 2278//3956 2282//3956 2280//3956
f 2280//3957 2282//3957 2283//3957
f 1714//3958 1706//3958 2284//3958
f 2284//3959 1706//3959 2266//3959
f 2284//3960 2266//3960 2285//3960
f 2285//3961 2266//3961 2238//3961
f 2285//3962 2238//3962 2286//3962
f 2286//3963 2238//3963 2210//3963
f 2060//3964 2059//3964 2273//3964
f 2273//3965 2059//3965 2058//3965
f 2273//3966 2058//3966 1570//3966
f 2283//3967 2062//3967 2280//3967
f 2280//3968 2062//3968 2060//3968
f 2280//3969 2060//3969 2279//3969
f 2279//3970 2060//3970 2273//3970
f 2279//3971 2273//3971 2277//3971
f 2277//3972 2273//3972 2274//3972
f 2277//3973 2274//3973 2275//3973
f 2275//3974 2274//3974 2272//3974
f 2275//3975 2272//3975 1746//3975
f 1746//3976 2272//3976 1747//3976
f 2065//3977 2066//3977 2283//3977
f 2283//3978 2066//3978 2064//3978
f 2283//3979 2064//3979 2062//3979
f 1744//3980 1714//3980 2281//3980
f 2281//3981 1714//3981 2284//3981
f 2281//3982 2284//3982 2282//3982
f 2282//3983 2284//3983 2285//3983
f 2282//3984 2285//3984 2283//3984
f 2283//3985 2285//3985 2286//3985
f 2283//3986 2286//3986 2065//3986
f 2065//3987 2286//3987 2210//3987
f 2065//3988 2210//3988 1572//3988
f 1392//3989 1565//3989 2090//3989
f 1392//3990 2090//3990 1393//3990
f 1393//3991 2090//3991 2093//3991
f 1393//3992 2093//3992 1386//3992
f 1386//3993 2093//3993 2096//3993
f 1386//3994 2096//3994 1387//3994
f 1387//3995 2096//3995 2098//3995
f 1387//3996 2098//3996 1380//3996
f 1380//3997 2098//3997 1567//3997
f 1380//3998 1567//3998 1382//3998
f 1569//3999 1384//3999 1567//3999
f 1567//4000 1384//4000 1382//4000
f 1565//4001 1392//4001 1390//4001
f 1390//4002 1364//4002 1565//4002
f 1565//4003 1364//4003 1363//4003
f 1565//4004 1363//4004 1563//4004
f 1563//4005 1363//4005 1481//4005
f 1571//4006 1370//4006 2063//4006
f 2063//4007 1370//4007 1369//4007
f 2063//4008 1369//4008 2061//4008
f 2061//4009 1369//4009 1463//4009
f 2061//4010 1463//4010 2057//4010
f 2057//4011 1463//4011 1462//4011
f 2057//4012 1462//4012 1569//4012
f 1569//4013 1462//4013 1384//4013
f 1488//4014 1645//4014 2078//4014
f 1488//4015 2078//4015 1489//4015
f 1489//4016 2078//4016 2081//4016
f 1489//4017 2081//4017 1475//4017
f 1475//4018 2081//4018 2084//4018
f 1475//4019 2084//4019 1484//4019
f 1484//4020 2084//4020 2086//4020
f 1484//4021 2086//4021 1483//4021
f 1483//4022 2086//4022 1563//4022
f 1483//4023 1563//4023 1481//4023
f 1581//4024 1448//4024 1576//4024
f 1576//4025 1448//4025 1447//4025
f 1576//4026 1447//4026 1573//4026
f 1573//4027 1447//4027 1451//4027
f 1573//4028 1451//4028 1571//4028
f 1571//4029 1451//4029 1370//4029
f 1528//4030 1439//4030 1581//4030
f 1581//4031 1439//4031 1441//4031
f 1581//4032 1441//4032 1448//4032
f 1581//4033 1583//4033 1528//4033
f 1528//4034 1583//4034 1586//4034
f 1528//4035 1586//4035 1515//4035
f 1515//4036 1586//4036 1591//4036
f 1515//4037 1591//4037 1516//4037
f 1516//4038 1591//4038 1593//4038
f 1516//4039 1593//4039 1517//4039
f 1517//4040 1593//4040 1598//4040
f 1517//4041 1598//4041 1514//4041
f 1514//4042 1598//4042 1600//4042
f 1514//4043 1600//4043 1508//4043
f 1508//4044 1600//4044 1603//4044
f 1508//4045 1603//4045 1506//4045
f 1506//4046 1603//4046 1608//4046
f 1506//4047 1608//4047 1504//4047
f 1504//4048 1608//4048 1610//4048
f 1504//4049 1610//4049 1497//4049
f 1497//4050 1610//4050 1613//4050
f 1497//4051 1613//4051 1492//4051
f 1492//4052 1613//4052 1618//4052
f 1492//4053 1618//4053 1493//4053
f 1493//4054 1618//4054 1620//4054
f 1493//4055 1620//4055 1494//4055
f 1494//4056 1620//4056 1625//4056
f 1494//4057 1625//4057 1429//4057
f 1429//4058 1625//4058 1627//4058
f 1429//4059 1627//4059 1427//4059
f 1427//4060 1627//4060 1630//4060
f 1427//4061 1630//4061 1397//4061
f 1397//4062 1630//4062 1635//4062
f 1397//4063 1635//4063 1398//4063
f 1398//4064 1635//4064 1637//4064
f 1398//4065 1637//4065 1399//4065
f 1399//4066 1637//4066 1640//4066
f 1399//4067 1640//4067 1402//4067
f 1487//4068 1643//4068 1488//4068
f 1488//4069 1643//4069 1645//4069
f 1643//4070 1487//4070 2073//4070
f 2073//4071 1487//4071 1486//4071
f 2073//4072 1486//4072 2071//4072
f 2071//4073 1486//4073 1485//4073
f 2071//4074 1485//4074 2067//4074
f 2067//4075 1485//4075 1490//4075
f 2067//4076 1490//4076 1640//4076
f 1640//4077 1490//4077 1402//4077
f 1983//4078 2287//4078 1980//4078
f 1980//1231 2287//1231 2288//1231
f 1980//1231 2288//1231 1976//1231
f 1976//1231 2288//1231 2289//1231
f 1976//1231 2289//1231 1977//1231
f 1977//1231 2289//1231 2290//1231
f 1977//1231 2290//1231 2007//1231
f 2007//1231 2290//1231 2291//1231
f 2007//4079 2291//4079 2004//4079
f 2004//1231 2291//1231 2292//1231
f 2004//4080 2292//4080 2001//4080
f 2292//4081 2293//4081 2001//4081
f 2001//1231 2293//1231 2294//1231
f 2001//4082 2294//4082 1998//4082
f 1998//4083 2294//4083 2295//4083
f 1998//1231 2295//1231 1995//1231
f 1995//1231 2295//1231 2296//1231
f 1995//1231 2296//1231 1992//1231
f 1992//1231 2296//1231 2297//1231
f 1992//1231 2297//1231 1989//1231
f 1989//1231 2297//1231 2298//1231
f 1989//1231 2298//1231 1986//1231
f 1986//1231 2298//1231 2299//1231
f 1986//1231 2299//1231 1983//1231
f 1983//4084 2299//4084 2300//4084
f 1983//1231 2300//1231 2287//1231
f 1471//4085 2301//4085 1472//4085
f 1472//4086 2301//4086 2302//4086
f 1472//4087 2302//4087 1467//4087
f 1467//4088 2302//4088 2303//4088
f 1467//4089 2303//4089 1465//4089
f 1465//1230 2303//1230 2304//1230
f 1465//1230 2304//1230 1464//1230
f 1464//4090 2304//4090 2305//4090
f 1464//4091 2305//4091 1479//4091
f 1479//4092 2305//4092 2306//4092
f 1479//4093 2306//4093 1480//4093
f 1480//4094 2306//4094 2307//4094
f 1480//4095 2307//4095 1482//4095
f 1482//4096 2307//4096 2308//4096
f 1482//4097 2308//4097 1473//4097
f 1473//4098 2308//4098 2309//4098
f 1473//4099 2309//4099 1474//4099
f 1474//4100 2309//4100 2310//4100
f 1474//4101 2310//4101 1476//4101
f 1476//1203 2310//1203 2311//1203
f 1476//1203 2311//1203 1477//1203
f 1477//4102 2311//4102 2312//4102
f 1477//4103 2312//4103 1478//4103
f 1478//4104 2312//4104 2313//4104
f 1478//4105 2313//4105 1469//4105
f 1469//4106 2313//4106 2314//4106
f 1469//4107 2314//4107 1471//4107
f 1471//4108 2314//4108 2301//4108
f 2024//1231 2315//1231 2021//1231
f 2021//4109 2315//4109 2316//4109
f 2021//1231 2316//1231 2017//1231
f 2017//1231 2316//1231 2317//1231
f 2017//1231 2317//1231 2018//1231
f 2018//1231 2317//1231 2318//1231
f 2018//1231 2318//1231 2048//1231
f 2048//1231 2318//1231 2319//1231
f 2048//1231 2319//1231 2045//1231
f 2045//1231 2319//1231 2320//1231
f 2045//1231 2320//1231 2042//1231
f 2320//1231 2321//1231 2042//1231
f 2042//1231 2321//1231 2322//1231
f 2042//4110 2322//4110 2039//4110
f 2039//4111 2322//4111 2323//4111
f 2039//1231 2323//1231 2036//1231
f 2036//1231 2323//1231 2324//1231
f 2036//1231 2324//1231 2033//1231
f 2033//1231 2324//1231 2325//1231
f 2033//1231 2325//1231 2030//1231
f 2030//1231 2325//1231 2326//1231
f 2030//1231 2326//1231 2027//1231
f 2027//1231 2326//1231 2327//1231
f 2027//1231 2327//1231 2024//1231
f 2024//1231 2327//1231 2328//1231
f 2024//1231 2328//1231 2315//1231
f 1375//4112 2329//4112 1376//4112
f 1376//4113 2329//4113 2330//4113
f 1376//4114 2330//4114 1378//4114
f 1378//4115 2330//4115 2331//4115
f 1378//4116 2331//4116 1383//4116
f 1383//1230 2331//1230 2332//1230
f 1383//1230 2332//1230 1381//1230
f 1381//4117 2332//4117 2333//4117
f 1381//4118 2333//4118 1379//4118
f 1379//4119 2333//4119 2334//4119
f 1379//4120 2334//4120 1385//4120
f 1385//4094 2334//4094 2335//4094
f 1385//4121 2335//4121 1391//4121
f 1391//4122 2335//4122 2336//4122
f 1391//4123 2336//4123 1389//4123
f 1389//4124 2336//4124 2337//4124
f 1389//4125 2337//4125 1388//4125
f 1388//4100 2337//4100 2338//4100
f 1388//4101 2338//4101 1394//4101
f 1394//1203 2338//1203 2339//1203
f 1394//1203 2339//1203 1395//1203
f 1395//4102 2339//4102 2340//4102
f 1395//4103 2340//4103 1372//4103
f 1372//4126 2340//4126 2341//4126
f 1372//4127 2341//4127 1373//4127
f 1373//4128 2341//4128 2342//4128
f 1373//4129 2342//4129 1375//4129
f 1375//4108 2342//4108 2329//4108
f 2342//4130 2317//4130 2329//4130
f 2329//4131 2317//4131 2316//4131
f 2329//4132 2316//4132 2330//4132
f 2330//4133 2316//4133 2315//4133
f 2330//4134 2315//4134 2331//4134
f 2331//4135 2315//4135 2328//4135
f 2331//4136 2328//4136 2332//4136
f 2332//4137 2328//4137 2327//4137
f 2332//4138 2327//4138 2333//4138
f 2333//4139 2327//4139 2326//4139
f 2333//4140 2326//4140 2334//4140
f 2334//4141 2326//4141 2325//4141
f 2334//4142 2325//4142 2335//4142
f 2335//4143 2325//4143 2324//4143
f 2335//4144 2324//4144 2336//4144
f 2336//4145 2324//4145 2323//4145
f 2336//4146 2323//4146 2337//4146
f 2337//4147 2323//4147 2322//4147
f 2337//4148 2322//4148 2338//4148
f 2338//4149 2322//4149 2321//4149
f 2338//4150 2321//4150 2339//4150
f 2339//4151 2321//4151 2320//4151
f 2339//4152 2320//4152 2340//4152
f 2340//4153 2320//4153 2319//4153
f 2340//4154 2319//4154 2341//4154
f 2341//4155 2319//4155 2318//4155
f 2341//4156 2318//4156 2342//4156
f 2342//4157 2318//4157 2317//4157
f 2314//4158 2289//4158 2301//4158
f 2301//4159 2289//4159 2288//4159
f 2301//4160 2288//4160 2302//4160
f 2302//4161 2288//4161 2287//4161
f 2302//4162 2287//4162 2303//4162
f 2303//4163 2287//4163 2300//4163
f 2303//4164 2300//4164 2304//4164
f 2304//4165 2300//4165 2299//4165
f 2304//4166 2299//4166 2305//4166
f 2305//4167 2299//4167 2298//4167
f 2305//4168 2298//4168 2306//4168
f 2306//4169 2298//4169 2297//4169
f 2306//4170 2297//4170 2307//4170
f 2307//4171 2297//4171 2296//4171
f 2307//4172 2296//4172 2308//4172
f 2308//4173 2296//4173 2295//4173
f 2308//4174 2295//4174 2309//4174
f 2309//4175 2295//4175 2294//4175
f 2309//4176 2294//4176 2310//4176
f 2310//4177 2294//4178 2293//4179
f 2310//4180 2293//4180 2311//4180
f 2311//4181 2293//4181 2292//4182
f 2311//4183 2292//4183 2312//4183
f 2312//4184 2292//4184 2291//4184
f 2312//4185 2291//4185 2313//4185
f 2313//4186 2291//4186 2290//4186
f 2313//4187 2290//4187 2314//4187
f 2314//4157 2290//4157 2289//4157
f 1437//4188 2343//4188 1438//4188
f 1438//4189 2343//4189 2344//4189
f 1438//4190 2344//4190 1440//4190
f 1440//4191 2344//4191 2345//4191
f 1440//4191 2345//4191 1442//4191
f 1442//4192 2345//4192 2346//4192
f 1442//4192 2346//4192 1446//4192
f 1446//4193 2346//4193 2347//4193
f 1446//4194 2347//4194 1449//4194
f 1449//4195 2347//4195 2348//4195
f 1449//4195 2348//4195 1445//4195
f 1445//4196 2348//4196 2349//4196
f 1445//4196 2349//4196 1531//4196
f 1531//4197 2349//4197 2350//4197
f 1531//4198 2350//4198 1532//4198
f 1532//4199 2350//4199 2351//4199
f 1532//4199 2351//4199 1433//4199
f 1433//4200 2351//4200 2352//4200
f 1433//4200 2352//4200 1435//4200
f 1435//4201 2352//4201 2353//4201
f 1435//4201 2353//4201 1436//4201
f 1436//4202 2353//4202 2354//4202
f 1436//4202 2354//4202 1437//4202
f 1437//4188 2354//4188 2343//4188
f 2355//1231 2356//1231 2357//1231
f 2357//1231 2356//1231 2358//1231
f 2357//1231 2358//1231 2359//1231
f 2360//1231 2361//1231 2357//1231
f 2357//4203 2361//4203 2362//4203
f 2357//4204 2362//4204 2355//4204
f 2363//1231 2364//1231 2357//1231
f 2357//1231 2364//1231 2365//1231
f 2357//1231 2365//1231 2360//1231
f 2359//1231 2366//1231 2357//1231
f 2357//4205 2366//4205 2367//4205
f 2357//4206 2367//4206 2363//4206
f 1542//4207 2368//4207 1544//4207
f 1544//4189 2368//4189 2369//4189
f 1544//4208 2369//4208 1533//4208
f 1533//4209 2369//4209 2370//4209
f 1533//4210 2370//4210 1534//4210
f 1534//4211 2370//4211 2371//4211
f 1534//4212 2371//4212 1536//4212
f 1536//4213 2371//4213 2372//4213
f 1536//4214 2372//4214 1537//4214
f 1537//4215 2372//4215 2373//4215
f 1537//4216 2373//4216 1538//4216
f 1538//4217 2373//4217 2374//4217
f 1538//4218 2374//4218 1539//4218
f 1539//4219 2374//4219 2375//4219
f 1539//4220 2375//4220 1366//4220
f 1366//4221 2375//4221 2376//4221
f 1366//4222 2376//4222 1367//4222
f 1367//4223 2376//4223 2377//4223
f 1367//4224 2377//4224 1540//4224
f 1540//4225 2377//4225 2378//4225
f 1540//4226 2378//4226 1541//4226
f 1541//4227 2378//4227 2379//4227
f 1541//4228 2379//4228 1542//4228
f 1542//4229 2379//4229 2368//4229
f 2380//4204 2381//4204 2382//4204
f 2382//1231 2381//1231 2383//1231
f 2382//1231 2383//1231 2384//1231
f 2385//4230 2386//4230 2382//4230
f 2382//4231 2386//4231 2387//4231
f 2382//4232 2387//4232 2380//4232
f 2388//4233 2389//4233 2382//4233
f 2382//1231 2389//1231 2390//1231
f 2382//1231 2390//1231 2385//1231
f 2384//4234 2391//4234 2382//4234
f 2382//4232 2391//4232 2392//4232
f 2382//4235 2392//4235 2388//4235
f 2379//4236 2389//4236 2368//4236
f 2368//4237 2389//4237 2388//4237
f 2368//4238 2388//4238 2369//4238
f 2369//4239 2388//4239 2392//4239
f 2369//4240 2392//4240 2370//4240
f 2370//4241 2392//4241 2391//4241
f 2370//4242 2391//4242 2371//4242
f 2371//4243 2391//4243 2384//4243
f 2371//4244 2384//4244 2372//4244
f 2372//4245 2384//4245 2383//4245
f 2372//4246 2383//4246 2373//4246
f 2373//4247 2383//4247 2381//4247
f 2373//4248 2381//4248 2374//4248
f 2374//4249 2381//4249 2380//4249
f 2374//4250 2380//4250 2375//4250
f 2375//4251 2380//4251 2387//4251
f 2375//4252 2387//4252 2376//4252
f 2376//4253 2387//4253 2386//4253
f 2376//4254 2386//4254 2377//4254
f 2377//4255 2386//4255 2385//4255
f 2377//4256 2385//4256 2378//4256
f 2378//4257 2385//4257 2390//4257
f 2378//4258 2390//4258 2379//4258
f 2379//4259 2390//4259 2389//4259
f 2354//4260 2364//4260 2343//4260
f 2343//4261 2364//4261 2363//4261
f 2343//4262 2363//4262 2344//4262
f 2344//4263 2363//4263 2367//4263
f 2344//4264 2367//4264 2345//4264
f 2345//4265 2367//4265 2366//4265
f 2345//4266 2366//4266 2346//4266
f 2346//4267 2366//4267 2359//4267
f 2346//4268 2359//4268 2347//4268
f 2347//4269 2359//4269 2358//4269
f 2347//4270 2358//4270 2348//4270
f 2348//4271 2358//4271 2356//4271
f 2348//4272 2356//4272 2349//4272
f 2349//4273 2356//4273 2355//4273
f 2349//4274 2355//4274 2350//4274
f 2350//4275 2355//4275 2362//4275
f 2350//4276 2362//4276 2351//4276
f 2351//4277 2362//4277 2361//4277
f 2351//4278 2361//4278 2352//4278
f 2352//4279 2361//4279 2360//4279
f 2352//4280 2360//4280 2353//4280
f 2353//4281 2360//4281 2365//4281
f 2353//4282 2365//4282 2354//4282
f 2354//4283 2365//4283 2364//4283
f 2393//1205 2394//1205 2395//1205
f 2393//4284 2395//4284 2396//4284
f 2396//1205 2395//1205 2397//1205
f 2396//1205 2397//1205 2398//1205
f 2398//4285 2397//4285 2399//4285
f 2398//1205 2399//1205 2400//1205
f 2400//4286 2399//4286 2401//4286
f 2400//1205 2401//1205 2402//1205
f 2401//1205 2403//1205 2402//1205
f 2402//1205 2403//1205 2404//1205
f 2402//1205 2404//1205 2405//1205
f 2405//1205 2404//1205 2406//1205
f 2405//1205 2406//1205 2407//1205
f 2408//1205 2409//1205 2410//1205
f 2410//4287 2409//4287 2411//4287
f 2412//1205 2413//1205 2414//1205
f 2414//4288 2413//4288 2415//4288
f 2414//4289 2415//4289 2416//4289
f 2417//1205 2418//1205 2419//1205
f 2419//4290 2418//4290 2420//4290
f 2419//1205 2420//1205 2421//1205
f 2421//1205 2420//1205 2422//1205
f 2421//1205 2422//1205 2412//1205
f 2412//4291 2422//4291 2423//4291
f 2412//1205 2423//1205 2413//1205
f 2424//1205 2425//1205 2426//1205
f 2426//1205 2425//1205 2427//1205
f 2426//4292 2427//4292 2428//4292
f 2428//4293 2427//4293 2429//4293
f 2428//1205 2429//1205 2430//1205
f 2430//1205 2429//1205 2431//1205
f 2431//1205 2429//1205 2432//1205
f 2431//1205 2432//1205 2433//1205
f 2433//1205 2432//1205 2434//1205
f 2433//4294 2434//4294 2435//4294
f 2435//1205 2434//1205 2436//1205
f 2435//4295 2436//4295 2406//4295
f 2406//4296 2436//4296 2437//4296
f 2406//1205 2437//1205 2407//1205
f 2407//4297 2437//4297 2438//4297
f 2407//4298 2438//4298 2439//4298
f 2440//4299 2441//4299 2442//4299
f 2442//4300 2441//4300 2443//4300
f 2409//1205 2444//1205 2445//1205
f 2445//1205 2444//1205 2446//1205
f 2447//1205 2448//1205 2449//1205
f 2449//4301 2448//4301 2450//4301
f 2451//1205 2452//1205 2453//1205
f 2453//4302 2452//4302 2454//4302
f 2453//1205 2454//1205 2411//1205
f 2411//4303 2454//4303 2455//4303
f 2411//1205 2455//1205 2410//1205
f 2456//1205 2457//1205 2458//1205
f 2458//4304 2457//4304 2459//4304
f 2458//4305 2459//4305 2417//4305
f 2417//4306 2459//4306 2460//4306
f 2417//4307 2460//4307 2418//4307
f 2424//4308 2461//4308 2462//4308
f 2462//4309 2461//4309 2463//4309
f 2443//4310 2464//4310 2442//4310
f 2442//4311 2464//4311 2465//4311
f 2442//1205 2465//1205 2444//1205
f 2444//4312 2465//4312 2466//4312
f 2444//4313 2466//4313 2446//4313
f 2394//4314 2444//4314 2395//4314
f 2395//1205 2444//1205 2409//1205
f 2395//1205 2409//1205 2467//1205
f 2467//1205 2409//1205 2408//1205
f 2442//1205 2448//1205 2440//1205
f 2440//1205 2448//1205 2447//1205
f 2440//1205 2447//1205 2462//1205
f 2462//1205 2447//1205 2468//1205
f 2462//1205 2468//1205 2424//1205
f 2424//4315 2468//4315 2469//4315
f 2424//1205 2469//1205 2425//1205
f 2450//4316 2448//4316 2470//4316
f 2470//4317 2448//4317 2471//4317
f 2470//1205 2471//1205 2438//1205
f 2438//1205 2471//1205 2472//1205
f 2438//4318 2472//4318 2439//4318
f 2415//1205 2473//1205 2416//1205
f 2416//4319 2473//4319 2474//4319
f 2416//4320 2474//4320 2475//4320
f 2475//1205 2474//1205 2476//1205
f 2475//1205 2476//1205 2451//1205
f 2451//1205 2476//1205 2477//1205
f 2451//4321 2477//4321 2452//4321
f 2463//1205 2478//1205 2462//1205
f 2462//4322 2478//4322 2479//4322
f 2462//1205 2479//1205 2456//1205
f 2456//4323 2479//4323 2480//4323
f 2456//4324 2480//4324 2457//4324
f 2481//144 2482//144 2483//144
f 2483//144 2482//144 2484//144
f 2485//1230 2486//1230 2487//1230
f 2487//1230 2486//1230 2488//1230
f 2489//4325 2490//4325 2491//4325
f 2492//4326 2493//4326 2494//4326
f 2495//4327 2496//4327 2497//4327
f 2497//4328 2496//4328 2498//4328
f 2497//4329 2498//4329 2499//4329
f 2500//4330 2501//4330 2502//4330
f 2502//4331 2501//4331 2503//4331
f 2502//4332 2503//4332 2504//4332
f 2504//4333 2503//4333 2505//4333
f 2504//4334 2505//4334 2498//4334
f 2498//4335 2505//4335 2506//4335
f 2498//4336 2506//4336 2499//4336
f 2500//4337 2502//4337 2507//4337
f 2507//4338 2502//4338 2508//4338
f 2507//4339 2508//4339 2509//4339
f 2494//4340 2493//4340 2508//4340
f 2508//4341 2493//4341 2510//4341
f 2508//4342 2510//4342 2509//4342
f 2492//4343 2494//4343 2511//4343
f 2511//4344 2494//4344 2512//4344
f 2511//4345 2512//4345 2513//4345
f 2513//4346 2512//4346 2514//4346
f 2514//4347 2512//4347 2515//4347
f 2514//4348 2515//4348 2516//4348
f 2516//4349 2515//4349 2517//4349
f 2517//4350 2515//4350 2518//4350
f 2517//4351 2518//4351 2519//4351
f 2519//4352 2518//4352 2520//4352
f 2520//4353 2518//4353 2521//4353
f 2520//4354 2521//4354 2522//4354
f 2522//4355 2521//4355 2523//4355
f 2523//4356 2521//4356 2524//4356
f 2523//4357 2524//4357 2525//4357
f 2525//4358 2524//4358 2526//4358
f 2526//4359 2524//4359 2527//4359
f 2526//4360 2527//4360 2528//4360
f 2528//4361 2527//4361 2529//4361
f 2529//4362 2527//4362 2530//4362
f 2529//4363 2530//4363 2531//4363
f 2532//4364 2533//4364 2534//4364
f 2534//4365 2533//4365 2535//4365
f 2534//4366 2535//4366 2536//4366
f 2536//4367 2535//4367 2537//4367
f 2536//4368 2537//4368 2530//4368
f 2530//4369 2537//4369 2538//4369
f 2530//4370 2538//4370 2531//4370
f 2532//4371 2534//4371 2539//4371
f 2539//4372 2534//4372 2540//4372
f 2539//4373 2540//4373 2541//4373
f 2491//4374 2490//4374 2540//4374
f 2540//4375 2490//4375 2542//4375
f 2540//4376 2542//4376 2541//4376
f 2489//4377 2491//4377 2543//4377
f 2543//4378 2491//4378 2544//4378
f 2543//4379 2544//4379 2545//4379
f 2545//4380 2544//4380 2546//4380
f 2546//4381 2544//4381 2547//4381
f 2546//4382 2547//4382 2548//4382
f 2548//4383 2547//4383 2549//4383
f 2549//4384 2547//4384 2550//4384
f 2549//4385 2550//4385 2551//4385
f 2552//1203 2553//1203 2554//1203
f 2554//1203 2553//1203 2555//1203
f 2556//1231 2557//1231 2558//1231
f 2558//1231 2557//1231 2559//1231
f 2560//4386 2561//4386 2562//4386
f 2563//4387 2564//4387 2565//4387
f 2566//4388 2562//4388 2567//4388
f 2567//1231 2562//1231 2564//1231
f 2557//1231 2568//1231 2569//1231
f 2569//1231 2568//1231 2570//1231
f 2569//4389 2570//4389 2571//4389
f 2561//4390 2572//4390 2562//4390
f 2562//4391 2572//4391 2573//4391
f 2562//4392 2573//4392 2574//4392
f 2575//1231 2576//1231 2577//1231
f 2578//1231 2579//1231 2567//1231
f 2580//4393 2581//4393 2582//4393
f 2582//1231 2581//1231 2583//1231
f 2582//1231 2583//1231 2584//1231
f 2584//1231 2583//1231 2585//1231
f 2584//1231 2585//1231 2586//1231
f 2578//1231 2567//1231 2587//1231
f 2588//1231 2589//1231 2590//1231
f 2590//1231 2589//1231 2591//1231
f 2590//4394 2591//4394 2577//4394
f 2577//1231 2591//1231 2592//1231
f 2577//1231 2592//1231 2575//1231
f 2559//1231 2557//1231 2593//1231
f 2593//4395 2557//4395 2569//4395
f 2593//1231 2569//1231 2567//1231
f 2567//1231 2569//1231 2594//1231
f 2567//1231 2594//1231 2587//1231
f 2595//1231 2596//1231 2597//1231
f 2597//1231 2596//1231 2598//1231
f 2597//1231 2598//1231 2574//1231
f 2574//1231 2598//1231 2599//1231
f 2574//1231 2599//1231 2562//1231
f 2562//1231 2599//1231 2600//1231
f 2562//1231 2600//1231 2564//1231
f 2564//1231 2600//1231 2601//1231
f 2564//4396 2601//4396 2565//4396
f 2579//1231 2602//1231 2567//1231
f 2567//4397 2602//4397 2603//4397
f 2567//4398 2603//4398 2566//4398
f 2571//1231 2604//1231 2569//1231
f 2569//1231 2604//1231 2605//1231
f 2569//4399 2605//4399 2606//4399
f 2606//4400 2605//4400 2607//4400
f 2606//4401 2607//4401 2608//4401
f 2560//1231 2562//1231 2609//1231
f 2609//4402 2562//4402 2610//4402
f 2609//1231 2610//1231 2611//1231
f 2611//1231 2612//1231 2609//1231
f 2609//4403 2612//4403 2613//4403
f 2609//1231 2613//1231 2614//1231
f 2614//1231 2613//1231 2615//1231
f 2614//1231 2615//1231 2616//1231
f 2617//4404 2618//4404 2619//4404
f 2619//4405 2618//4405 2620//4405
f 2619//4406 2620//4406 2585//4406
f 2585//4407 2620//4407 2621//4407
f 2585//1231 2621//1231 2586//1231
f 2608//1231 2622//1231 2606//1231
f 2606//4408 2622//4408 2623//4408
f 2606//1231 2623//1231 2624//1231
f 2624//4409 2623//4409 2625//4409
f 2624//1231 2625//1231 2626//1231
f 2588//1231 2590//1231 2580//1231
f 2580//1231 2590//1231 2627//1231
f 2580//4410 2627//4410 2581//4410
f 2581//4411 2627//4411 2628//4411
f 2581//4412 2628//4412 2629//4412
f 2563//4413 2565//4413 2630//4413
f 2630//4414 2565//4414 2631//4414
f 2630//1231 2631//1231 2629//1231
f 2629//4415 2631//4415 2632//4415
f 2629//4416 2632//4416 2581//4416
f 2551//4417 2550//4417 2633//4417
f 2633//4418 2550//4418 2634//4418
f 2633//4419 2634//4419 2635//4419
f 2635//4420 2634//4420 2636//4420
f 2636//4421 2634//4421 2637//4421
f 2637//4422 2634//4422 2638//4422
f 2637//4423 2638//4423 2639//4423
f 2554//4424 2555//4424 2638//4424
f 2638//4425 2555//4425 2640//4425
f 2638//4426 2640//4426 2639//4426
f 2486//4427 2485//4427 2641//4427
f 2641//4428 2485//4428 2642//4428
f 2641//4429 2642//4429 2643//4429
f 2643//4430 2642//4430 2644//4430
f 2644//4431 2642//4431 2645//4431
f 2645//4432 2642//4432 2646//4432
f 2645//4433 2646//4433 2647//4433
f 2496//4434 2495//4434 2646//4434
f 2646//4435 2495//4435 2648//4435
f 2646//4436 2648//4436 2647//4436
f 2649//4437 2650//4437 2651//4437
f 2649//3365 2652//3365 2650//3365
f 2650//3291 2652//3291 2653//3291
f 2650//4438 2653//4438 2654//4438
f 2653//3363 2655//3363 2654//3363
f 2654//3288 2655//3288 2656//3288
f 2654//4439 2656//4439 2657//4439
f 2656//3361 2658//3361 2657//3361
f 2657//3360 2658//3360 2659//3360
f 2657//4440 2659//4440 2660//4440
f 2659//3358 2661//3358 2660//3358
f 2660//3282 2661//3282 2662//3282
f 2660//4441 2662//4441 2663//4441
f 2662//3356 2664//3356 2663//3356
f 2663//3355 2664//3355 2665//3355
f 2663//4442 2665//4442 2666//4442
f 2665//3353 2667//3353 2666//3353
f 2666//3352 2667//3352 2668//3352
f 2666//4443 2668//4443 2669//4443
f 2668//3350 2670//3350 2669//3350
f 2669//3349 2670//3349 2671//3349
f 2669//4444 2671//4444 2672//4444
f 2671//3347 2673//3347 2672//3347
f 2672//3346 2673//3346 2674//3346
f 2672//4445 2674//4445 2675//4445
f 2674//3344 2676//3344 2675//3344
f 2675//3267 2676//3267 2677//3267
f 2675//4446 2677//4446 2678//4446
f 2677//3265 2679//3265 2678//3265
f 2678//3343 2679//3343 2680//3343
f 2678//4447 2680//4447 2681//4447
f 2680//3341 2682//3341 2681//3341
f 2681//3340 2682//3340 2683//3340
f 2681//4448 2683//4448 2651//4448
f 2651//3367 2683//3367 2684//3367
f 2651//3294 2684//3294 2649//3294
f 2677//4449 2676//4449 2685//4449
f 2685//4450 2676//4450 2686//4450
f 2686//4451 2676//4451 2674//4451
f 2686//4452 2674//4452 2687//4452
f 2687//4453 2674//4453 2673//4453
f 2687//4454 2673//4454 2688//4454
f 2685//4455 2689//4455 2677//4455
f 2677//4456 2689//4456 2690//4456
f 2677//4457 2690//4457 2679//4457
f 2679//4458 2690//4458 2556//4458
f 2679//4459 2556//4459 2680//4459
f 2680//4460 2556//4460 2558//4460
f 2680//4461 2558//4461 2682//4461
f 2682//4462 2558//4462 2559//4462
f 2688//4463 2673//4463 2576//4463
f 2576//4464 2673//4464 2671//4464
f 2576//4465 2671//4465 2577//4465
f 2577//4466 2671//4466 2670//4466
f 2577//4467 2670//4467 2590//4467
f 2590//4468 2670//4468 2668//4468
f 2590//4469 2668//4469 2627//4469
f 2668//4470 2667//4470 2627//4470
f 2627//4471 2667//4471 2665//4471
f 2627//4472 2665//4472 2628//4472
f 2665//4473 2664//4473 2628//4473
f 2628//4474 2664//4474 2662//4474
f 2628//4475 2662//4475 2629//4475
f 2629//4476 2662//4476 2661//4476
f 2629//4477 2661//4477 2630//4477
f 2661//4478 2659//4478 2630//4478
f 2630//4479 2659//4479 2658//4479
f 2630//4480 2658//4480 2563//4480
f 2563//4481 2658//4481 2656//4481
f 2563//4482 2656//4482 2564//4482
f 2656//4483 2655//4483 2564//4483
f 2564//4484 2655//4484 2653//4484
f 2564//4485 2653//4485 2567//4485
f 2653//4486 2652//4486 2567//4486
f 2567//4487 2652//4487 2649//4487
f 2567//4488 2649//4488 2593//4488
f 2593//4489 2649//4489 2684//4489
f 2593//4490 2684//4490 2559//4490
f 2559//4491 2684//4491 2683//4491
f 2559//4492 2683//4492 2682//4492
f 2691//4493 2692//4493 2693//4493
f 2691//3292 2694//3292 2692//3292
f 2692//3291 2694//3291 2695//3291
f 2692//4494 2695//4494 2696//4494
f 2695//3289 2697//3289 2696//3289
f 2696//3288 2697//3288 2698//3288
f 2696//4495 2698//4495 2699//4495
f 2698//3286 2700//3286 2699//3286
f 2699//3285 2700//3285 2701//3285
f 2699//4496 2701//4496 2702//4496
f 2701//3283 2703//3283 2702//3283
f 2702//3282 2703//3282 2704//3282
f 2702//4497 2704//4497 2705//4497
f 2704//3280 2706//3280 2705//3280
f 2705//3279 2706//3279 2707//3279
f 2705//4498 2707//4498 2708//4498
f 2707//3277 2709//3277 2708//3277
f 2708//3276 2709//3276 2710//3276
f 2708//4499 2710//4499 2711//4499
f 2710//3274 2712//3274 2711//3274
f 2711//3273 2712//3273 2713//3273
f 2711//4500 2713//4500 2714//4500
f 2713//3271 2715//3271 2714//3271
f 2714//3270 2715//3270 2716//3270
f 2714//4501 2716//4501 2717//4501
f 2716//3268 2718//3268 2717//3268
f 2717//3267 2718//3267 2719//3267
f 2717//4446 2719//4446 2720//4446
f 2719//3265 2721//3265 2720//3265
f 2720//3264 2721//3264 2722//3264
f 2720//4502 2722//4502 2723//4502
f 2722//3262 2724//3262 2723//3262
f 2723//3261 2724//3261 2725//3261
f 2723//4503 2725//4503 2693//4503
f 2693//3295 2725//3295 2726//3295
f 2693//3294 2726//3294 2691//3294
f 2727//4504 2728//4504 2701//4504
f 2701//4505 2728//4505 2703//4505
f 2727//4506 2701//4506 2729//4506
f 2729//4507 2701//4507 2700//4507
f 2729//4508 2700//4508 2730//4508
f 2730//4509 2700//4509 2698//4509
f 2730//4510 2698//4510 2731//4510
f 2731//4511 2698//4511 2697//4511
f 2731//4512 2697//4512 2595//4512
f 2601//4513 2600//4513 2724//4513
f 2724//4514 2722//4514 2601//4514
f 2601//4515 2722//4515 2721//4515
f 2601//4516 2721//4516 2565//4516
f 2565//4517 2721//4517 2719//4517
f 2565//4518 2719//4518 2631//4518
f 2719//4519 2718//4519 2631//4519
f 2631//4520 2718//4520 2716//4520
f 2631//4521 2716//4521 2632//4521
f 2632//4522 2716//4522 2715//4522
f 2632//4523 2715//4523 2581//4523
f 2715//4524 2713//4524 2581//4524
f 2581//4525 2713//4525 2712//4525
f 2581//4526 2712//4526 2583//4526
f 2583//4527 2712//4527 2710//4527
f 2583//4528 2710//4528 2585//4528
f 2710//4529 2709//4529 2585//4529
f 2585//4530 2709//4530 2707//4530
f 2585//4531 2707//4531 2619//4531
f 2728//4532 2732//4532 2703//4532
f 2703//4533 2732//4533 2617//4533
f 2703//4534 2617//4534 2704//4534
f 2704//4535 2617//4535 2619//4535
f 2704//4536 2619//4536 2706//4536
f 2706//4537 2619//4537 2707//4537
f 2595//4538 2697//4538 2596//4538
f 2596//4539 2697//4539 2695//4539
f 2596//4540 2695//4540 2598//4540
f 2695//4541 2694//4541 2598//4541
f 2598//4542 2694//4542 2691//4542
f 2598//4543 2691//4543 2599//4543
f 2599//4544 2691//4544 2726//4544
f 2599//4545 2726//4545 2600//4545
f 2600//4546 2726//4546 2725//4546
f 2600//4547 2725//4547 2724//4547
f 2412//4548 2733//4548 2421//4548
f 2421//4549 2733//4549 2734//4549
f 2421//4550 2734//4550 2419//4550
f 2419//4551 2734//4551 2735//4551
f 2419//4552 2735//4552 2417//4552
f 2417//4553 2735//4553 2736//4553
f 2417//4554 2736//4554 2458//4554
f 2458//4555 2736//4555 2737//4555
f 2458//4556 2737//4556 2456//4556
f 2456//1203 2737//1203 2738//1203
f 2456//1203 2738//1203 2462//1203
f 2462//4557 2738//4557 2739//4557
f 2462//4558 2739//4558 2440//4558
f 2440//4559 2739//4559 2740//4559
f 2440//4560 2740//4560 2441//4560
f 2441//4561 2740//4561 2741//4561
f 2441//4562 2741//4562 2443//4562
f 2443//4563 2741//4563 2742//4563
f 2443//4564 2742//4564 2464//4564
f 2464//4565 2742//4565 2743//4565
f 2464//4566 2743//4566 2465//4566
f 2465//4567 2743//4567 2744//4567
f 2465//4568 2744//4568 2466//4568
f 2466//4569 2744//4569 2745//4569
f 2466//4570 2745//4570 2446//4570
f 2446//4571 2745//4571 2746//4571
f 2446//4572 2746//4572 2445//4572
f 2445//4573 2746//4573 2747//4573
f 2445//4574 2747//4574 2409//4574
f 2409//4575 2747//4575 2748//4575
f 2409//4575 2748//4575 2411//4575
f 2411//1230 2748//1230 2749//1230
f 2411//1230 2749//1230 2453//1230
f 2453//4576 2749//4576 2750//4576
f 2453//4576 2750//4576 2451//4576
f 2451//4577 2750//4577 2751//4577
f 2451//4578 2751//4578 2475//4578
f 2475//4579 2751//4579 2752//4579
f 2475//4580 2752//4580 2416//4580
f 2416//4581 2752//4581 2753//4581
f 2416//4582 2753//4582 2414//4582
f 2414//4583 2753//4583 2754//4583
f 2414//4584 2754//4584 2412//4584
f 2412//4585 2754//4585 2733//4585
f 2755//1205 2748//1205 2756//1205
f 2756//4586 2748//4586 2747//4586
f 2756//4587 2747//4587 2757//4587
f 2757//4588 2747//4588 2746//4588
f 2757//1205 2746//1205 2758//1205
f 2758//1205 2746//1205 2745//1205
f 2758//4589 2745//4589 2759//4589
f 2759//4590 2745//4590 2744//4590
f 2759//1205 2744//1205 2760//1205
f 2760//1205 2744//1205 2743//1205
f 2760//1205 2743//1205 2761//1205
f 2761//1205 2743//1205 2742//1205
f 2761//1205 2742//1205 2762//1205
f 2762//1205 2742//1205 2741//1205
f 2762//4591 2741//4591 2763//4591
f 2763//1205 2741//1205 2740//1205
f 2763//1205 2740//1205 2764//1205
f 2764//1205 2740//1205 2739//1205
f 2764//4592 2739//4592 2765//4592
f 2739//4593 2738//4593 2765//4593
f 2765//1205 2738//1205 2737//1205
f 2765//1205 2737//1205 2766//1205
f 2766//1205 2737//1205 2736//1205
f 2766//1205 2736//1205 2767//1205
f 2767//4594 2736//4594 2735//4594
f 2767//1205 2735//1205 2768//1205
f 2768//1205 2735//1205 2734//1205
f 2768//1205 2734//1205 2769//1205
f 2769//1205 2734//1205 2733//1205
f 2769//1205 2733//1205 2770//1205
f 2770//1205 2733//1205 2754//1205
f 2770//1205 2754//1205 2771//1205
f 2771//1205 2754//1205 2753//1205
f 2771//1205 2753//1205 2772//1205
f 2772//1205 2753//1205 2752//1205
f 2772//4595 2752//4595 2773//4595
f 2773//1205 2752//1205 2751//1205
f 2773//1205 2751//1205 2774//1205
f 2774//1205 2751//1205 2750//1205
f 2774//4596 2750//4596 2755//4596
f 2755//1205 2750//1205 2749//1205
f 2755//1205 2749//1205 2748//1205
f 2770//4597 2775//4597 2769//4597
f 2769//4598 2775//4598 2776//4598
f 2769//4599 2776//4599 2768//4599
f 2768//4600 2776//4600 2777//4600
f 2768//4601 2777//4601 2767//4601
f 2767//4602 2777//4602 2778//4602
f 2767//4603 2778//4603 2766//4603
f 2766//4604 2778//4604 2779//4604
f 2766//4605 2779//4605 2765//4605
f 2765//4606 2779//4606 2780//4606
f 2765//4607 2780//4607 2764//4607
f 2764//4608 2780//4608 2781//4608
f 2764//4609 2781//4609 2763//4609
f 2763//4610 2781//4610 2782//4610
f 2763//4611 2782//4611 2762//4611
f 2762//4612 2782//4612 2783//4612
f 2762//4612 2783//4612 2761//4612
f 2761//4613 2783//4613 2784//4613
f 2761//4614 2784//4614 2760//4614
f 2760//4615 2784//4615 2785//4615
f 2760//4616 2785//4616 2759//4616
f 2759//4617 2785//4617 2786//4617
f 2759//4617 2786//4617 2758//4617
f 2758//4618 2786//4618 2787//4618
f 2758//4619 2787//4619 2757//4619
f 2757//4620 2787//4620 2788//4620
f 2757//4621 2788//4621 2756//4621
f 2756//4622 2788//4622 2789//4622
f 2756//4623 2789//4623 2755//4623
f 2755//4624 2789//4624 2790//4624
f 2755//4625 2790//4625 2774//4625
f 2774//4626 2790//4626 2791//4626
f 2774//4627 2791//4627 2773//4627
f 2773//4628 2791//4628 2792//4628
f 2773//4629 2792//4629 2772//4629
f 2772//4630 2792//4630 2793//4630
f 2772//4631 2793//4631 2771//4631
f 2771//4632 2793//4632 2794//4632
f 2771//4633 2794//4633 2770//4633
f 2770//4634 2794//4634 2775//4634
f 2795//1205 2796//1205 2797//1205
f 2795//1205 2797//1205 2798//1205
f 2799//1205 2800//1205 2797//1205
f 2797//1205 2800//1205 2801//1205
f 2797//1205 2801//1205 2798//1205
f 2802//1205 2803//1205 2797//1205
f 2797//4635 2803//4635 2804//4635
f 2797//4636 2804//4636 2799//4636
f 2805//1205 2806//1205 2797//1205
f 2797//1205 2806//1205 2807//1205
f 2797//1205 2807//1205 2802//1205
f 2808//4637 2809//4637 2797//4637
f 2797//4638 2809//4638 2810//4638
f 2797//1205 2810//1205 2805//1205
f 2811//1205 2812//1205 2797//1205
f 2797//4639 2812//4639 2813//4639
f 2797//4640 2813//4640 2808//4640
f 2796//1205 2814//1205 2797//1205
f 2797//4641 2814//4641 2815//4641
f 2797//4642 2815//4642 2811//4642
f 2794//4643 2810//4643 2775//4643
f 2775//4644 2810//4644 2809//4644
f 2775//4645 2809//4645 2776//4645
f 2776//4646 2809//4646 2808//4646
f 2776//4647 2808//4647 2777//4647
f 2777//4648 2808//4648 2813//4648
f 2777//4649 2813//4649 2778//4649
f 2778//4650 2813//4650 2812//4650
f 2778//4651 2812//4651 2779//4651
f 2779//4652 2812//4652 2811//4652
f 2779//4653 2811//4653 2780//4653
f 2780//4654 2811//4654 2815//4654
f 2780//4655 2815//4655 2781//4655
f 2781//4656 2815//4656 2814//4656
f 2781//4657 2814//4657 2782//4657
f 2782//4658 2814//4658 2796//4658
f 2782//4659 2796//4659 2783//4659
f 2783//4660 2796//4660 2795//4660
f 2783//4661 2795//4661 2784//4661
f 2784//4662 2795//4662 2798//4662
f 2784//4663 2798//4663 2785//4663
f 2785//4664 2798//4664 2801//4664
f 2785//4665 2801//4665 2786//4665
f 2786//4666 2801//4666 2800//4666
f 2786//4667 2800//4667 2787//4667
f 2787//4668 2800//4668 2799//4668
f 2787//4669 2799//4669 2788//4669
f 2788//4670 2799//4670 2804//4670
f 2788//4671 2804//4671 2789//4671
f 2789//4672 2804//4672 2803//4672
f 2789//4673 2803//4673 2790//4673
f 2790//4674 2803//4674 2802//4674
f 2790//4675 2802//4675 2791//4675
f 2791//4676 2802//4676 2807//4676
f 2791//4677 2807//4677 2792//4677
f 2792//4678 2807//4678 2806//4678
f 2792//4679 2806//4679 2793//4679
f 2793//4680 2806//4680 2805//4680
f 2793//4681 2805//4681 2794//4681
f 2794//4682 2805//4682 2810//4682
f 2553//3434 2552//3434 2816//3434
f 2816//4683 2552//4683 2817//4683
f 2818//4684 2819//4684 2817//4684
f 2817//3437 2819//3437 2820//3437
f 2817//3436 2820//3436 2816//3436
f 2821//4685 2822//4685 2823//4685
f 2823//4686 2822//4686 2824//4686
f 2823//4687 2824//4687 2818//4687
f 2818//4688 2824//4688 2825//4688
f 2818//4689 2825//4689 2819//4689
f 2821//4690 2823//4690 2826//4690
f 2826//4691 2823//4691 2827//4691
f 2826//3447 2827//3447 2828//3447
f 2828//3446 2827//3446 2829//3446
f 2829//4692 2827//4692 2483//4692
f 2829//3444 2483//3444 2484//3444
f 2482//3448 2481//3448 2830//3448
f 2830//4693 2481//4693 2831//4693
f 2832//4694 2833//4694 2831//4694
f 2831//3451 2833//3451 2834//3451
f 2831//3450 2834//3450 2830//3450
f 2835//4695 2836//4695 2837//4695
f 2837//4696 2836//4696 2838//4696
f 2837//4697 2838//4697 2832//4697
f 2832//4698 2838//4698 2839//4698
f 2832//4699 2839//4699 2833//4699
f 2835//4700 2837//4700 2840//4700
f 2840//4701 2837//4701 2841//4701
f 2840//3461 2841//3461 2842//3461
f 2842//3460 2841//3460 2843//3460
f 2843//4702 2841//4702 2487//4702
f 2843//3458 2487//3458 2488//3458
f 2560//4703 2844//4703 2845//4703
f 2844//4704 2846//4704 2847//4704
f 2846//4705 2848//4705 2849//4705
f 2850//4706 2551//4706 2633//4706
f 2635//4707 2851//4707 2633//4707
f 2633//4708 2851//4708 2852//4708
f 2633//4709 2852//4709 2850//4709
f 2635//4710 2636//4710 2851//4710
f 2851//4711 2636//4711 2637//4711
f 2851//4712 2637//4712 2853//4712
f 2853//4713 2637//4713 2639//4713
f 2853//4714 2639//4714 2854//4714
f 2639//4715 2640//4715 2854//4715
f 2854//4716 2640//4716 2555//4716
f 2854//4717 2555//4717 2855//4717
f 2855//4718 2856//4718 2854//4718
f 2854//4719 2856//4719 2857//4719
f 2854//4720 2857//4720 2853//4720
f 2853//4721 2857//4721 2858//4721
f 2853//4722 2858//4722 2851//4722
f 2851//4723 2858//4723 2849//4723
f 2851//4724 2849//4724 2852//4724
f 2852//4725 2849//4725 2848//4725
f 2852//4726 2848//4726 2850//4726
f 2846//4727 2849//4727 2847//4727
f 2847//4728 2849//4728 2858//4728
f 2847//4729 2858//4729 2859//4729
f 2859//4730 2858//4730 2857//4730
f 2859//4731 2857//4731 2860//4731
f 2860//4732 2857//4732 2856//4732
f 2860//4733 2856//4733 2861//4733
f 2855//4734 2862//4734 2856//4734
f 2856//4735 2862//4736 2863//4737
f 2856//4738 2863//4738 2861//4738
f 2861//4739 2863//4739 2864//4739
f 2861//4740 2864//4740 2865//4740
f 2844//4741 2847//4741 2845//4741
f 2845//4742 2847//4742 2859//4742
f 2845//4743 2859//4743 2866//4743
f 2866//4744 2859//4744 2860//4744
f 2866//4745 2860//4745 2867//4745
f 2867//4746 2860//4746 2861//4746
f 2867//4747 2861//4747 2868//4747
f 2868//4748 2861//4748 2865//4748
f 2868//4749 2865//4749 2869//4749
f 2560//4750 2845//4750 2561//4750
f 2561//4751 2845//4751 2866//4751
f 2561//4752 2866//4752 2572//4752
f 2572//4753 2866//4753 2867//4753
f 2572//4754 2867//4754 2573//4754
f 2573//4755 2867//4755 2868//4755
f 2573//4756 2868//4756 2574//4756
f 2574//4757 2868//4757 2869//4757
f 2574//4758 2869//4758 2597//4758
f 2729//4759 2870//4759 2727//4759
f 2727//4760 2870//4760 2871//4760
f 2727//4761 2871//4761 2728//4761
f 2865//4762 2730//4762 2731//4762
f 2595//4763 2597//4763 2731//4763
f 2731//4764 2597//4764 2869//4764
f 2731//4765 2869//4765 2865//4765
f 2729//4766 2730//4766 2870//4766
f 2870//4767 2730//4767 2865//4767
f 2870//4768 2865//4768 2872//4768
f 2872//4769 2865//4769 2864//4769
f 2872//4770 2864//4770 2873//4770
f 2873//4770 2864//4770 2863//4770
f 2873//4771 2863//4771 2874//4771
f 2874//4772 2863//4772 2862//4772
f 2874//4773 2862//4773 2875//4773
f 2875//4773 2862//4773 2855//4773
f 2875//4774 2855//4774 2553//4774
f 2553//4774 2855//4774 2555//4774
f 2499//4775 2506//4775 2876//4775
f 2500//4776 2507//4776 2877//4776
f 2509//4777 2510//4777 2878//4777
f 2493//4778 2492//4778 2879//4778
f 2513//4779 2514//4779 2880//4779
f 2522//4780 2523//4780 2881//4780
f 2531//4781 2538//4781 2882//4781
f 2532//4782 2539//4782 2883//4782
f 2490//4783 2489//4783 2884//4783
f 2545//4784 2546//4784 2885//4784
f 2609//4785 2614//4785 2886//4785
f 2886//4786 2614//4786 2887//4786
f 2886//4787 2887//4787 2888//4787
f 2888//4788 2887//4788 2889//4788
f 2888//4789 2889//4789 2890//4789
f 2890//4790 2889//4790 2891//4790
f 2890//4791 2891//4791 2892//4791
f 2892//4792 2891//4792 2885//4792
f 2613//4793 2612//4793 2893//4793
f 2893//4794 2612//4794 2894//4794
f 2893//4795 2894//4795 2895//4795
f 2895//4796 2894//4796 2896//4796
f 2895//4797 2896//4797 2897//4797
f 2897//4798 2896//4798 2898//4798
f 2897//4799 2898//4799 2899//4799
f 2899//4800 2898//4800 2883//4800
f 2610//4801 2562//4801 2900//4801
f 2900//4802 2562//4802 2901//4802
f 2900//4803 2901//4803 2902//4803
f 2902//4804 2901//4804 2903//4804
f 2902//4805 2903//4805 2904//4805
f 2904//4806 2903//4806 2905//4806
f 2904//4807 2905//4807 2906//4807
f 2906//4808 2905//4808 2882//4808
f 2602//4809 2579//4809 2907//4809
f 2907//4810 2579//4810 2908//4810
f 2907//4811 2908//4811 2909//4811
f 2909//4812 2908//4812 2910//4812
f 2909//4813 2910//4813 2911//4813
f 2911//4814 2910//4814 2912//4814
f 2911//4815 2912//4815 2913//4815
f 2913//4816 2912//4816 2881//4816
f 2594//4817 2569//4817 2914//4817
f 2914//4818 2569//4818 2915//4818
f 2914//4819 2915//4819 2916//4819
f 2916//4820 2915//4820 2917//4820
f 2916//4821 2917//4821 2918//4821
f 2918//4822 2917//4822 2919//4822
f 2918//4823 2919//4823 2920//4823
f 2920//4824 2919//4824 2880//4824
f 2622//4825 2608//4825 2921//4825
f 2921//4826 2608//4826 2922//4826
f 2921//4827 2922//4827 2923//4827
f 2923//4828 2922//4828 2924//4828
f 2923//4829 2924//4829 2925//4829
f 2925//4830 2924//4830 2926//4830
f 2925//4831 2926//4831 2927//4831
f 2927//4832 2926//4832 2876//4832
f 2560//4833 2609//4833 2844//4833
f 2844//4834 2609//4834 2886//4834
f 2844//4835 2886//4835 2846//4835
f 2846//4836 2886//4836 2888//4836
f 2846//4837 2888//4837 2848//4837
f 2848//4838 2888//4838 2890//4838
f 2848//4839 2890//4839 2850//4839
f 2850//4840 2890//4840 2892//4840
f 2850//4841 2892//4841 2551//4841
f 2551//4842 2892//4842 2549//4842
f 2885//4843 2546//4843 2892//4843
f 2892//4844 2546//4844 2548//4844
f 2892//4845 2548//4845 2549//4845
f 2543//4846 2545//4846 2928//4846
f 2928//4847 2545//4847 2885//4847
f 2928//4848 2885//4848 2929//4848
f 2929//4849 2885//4849 2891//4849
f 2929//4850 2891//4850 2930//4850
f 2930//4851 2891//4851 2889//4851
f 2930//4852 2889//4852 2931//4852
f 2931//4853 2889//4853 2887//4853
f 2931//4854 2887//4854 2616//4854
f 2616//4855 2887//4855 2614//4855
f 2616//4856 2615//4856 2931//4856
f 2931//4857 2615//4857 2932//4857
f 2931//4858 2932//4858 2930//4858
f 2930//4859 2932//4859 2933//4859
f 2930//4860 2933//4860 2929//4860
f 2929//4861 2933//4861 2934//4861
f 2929//4862 2934//4862 2928//4862
f 2928//4863 2934//4863 2884//4863
f 2928//4864 2884//4864 2543//4864
f 2543//4865 2884//4865 2489//4865
f 2542//4866 2490//4866 2899//4866
f 2899//4867 2490//4867 2884//4867
f 2899//4868 2884//4868 2897//4868
f 2897//4869 2884//4869 2934//4869
f 2897//4870 2934//4870 2895//4870
f 2895//4871 2934//4871 2933//4871
f 2895//4872 2933//4872 2893//4872
f 2893//4873 2933//4873 2932//4873
f 2893//4874 2932//4874 2613//4874
f 2613//4875 2932//4875 2615//4875
f 2883//4876 2539//4876 2899//4876
f 2899//4877 2539//4877 2541//4877
f 2899//4878 2541//4878 2542//4878
f 2533//4879 2532//4879 2935//4879
f 2935//4880 2532//4880 2883//4880
f 2935//4881 2883//4881 2936//4881
f 2936//4882 2883//4882 2898//4882
f 2936//4883 2898//4883 2937//4883
f 2937//4884 2898//4884 2896//4884
f 2937//4885 2896//4885 2938//4885
f 2938//4886 2896//4886 2894//4886
f 2938//4887 2894//4887 2611//4887
f 2611//4888 2894//4888 2612//4888
f 2611//4889 2610//4889 2938//4889
f 2938//4890 2610//4890 2900//4890
f 2938//4891 2900//4891 2937//4891
f 2937//4892 2900//4892 2902//4892
f 2937//4893 2902//4893 2936//4893
f 2936//4894 2902//4894 2904//4894
f 2936//4895 2904//4895 2935//4895
f 2935//4896 2904//4896 2906//4896
f 2935//4897 2906//4897 2533//4897
f 2533//4898 2906//4898 2535//4898
f 2882//4899 2538//4899 2906//4899
f 2906//4900 2538//4900 2537//4900
f 2906//4901 2537//4901 2535//4901
f 2529//4902 2531//4902 2939//4902
f 2939//4903 2531//4903 2882//4903
f 2939//4904 2882//4904 2940//4904
f 2940//4905 2882//4905 2905//4905
f 2940//4906 2905//4906 2941//4906
f 2941//4907 2905//4907 2903//4907
f 2941//4908 2903//4908 2942//4908
f 2942//4909 2903//4909 2901//4909
f 2942//4910 2901//4910 2566//4910
f 2566//4911 2901//4911 2562//4911
f 2566//4912 2603//4912 2942//4912
f 2942//4913 2603//4913 2943//4913
f 2942//4914 2943//4914 2941//4914
f 2941//4915 2943//4915 2944//4915
f 2941//4916 2944//4916 2940//4916
f 2940//4917 2944//4917 2945//4917
f 2940//4918 2945//4918 2939//4918
f 2939//4919 2945//4919 2946//4919
f 2939//4920 2946//4920 2529//4920
f 2529//4921 2946//4921 2528//4921
f 2603//4922 2602//4922 2943//4922
f 2943//4923 2602//4923 2907//4923
f 2943//4924 2907//4924 2944//4924
f 2944//4925 2907//4925 2909//4925
f 2944//4926 2909//4926 2945//4926
f 2945//4927 2909//4927 2911//4927
f 2945//4928 2911//4928 2946//4928
f 2946//4929 2911//4929 2913//4929
f 2946//4930 2913//4930 2528//4930
f 2528//4931 2913//4931 2526//4931
f 2881//4932 2523//4932 2913//4932
f 2913//4933 2523//4933 2525//4933
f 2913//4934 2525//4934 2526//4934
f 2520//4935 2522//4935 2947//4935
f 2947//4936 2522//4936 2881//4936
f 2947//4937 2881//4937 2948//4937
f 2948//4938 2881//4938 2912//4938
f 2948//4939 2912//4939 2949//4939
f 2949//4940 2912//4940 2910//4940
f 2949//4941 2910//4941 2950//4941
f 2950//4942 2910//4942 2908//4942
f 2950//4943 2908//4943 2578//4943
f 2578//4944 2908//4944 2579//4944
f 2578//4945 2587//4945 2950//4945
f 2950//4946 2587//4946 2951//4946
f 2950//4947 2951//4947 2949//4947
f 2949//4948 2951//4948 2952//4948
f 2949//4949 2952//4949 2948//4949
f 2948//4950 2952//4950 2953//4950
f 2948//4951 2953//4951 2947//4951
f 2947//4952 2953//4952 2954//4952
f 2947//4953 2954//4953 2520//4953
f 2520//4954 2954//4954 2519//4954
f 2587//4955 2594//4955 2951//4955
f 2951//4956 2594//4956 2914//4956
f 2951//4957 2914//4957 2952//4957
f 2952//4958 2914//4958 2916//4958
f 2952//4959 2916//4959 2953//4959
f 2953//4960 2916//4960 2918//4960
f 2953//4961 2918//4961 2954//4961
f 2954//4962 2918//4962 2920//4962
f 2954//4963 2920//4963 2519//4963
f 2519//4964 2920//4964 2517//4964
f 2880//4965 2514//4965 2920//4965
f 2920//4966 2514//4966 2516//4966
f 2920//4967 2516//4967 2517//4967
f 2511//4968 2513//4968 2955//4968
f 2955//4969 2513//4969 2880//4969
f 2955//4970 2880//4970 2956//4970
f 2956//4971 2880//4971 2919//4971
f 2956//4972 2919//4972 2957//4972
f 2957//4973 2919//4973 2917//4973
f 2957//4974 2917//4974 2958//4974
f 2958//4975 2917//4975 2915//4975
f 2958//4976 2915//4976 2606//4976
f 2606//4977 2915//4977 2569//4977
f 2606//4978 2624//4978 2958//4978
f 2958//4979 2624//4979 2959//4979
f 2958//4980 2959//4980 2957//4980
f 2957//4981 2959//4981 2960//4981
f 2957//4982 2960//4982 2956//4982
f 2956//4983 2960//4983 2961//4983
f 2956//4984 2961//4984 2955//4984
f 2955//4985 2961//4985 2879//4985
f 2955//4986 2879//4986 2511//4986
f 2511//4987 2879//4987 2492//4987
f 2510//4988 2493//4988 2878//4988
f 2878//4989 2493//4989 2879//4989
f 2878//4990 2879//4990 2962//4990
f 2962//4991 2879//4991 2961//4991
f 2962//4992 2961//4992 2963//4992
f 2963//4993 2961//4993 2960//4993
f 2963//4994 2960//4994 2964//4994
f 2964//4995 2960//4995 2959//4995
f 2964//4996 2959//4996 2626//4996
f 2626//4997 2959//4997 2624//4997
f 2507//4998 2509//4998 2877//4998
f 2877//4999 2509//4999 2878//4999
f 2877//5000 2878//5000 2965//5000
f 2965//5001 2878//5001 2962//5001
f 2965//5002 2962//5002 2966//5002
f 2966//5003 2962//5003 2963//5003
f 2966//5004 2963//5004 2967//5004
f 2967//5005 2963//5005 2964//5005
f 2967//5006 2964//5006 2625//5006
f 2625//5007 2964//5007 2626//5007
f 2501//5008 2500//5008 2968//5008
f 2968//5009 2500//5009 2877//5009
f 2968//5010 2877//5010 2969//5010
f 2969//5011 2877//5011 2965//5011
f 2969//5012 2965//5012 2970//5012
f 2970//5013 2965//5013 2966//5013
f 2970//5014 2966//5014 2971//5014
f 2971//5015 2966//5015 2967//5015
f 2971//5016 2967//5016 2623//5016
f 2623//5017 2967//5017 2625//5017
f 2623//5018 2622//5018 2971//5018
f 2971//5019 2622//5019 2921//5019
f 2971//5020 2921//5020 2970//5020
f 2970//5021 2921//5021 2923//5021
f 2970//5022 2923//5022 2969//5022
f 2969//5023 2923//5023 2925//5023
f 2969//5024 2925//5024 2968//5024
f 2968//5025 2925//5025 2927//5025
f 2968//5026 2927//5026 2501//5026
f 2501//5027 2927//5027 2503//5027
f 2876//5028 2506//5028 2927//5028
f 2927//5029 2506//5029 2505//5029
f 2927//5030 2505//5030 2503//5030
f 2497//5031 2499//5031 2972//5031
f 2972//5032 2499//5032 2876//5032
f 2972//5033 2876//5033 2973//5033
f 2973//5034 2876//5034 2926//5034
f 2973//5035 2926//5035 2974//5035
f 2974//5036 2926//5036 2924//5036
f 2974//5037 2924//5037 2975//5037
f 2975//5038 2924//5038 2922//5038
f 2975//5039 2922//5039 2607//5039
f 2607//5040 2922//5040 2608//5040
f 2607//5041 2605//5041 2975//5041
f 2975//5042 2605//5042 2976//5042
f 2975//5043 2976//5043 2974//5043
f 2974//5044 2976//5044 2977//5044
f 2974//5045 2977//5045 2973//5045
f 2973//5046 2977//5046 2978//5046
f 2973//5047 2978//5047 2972//5047
f 2972//5048 2978//5048 2979//5048
f 2972//5049 2979//5049 2497//5049
f 2497//5050 2979//5050 2495//5050
f 2820//5051 2819//5051 2980//5051
f 2825//5052 2824//5052 2981//5052
f 2821//5053 2826//5053 2982//5053
f 2617//5054 2732//5054 2983//5054
f 2983//5055 2732//5055 2728//5055
f 2582//5056 2584//5056 2984//5056
f 2984//5057 2584//5057 2985//5057
f 2984//5058 2985//5058 2986//5058
f 2986//5059 2985//5059 2987//5059
f 2728//5060 2871//5060 2983//5060
f 2983//5061 2871//5061 2870//5061
f 2983//5062 2870//5062 2988//5062
f 2988//5063 2870//5063 2872//5063
f 2988//5064 2872//5064 2989//5064
f 2990//5065 2991//5065 2992//5065
f 2992//5066 2991//5066 2993//5066
f 2992//5067 2993//5067 2987//5067
f 2987//5068 2993//5068 2994//5068
f 2987//5069 2994//5069 2986//5069
f 2584//5070 2586//5070 2985//5070
f 2985//5071 2586//5071 2995//5071
f 2985//5072 2995//5072 2987//5072
f 2987//5073 2995//5073 2996//5073
f 2987//5074 2996//5074 2992//5074
f 2992//5075 2996//5075 2997//5075
f 2992//5076 2997//5076 2990//5076
f 2990//5077 2997//5077 2982//5077
f 2829//5078 2484//5078 2990//5078
f 2990//5079 2484//5079 2998//5079
f 2990//5080 2998//5080 2991//5080
f 2982//5081 2826//5081 2990//5081
f 2990//5082 2826//5082 2828//5082
f 2990//5083 2828//5083 2829//5083
f 2822//5084 2821//5084 2999//5084
f 2999//5085 2821//5085 2982//5085
f 2999//5086 2982//5086 3000//5086
f 3000//5087 2982//5087 2997//5087
f 3000//5088 2997//5088 3001//5088
f 3001//5089 2997//5089 2996//5089
f 3001//5090 2996//5090 3002//5090
f 3002//5091 2996//5091 2995//5091
f 3002//5092 2995//5092 2621//5092
f 2621//5093 2995//5093 2586//5093
f 2621//5094 2620//5094 3002//5094
f 3002//5095 2620//5095 3003//5095
f 3002//5096 3003//5096 3001//5096
f 3001//5097 3003//5097 3004//5097
f 3001//5098 3004//5098 3000//5098
f 3000//5099 3004//5099 3005//5099
f 3000//5100 3005//5100 2999//5100
f 2999//5101 3005//5101 2981//5101
f 2999//5102 2981//5102 2822//5102
f 2822//5103 2981//5103 2824//5103
f 2819//5104 2825//5104 2980//5104
f 2980//5105 2825//5105 2981//5105
f 2980//5106 2981//5106 3006//5106
f 3006//5107 2981//5107 3005//5107
f 3006//5108 3005//5108 3007//5108
f 3007//5109 3005//5109 3004//5109
f 3007//5110 3004//5110 3008//5110
f 3008//5111 3004//5111 3003//5111
f 3008//5112 3003//5112 2618//5112
f 2618//5113 3003//5113 2620//5113
f 2816//5114 2820//5114 3009//5114
f 3009//5115 2820//5115 2980//5115
f 3009//5116 2980//5116 2989//5116
f 2989//5117 2980//5117 3006//5117
f 2989//5118 3006//5118 2988//5118
f 2988//5119 3006//5119 3007//5119
f 2988//5120 3007//5120 2983//5120
f 2983//5121 3007//5121 3008//5121
f 2983//5122 3008//5122 2617//5122
f 2617//5123 3008//5123 2618//5123
f 2872//5124 2873//5124 2989//5124
f 2989//5125 2873//5125 2874//5125
f 2989//5126 2874//5126 3009//5126
f 3009//5127 2874//5127 2875//5127
f 3009//5128 2875//5128 2816//5128
f 2816//5129 2875//5129 2553//5129
f 2647//5130 2648//5130 3010//5130
f 2643//5131 2644//5131 3011//5131
f 2643//5132 3011//5132 2641//5132
f 3012//5133 3013//5133 3014//5133
f 3014//5134 3013//5134 3015//5134
f 3016//5135 3017//5135 3015//5135
f 3015//5136 3017//5136 3018//5136
f 3015//5137 3018//5137 3014//5137
f 2568//5138 2557//5138 3019//5138
f 3019//5139 2557//5139 3020//5139
f 3019//5140 3020//5140 3016//5140
f 3016//5141 3020//5141 3021//5141
f 3016//5142 3021//5142 3017//5142
f 2570//5143 2568//5143 3022//5143
f 3022//5144 2568//5144 3019//5144
f 3022//5145 3019//5145 3023//5145
f 3023//5146 3019//5146 3016//5146
f 3023//5147 3016//5147 3024//5147
f 3024//5148 3016//5148 3015//5148
f 3024//5149 3015//5149 3011//5149
f 3011//5150 3015//5150 3013//5150
f 3011//5151 3013//5151 2641//5151
f 2641//5152 3013//5152 3012//5152
f 2641//5153 3012//5153 2486//5153
f 2644//5154 2645//5154 3011//5154
f 3011//5155 2645//5155 3025//5155
f 3011//5156 3025//5156 3024//5156
f 3024//5157 3025//5157 3026//5157
f 3024//5158 3026//5158 3023//5158
f 3023//5159 3026//5159 3027//5159
f 3023//5160 3027//5160 3022//5160
f 3022//5161 3027//5161 3028//5161
f 3022//5162 3028//5162 2570//5162
f 2570//5163 3028//5163 2571//5163
f 2645//5164 2647//5164 3025//5164
f 3025//5165 2647//5165 3010//5165
f 3025//5166 3010//5166 3026//5166
f 3026//5167 3010//5167 3029//5167
f 3026//5168 3029//5168 3027//5168
f 3027//5169 3029//5169 3030//5169
f 3027//5170 3030//5170 3028//5170
f 3028//5171 3030//5171 3031//5171
f 3028//5172 3031//5172 2571//5172
f 2571//5173 3031//5173 2604//5173
f 2648//5174 2495//5174 3010//5174
f 3010//5175 2495//5175 2979//5175
f 3010//5176 2979//5176 3029//5176
f 3029//5177 2979//5177 2978//5177
f 3029//5178 2978//5178 3030//5178
f 3030//5179 2978//5179 2977//5179
f 3030//5180 2977//5180 3031//5180
f 3031//5181 2977//5181 2976//5181
f 3031//5182 2976//5182 2604//5182
f 2604//5183 2976//5183 2605//5183
f 2580//5184 2582//5184 3032//5184
f 3032//5184 2582//5184 2984//5184
f 3032//5185 2984//5185 3033//5185
f 3033//5185 2984//5185 2986//5185
f 3033//5186 2986//5186 3034//5186
f 3034//5186 2986//5186 2994//5186
f 3034//5187 2994//5187 3035//5187
f 3035//5187 2994//5187 2993//5187
f 3035//5188 2993//5188 3036//5188
f 3036//5189 2993//5189 2991//5189
f 3036//5190 2991//5190 3037//5190
f 3037//5190 2991//5190 2998//5190
f 3037//5191 2998//5191 2482//5191
f 2482//5192 2998//5192 2484//5192
f 2557//5193 2556//5193 3020//5193
f 3020//5194 2556//5194 2690//5194
f 3020//5195 2690//5195 3021//5195
f 2689//5196 2685//5196 3038//5196
f 3038//5197 2685//5197 2686//5197
f 3038//5198 2686//5198 3039//5198
f 3039//5199 2686//5199 2687//5199
f 2690//5200 2689//5200 3021//5200
f 3021//5201 2689//5201 3038//5201
f 3021//5202 3038//5202 3017//5202
f 3017//5203 3038//5203 3040//5203
f 3017//5204 3040//5204 3018//5204
f 3018//5204 3040//5204 3041//5204
f 3018//5205 3041//5205 3014//5205
f 3014//5206 3041//5206 3042//5206
f 3014//5207 3042//5207 3012//5207
f 3012//5207 3042//5207 3043//5207
f 3012//5208 3043//5208 2486//5208
f 2486//5208 3043//5208 2488//5208
f 2834//5209 2833//5209 3044//5209
f 2839//5210 2838//5210 3045//5210
f 2835//5211 2840//5211 3046//5211
f 3047//5212 2588//5212 2580//5212
f 2576//5213 2575//5213 3048//5213
f 2687//5214 2688//5214 3039//5214
f 3039//5215 2688//5215 3049//5215
f 3039//5216 3049//5216 3038//5216
f 3038//5217 3049//5217 3050//5217
f 2580//5218 3032//5218 3047//5218
f 3047//5219 3032//5219 3033//5219
f 3047//5220 3033//5220 3051//5220
f 3051//5221 3033//5221 3034//5221
f 3051//5222 3034//5222 3052//5222
f 3053//5223 3042//5223 3054//5223
f 3054//5224 3042//5224 3041//5224
f 3054//5225 3041//5225 3050//5225
f 3050//5226 3041//5226 3040//5226
f 3050//5227 3040//5227 3038//5227
f 2688//5228 2576//5228 3049//5228
f 3049//5229 2576//5229 3048//5229
f 3049//5230 3048//5230 3050//5230
f 3050//5231 3048//5231 3055//5231
f 3050//5232 3055//5232 3054//5232
f 3054//5233 3055//5233 3056//5233
f 3054//5234 3056//5234 3053//5234
f 3053//5235 3056//5235 3046//5235
f 2843//5236 2488//5236 3053//5236
f 3053//5237 2488//5237 3043//5237
f 3053//5238 3043//5238 3042//5238
f 3046//5239 2840//5239 3053//5239
f 3053//5240 2840//5240 2842//5240
f 3053//5241 2842//5241 2843//5241
f 2836//5242 2835//5242 3057//5242
f 3057//5243 2835//5243 3046//5243
f 3057//5244 3046//5244 3058//5244
f 3058//5245 3046//5245 3056//5245
f 3058//5246 3056//5246 3059//5246
f 3059//5247 3056//5247 3055//5247
f 3059//5248 3055//5248 3060//5248
f 3060//5249 3055//5249 3048//5249
f 3060//5250 3048//5250 2592//5250
f 2592//5251 3048//5251 2575//5251
f 2592//5252 2591//5252 3060//5252
f 3060//5253 2591//5253 3061//5253
f 3060//5254 3061//5254 3059//5254
f 3059//5255 3061//5255 3062//5255
f 3059//5256 3062//5256 3058//5256
f 3058//5257 3062//5257 3063//5257
f 3058//5258 3063//5258 3057//5258
f 3057//5259 3063//5259 3045//5259
f 3057//5260 3045//5260 2836//5260
f 2836//5261 3045//5261 2838//5261
f 2833//5262 2839//5262 3044//5262
f 3044//5263 2839//5263 3045//5263
f 3044//5264 3045//5264 3064//5264
f 3064//5265 3045//5265 3063//5265
f 3064//5266 3063//5266 3065//5266
f 3065//5267 3063//5267 3062//5267
f 3065//5268 3062//5268 3066//5268
f 3066//5269 3062//5269 3061//5269
f 3066//5270 3061//5270 2589//5270
f 2589//5271 3061//5271 2591//5271
f 2830//5272 2834//5272 3067//5272
f 3067//5273 2834//5273 3044//5273
f 3067//5274 3044//5274 3052//5274
f 3052//5275 3044//5275 3064//5275
f 3052//5276 3064//5276 3051//5276
f 3051//5277 3064//5277 3065//5277
f 3051//5278 3065//5278 3047//5278
f 3047//5279 3065//5279 3066//5279
f 3047//5280 3066//5280 2588//5280
f 2588//5281 3066//5281 2589//5281
f 3034//5282 3035//5282 3052//5282
f 3052//5283 3035//5283 3036//5283
f 3052//5284 3036//5284 3067//5284
f 3067//5285 3036//5285 3037//5285
f 3067//5286 3037//5286 2830//5286
f 2830//5287 3037//5287 2482//5287
f 2406//5288 2481//5288 2435//5288
f 2435//5288 2481//5288 2483//5288
f 2397//5289 2487//5289 2841//5289
f 2397//5290 2841//5290 2399//5290
f 2399//5291 2841//5291 2837//5291
f 2399//5292 2837//5292 2401//5292
f 2401//5293 2837//5293 2832//5293
f 2401//5294 2832//5294 2403//5294
f 2403//5295 2832//5295 2831//5295
f 2403//5296 2831//5296 2404//5296
f 2404//5297 2831//5297 2481//5297
f 2404//5298 2481//5298 2406//5298
f 2435//5299 2483//5299 2827//5299
f 2435//5300 2827//5300 2433//5300
f 2433//5301 2827//5301 2823//5301
f 2433//5302 2823//5302 2431//5302
f 2431//5303 2823//5303 2818//5303
f 2431//5304 2818//5304 2430//5304
f 2430//5305 2818//5305 2817//5305
f 2430//5306 2817//5306 2428//5306
f 2428//5307 2817//5307 2552//5307
f 2428//5308 2552//5308 2426//5308
f 2395//5309 2485//5309 2397//5309
f 2397//5309 2485//5309 2487//5309
f 2554//5310 2424//5310 2552//5310
f 2552//5310 2424//5310 2426//5310
f 2485//5311 2395//5311 2642//5311
f 2642//5312 2395//5312 2467//5312
f 2642//5313 2467//5313 2646//5313
f 2646//5314 2467//5314 2408//5314
f 2646//5315 2408//5315 2496//5315
f 2496//5316 2408//5316 2410//5316
f 2550//5317 2478//5317 2634//5317
f 2634//5318 2478//5318 2463//5318
f 2634//5319 2463//5319 2638//5319
f 2638//5320 2463//5320 2461//5320
f 2638//5321 2461//5321 2554//5321
f 2554//5322 2461//5322 2424//5322
f 2478//5323 2550//5323 2547//5323
f 2478//5324 2547//5324 2479//5324
f 2479//5325 2547//5325 2544//5325
f 2479//5326 2544//5326 2480//5326
f 2480//5327 2544//5327 2491//5327
f 2480//5328 2491//5328 2457//5328
f 2457//5329 2491//5329 2540//5329
f 2457//5330 2540//5330 2459//5330
f 2459//5331 2540//5331 2534//5331
f 2459//5332 2534//5332 2460//5332
f 2460//5333 2534//5333 2536//5333
f 2460//5334 2536//5334 2418//5334
f 2418//5335 2536//5335 2530//5335
f 2418//5336 2530//5336 2420//5336
f 2420//5337 2530//5337 2527//5337
f 2420//5338 2527//5338 2422//5338
f 2422//5339 2527//5339 2524//5339
f 2422//5340 2524//5340 2423//5340
f 2423//5341 2524//5341 2521//5341
f 2423//5342 2521//5342 2413//5342
f 2413//5343 2521//5343 2518//5343
f 2413//5344 2518//5344 2415//5344
f 2415//5345 2518//5345 2515//5345
f 2415//5346 2515//5346 2473//5346
f 2473//5347 2515//5347 2512//5347
f 2473//5348 2512//5348 2474//5348
f 2474//5349 2512//5349 2494//5349
f 2474//5350 2494//5350 2476//5350
f 2476//5351 2494//5351 2508//5351
f 2476//5352 2508//5352 2477//5352
f 2477//5353 2508//5353 2502//5353
f 2477//5354 2502//5354 2452//5354
f 2452//5355 2502//5355 2504//5355
f 2452//5356 2504//5356 2454//5356
f 2454//5357 2504//5357 2498//5357
f 2454//5358 2498//5358 2455//5358
f 2455//5359 2498//5359 2496//5359
f 2455//5360 2496//5360 2410//5360
f 2699//5361 3068//5361 2696//5361
f 2696//5362 3068//5362 3069//5362
f 2696//1205 3069//1205 2692//1205
f 2692//1205 3069//1205 3070//1205
f 2692//1205 3070//1205 2693//1205
f 2693//1205 3070//1205 3071//1205
f 2693//1205 3071//1205 2723//1205
f 2723//1205 3071//1205 3072//1205
f 2723//1205 3072//1205 2720//1205
f 2720//1205 3072//1205 3073//1205
f 2720//1205 3073//1205 2717//1205
f 3073//5363 3074//5363 2717//5363
f 2717//1205 3074//1205 3075//1205
f 2717//5364 3075//5364 2714//5364
f 2714//1205 3075//1205 3076//1205
f 2714//1205 3076//1205 2711//1205
f 2711//1205 3076//1205 3077//1205
f 2711//1205 3077//1205 2708//1205
f 2708//1205 3077//1205 3078//1205
f 2708//1205 3078//1205 2705//1205
f 2705//1205 3078//1205 3079//1205
f 2705//5365 3079//5365 2702//5365
f 2702//1205 3079//1205 3080//1205
f 2702//5366 3080//5366 2699//5366
f 2699//5367 3080//5367 3081//5367
f 2699//1205 3081//1205 3068//1205
f 2447//4106 3082//4106 2468//4106
f 2468//5368 3082//5368 3083//5368
f 2468//5369 3083//5369 2469//5369
f 2469//5370 3083//5370 3084//5370
f 2469//5371 3084//5371 2425//5371
f 2425//1203 3084//1203 3085//1203
f 2425//1203 3085//1203 2427//1203
f 2427//5372 3085//5372 3086//5372
f 2427//5373 3086//5373 2429//5373
f 2429//5374 3086//5374 3087//5374
f 2429//5375 3087//5375 2432//5375
f 2432//4097 3087//4097 3088//4097
f 2432//4096 3088//4096 2434//4096
f 2434//4121 3088//4121 3089//4121
f 2434//5376 3089//5376 2436//5376
f 2436//5377 3089//5377 3090//5377
f 2436//5378 3090//5378 2437//5378
f 2437//4091 3090//4091 3091//4091
f 2437//4090 3091//4090 2438//4090
f 2438//1230 3091//1230 3092//1230
f 2438//1230 3092//1230 2470//1230
f 2470//4089 3092//4089 3093//4089
f 2470//4088 3093//4088 2450//4088
f 2450//5379 3093//5379 3094//5379
f 2450//5380 3094//5380 2449//5380
f 2449//4112 3094//4112 3095//4112
f 2449//5381 3095//5381 2447//5381
f 2447//4107 3095//4107 3082//4107
f 2657//5382 3096//5382 2654//5382
f 2654//5383 3096//5383 3097//5383
f 2654//1205 3097//1205 2650//1205
f 2650//1205 3097//1205 3098//1205
f 2650//1205 3098//1205 2651//1205
f 2651//1205 3098//1205 3099//1205
f 2651//1205 3099//1205 2681//1205
f 2681//1205 3099//1205 3100//1205
f 2681//1205 3100//1205 2678//1205
f 2678//1205 3100//1205 3101//1205
f 2678//1205 3101//1205 2675//1205
f 3101//1205 3102//1205 2675//1205
f 2675//1205 3102//1205 3103//1205
f 2675//1205 3103//1205 2672//1205
f 2672//5384 3103//5384 3104//5384
f 2672//1205 3104//1205 2669//1205
f 2669//1205 3104//1205 3105//1205
f 2669//1205 3105//1205 2666//1205
f 2666//1205 3105//1205 3106//1205
f 2666//1205 3106//1205 2663//1205
f 2663//1205 3106//1205 3107//1205
f 2663//1205 3107//1205 2660//1205
f 2660//1205 3107//1205 3108//1205
f 2660//1205 3108//1205 2657//1205
f 2657//5385 3108//5385 3109//5385
f 2657//1205 3109//1205 3096//1205
f 2444//5386 3110//5386 2442//5386
f 2442//5387 3110//5387 3111//5387
f 2442//5388 3111//5388 2448//5388
f 2448//5370 3111//5370 3112//5370
f 2448//5371 3112//5371 2471//5371
f 2471//1203 3112//1203 3113//1203
f 2471//1203 3113//1203 2472//1203
f 2472//5372 3113//5372 3114//5372
f 2472//5373 3114//5373 2439//5373
f 2439//5389 3114//5389 3115//5389
f 2439//5390 3115//5390 2407//5390
f 2407//5391 3115//5391 3116//5391
f 2407//5392 3116//5392 2405//5392
f 2405//4121 3116//4121 3117//4121
f 2405//4094 3117//4094 2402//4094
f 2402//5393 3117//5393 3118//5393
f 2402//5394 3118//5394 2400//5394
f 2400//4118 3118//4118 3119//4118
f 2400//4117 3119//4117 2398//4117
f 2398//1230 3119//1230 3120//1230
f 2398//1230 3120//1230 2396//1230
f 2396//4116 3120//4116 3121//4116
f 2396//4115 3121//4115 2393//4115
f 2393//5395 3121//5395 3122//5395
f 2393//5396 3122//5396 2394//5396
f 2394//4112 3122//4112 3123//4112
f 2394//4108 3123//4108 2444//4108
f 2444//5397 3123//5397 3110//5397
f 3095//5398 3070//5398 3082//5398
f 3082//5399 3070//5399 3069//5399
f 3082//5400 3069//5400 3083//5400
f 3083//5401 3069//5401 3068//5401
f 3083//5402 3068//5402 3084//5402
f 3084//5403 3068//5404 3081//5405
f 3084//5406 3081//5406 3085//5406
f 3085//5407 3081//5407 3080//5407
f 3085//5408 3080//5408 3086//5408
f 3086//5409 3080//5409 3079//5409
f 3086//5410 3079//5410 3087//5410
f 3087//5411 3079//5411 3078//5411
f 3087//5412 3078//5412 3088//5412
f 3088//5413 3078//5413 3077//5413
f 3088//5414 3077//5414 3089//5414
f 3089//5415 3077//5415 3076//5415
f 3089//5416 3076//5416 3090//5416
f 3090//5417 3076//5417 3075//5417
f 3090//5418 3075//5418 3091//5418
f 3091//5419 3075//5419 3074//5419
f 3091//5420 3074//5420 3092//5420
f 3092//5421 3074//5421 3073//5421
f 3092//5422 3073//5422 3093//5422
f 3093//5423 3073//5423 3072//5423
f 3093//5424 3072//5424 3094//5424
f 3094//5425 3072//5425 3071//5425
f 3094//5426 3071//5426 3095//5426
f 3095//5427 3071//5427 3070//5427
f 3123//5428 3098//5428 3110//5428
f 3110//5429 3098//5429 3097//5429
f 3110//5430 3097//5430 3111//5430
f 3111//5431 3097//5431 3096//5431
f 3111//5432 3096//5432 3112//5432
f 3112//5433 3096//5433 3109//5433
f 3112//5434 3109//5434 3113//5434
f 3113//5435 3109//5435 3108//5435
f 3113//5436 3108//5436 3114//5436
f 3114//5437 3108//5437 3107//5437
f 3114//5438 3107//5438 3115//5438
f 3115//5439 3107//5439 3106//5439
f 3115//5440 3106//5440 3116//5440
f 3116//5441 3106//5441 3105//5441
f 3116//5442 3105//5442 3117//5442
f 3117//5415 3105//5415 3104//5415
f 3117//5443 3104//5443 3118//5443
f 3118//5444 3104//5444 3103//5444
f 3118//5445 3103//5445 3119//5445
f 3119//5446 3103//5446 3102//5446
f 3119//5447 3102//5447 3120//5447
f 3120//5448 3102//5448 3101//5448
f 3120//5449 3101//5449 3121//5449
f 3121//5450 3101//5450 3100//5450
f 3121//5451 3100//5451 3122//5451
f 3122//5452 3100//5452 3099//5452
f 3122//5453 3099//5453 3123//5453
f 3123//5454 3099//5454 3098//5454
# Vertices: 3123, normals: 5454, texture coordinates: 0, faces: 6306

